Marca temporal,Fecha,Tienda,Departamento,Sector sucursal,Estacionamiento [Había guardia de seguridad en el área de estacionamiento.],Estacionamiento [El guardia de seguridad del estacionamiento se encontraba prestando atención al entorno.],Estacionamiento [Todos los espacios de estacionamiento estaban disponibles para los clientes.],Bienvenida [Habían suficientes elementos disponibles en el área de bienvenida.],Bienvenida [Los elementos del área de bienvenida estaban limpios y sin residuos de basura o comida.],Bienvenida [El personal del área de bienvenida se mostró amable y dio la bienvenida.],Bienvenida [El personal del área de bienvenida dio la bienvenida y ofreció atención.],Bienvenida [Los elementos del área de bienvenida se desplazaban correctamente.],"Pasillo central [El pasillo central estaba limpio (sin basura, sin restos de producto o cosas ajenas al área).]",Pasillo central [Alguna exhibición del pasillo central estaba vacía o sin producto.],Sector 1 [Había mal olor en el Sector 1.],"Sector 1 [En el área de mostrador del Sector 1, cuando se llamó al personal atendió rápidamente.]",Sector 1 [El personal del Sector 1 fue amable.],Sector 1 [El personal del Sector 1 mostró conocimiento cuando se le preguntó algo relacionado al Sector 1.],"Sector 1 [El Sector 1 estaba limpio (sin basura, sin restos de producto o cosas ajenas al área).]","Sector 2 [El Sector 2 estaba limpio (sin basura, sin restos de producto o cosas ajenas al área).]",Sector 2 [El personal del Sector 2 fue amable.],Sector 2 [El personal del Sector 2 mostró conocimiento cuando se le preguntó algo relacionado a su área.],Sector 3 [La exhibición del Sector 3 está completa (no hay canastas o bandejas vacías).],"Sector 3 [El Sector 3 estaba limpio (sin basura, sin restos de producto o cosas ajenas al área).]","Pasillo secundario [El pasillo secundario está limpio (sin basura, sin restos de producto o cosas ajenas al área).]","Pasillo secundario [Hay cajas o algún otro objeto que obstaculiza el paso en el pasillo secundario, sin que haya alguien trabajando con ello.]","Pasillo secundario [Al preguntar al personal del pasillo secundario donde ubicar un producto, ¿lo guiaron hacia el producto?]",Cobro [Encontró un punto de cobro disponible rápidamente.],Cobro [El personal de cobro saludó cordialmente.],Cobro [El personal de cobro fue amable durante toda la transacción.],Cobro [El personal de cobro ofreció productos en el área de cobro.],Cobro [El personal de cobro dejó de ofrecer productos adicionales cuando se le indicó que no estaba interesado.],Cobro [El personal de cobro reaccionó amablemente cuando se le pidió retirar algún producto de la transacción.],Cobro [El personal de cobro agradeció mi compra y se despidió.],Empaque [Las opciones de empaque son suficientes para diferentes ocasiones.],Empaque [El personal de empaque fue amable y ágil para realizar mi empaque.],Sanitarios [El sanitario estaba disponible para los clientes en todo momento (sin llave).],"Sanitarios [Había suficientes suministros en el sanitario (agua, jabón y papel).]","Sanitarios [Funcionan correctamente el inodoro, lavamanos y secador de manos en los sanitarios.]",Sanitarios [Estaba llena y actualizada la hoja de limpieza de los sanitarios.],Sanitarios [El sanitario olía bien.],"Experiencia [El ambiente (iluminación, diseño, música y aroma) es agradable y acorde a la experiencia.]","Experiencia [En general, el personal es agradable, atento y servicial.]",Experiencia [La misión de mi visita se cumplió y fue gracias a la buena asesoría y atención del personal.],Comentarios,Hallazgo grave
2025-01-03 14:05:07,03/01/2025,Sucursal Centro,Guatemala,Distrito Metro,SÍ,SÍ,SÍ,SÍ,SÍ,SÍ,SÍ,SÍ,SÍ,NO,NO,SÍ,SÍ,SÍ,SÍ,SÍ,SÍ,NO,NO,SÍ,SÍ,NO,SÍ,SÍ,SÍ,SÍ,SÍ,SÍ,SÍ,SÍ,SÍ,NO,SÍ,SÍ,SÍ,SÍ,SÍ,SÍ,SÍ,SÍ,Excelente servicio. La sucursal está operando en óptimas condiciones.,
2025-01-26 10:18:19,26/01/2025,Sucursal Norte,Guatemala,Distrito Metro,SÍ,SÍ,NO,SÍ,NO,SÍ,SÍ,SÍ,NO,SÍ,NO,SÍ,NO,SÍ,SÍ,NO,SÍ,NO,NO,SÍ,SÍ,SÍ,NO,NO,NO,SÍ,SÍ,SÍ,NO,SÍ,SÍ,SÍ,SÍ,SÍ,SÍ,SÍ,NO,SÍ,SÍ,NO,,
2025-01-20 15:07:06,20/01/2025,Sucursal Sur,Guatemala,Distrito Metro,NO,SÍ,SÍ,SÍ,SÍ,SÍ,SÍ,NO,SÍ,SÍ,NO,SÍ,SÍ,SÍ,NO,NO,SÍ,SÍ,NO,NO,SÍ,NO,NO,NO,NO,SÍ,SÍ,SÍ,NO,SÍ,SÍ,SÍ,SÍ,SÍ,SÍ,SÍ,NO,NO,SÍ,SÍ,,
2025-01-27 17:01:25,27/01/2025,Sucursal Las Palmas,Guatemala,Distrito Metro,SÍ,SÍ,SÍ,SÍ,SÍ,SÍ,SÍ,SÍ,SÍ,NO,NO,SÍ,SÍ,SÍ,SÍ,SÍ,SÍ,SÍ,NO,SÍ,SÍ,NO,SÍ,SÍ,SÍ,SÍ,SÍ,SÍ,SÍ,SÍ,SÍ,SÍ,SÍ,SÍ,SÍ,SÍ,SÍ,SÍ,SÍ,NO,Excelente servicio. La sucursal está operando en óptimas condiciones.,
2025-01-19 08:55:18,19/01/2025,Sucursal Pradera,Guatemala,Distrito Metro,NO,SÍ,SÍ,NO,NO,NO,NO,SÍ,SÍ,NO,SÍ,NO,NO,SÍ,NO,NO,NO,NO,NO,SÍ,NO,NO,SÍ,SÍ,SÍ,NO,NO,NO,SÍ,NO,NO,SÍ,NO,SÍ,NO,NO,SÍ,SÍ,NO,NO,"Se notaron deficiencias considerables, especialmente en Cobro. El personal necesita capacitación.",
2025-01-16 15:15:54,16/01/2025,Sucursal Majadas,Guatemala,Distrito Metro,NO,NO,NO,NO,NO,NO,SÍ,NO,NO,SÍ,SÍ,NO,SÍ,SÍ,SÍ,SÍ,SÍ,NO,SÍ,SÍ,NO,NO,SÍ,NO,NO,SÍ,NO,SÍ,SÍ,NO,NO,SÍ,NO,NO,NO,SÍ,SÍ,NO,NO,NO,"Se notaron deficiencias considerables, especialmente en Cobro. El personal necesita capacitación.",Incidencia grave en Cobro: Condiciones inaceptables de servicio o infraestructura.
2025-01-23 16:34:40,23/01/2025,Sucursal Vista Hermosa,Guatemala,Distrito Metro,SÍ,SÍ,SÍ,SÍ,SÍ,SÍ,SÍ,NO,SÍ,NO,SÍ,SÍ,SÍ,SÍ,SÍ,SÍ,SÍ,SÍ,SÍ,SÍ,SÍ,NO,NO,NO,SÍ,SÍ,SÍ,SÍ,NO,SÍ,SÍ,SÍ,SÍ,SÍ,SÍ,SÍ,SÍ,SÍ,SÍ,SÍ,,
2025-01-22 11:16:06,22/01/2025,Sucursal Cayalá,Guatemala,Distrito Metro,NO,SÍ,SÍ,SÍ,SÍ,SÍ,SÍ,NO,SÍ,NO,NO,SÍ,SÍ,SÍ,SÍ,NO,SÍ,SÍ,NO,SÍ,NO,NO,NO,SÍ,NO,SÍ,NO,SÍ,NO,SÍ,SÍ,NO,SÍ,SÍ,SÍ,SÍ,SÍ,SÍ,NO,SÍ,,
2025-01-08 13:11:23,08/01/2025,Sucursal Américas,Guatemala,Distrito Metro,SÍ,SÍ,SÍ,SÍ,SÍ,SÍ,SÍ,NO,NO,NO,NO,SÍ,SÍ,SÍ,SÍ,SÍ,SÍ,SÍ,NO,SÍ,SÍ,NO,SÍ,SÍ,SÍ,SÍ,NO,SÍ,SÍ,SÍ,SÍ,SÍ,SÍ,SÍ,SÍ,SÍ,SÍ,SÍ,SÍ,NO,Excelente servicio. La sucursal está operando en óptimas condiciones.,
2025-01-23 12:52:36,23/01/2025,Sucursal Roosevelt,Guatemala,Distrito Metro,NO,SÍ,SÍ,SÍ,SÍ,SÍ,SÍ,NO,NO,NO,NO,SÍ,SÍ,SÍ,NO,SÍ,NO,NO,SÍ,SÍ,SÍ,NO,NO,SÍ,NO,NO,SÍ,NO,SÍ,SÍ,SÍ,SÍ,NO,SÍ,SÍ,NO,SÍ,SÍ,NO,NO,,
2025-01-17 11:23:04,17/01/2025,Sucursal Portales,Guatemala,Distrito Metro,NO,SÍ,SÍ,SÍ,SÍ,SÍ,SÍ,SÍ,SÍ,NO,NO,SÍ,SÍ,NO,SÍ,SÍ,SÍ,SÍ,NO,SÍ,SÍ,NO,SÍ,SÍ,SÍ,SÍ,SÍ,SÍ,SÍ,NO,SÍ,SÍ,NO,NO,SÍ,SÍ,NO,SÍ,SÍ,SÍ,,
2025-01-26 14:13:23,26/01/2025,Sucursal Naranjo,Guatemala,Distrito Metro,SÍ,SÍ,SÍ,SÍ,SÍ,NO,NO,SÍ,NO,NO,NO,SÍ,NO,SÍ,SÍ,SÍ,SÍ,SÍ,NO,SÍ,SÍ,NO,SÍ,SÍ,NO,SÍ,SÍ,SÍ,SÍ,SÍ,NO,SÍ,SÍ,SÍ,SÍ,NO,SÍ,SÍ,SÍ,SÍ,,
2025-01-24 14:08:54,24/01/2025,Sucursal San Cristóbal,Guatemala,Distrito Metro,SÍ,SÍ,NO,NO,NO,NO,NO,SÍ,NO,SÍ,SÍ,NO,NO,NO,NO,NO,SÍ,NO,NO,NO,NO,SÍ,NO,SÍ,NO,NO,SÍ,NO,NO,NO,NO,NO,SÍ,NO,SÍ,SÍ,SÍ,SÍ,NO,NO,"Se notaron deficiencias considerables, especialmente en Cobro. El personal necesita capacitación.",
2025-01-05 09:13:52,05/01/2025,Sucursal Muxbal,Guatemala,Distrito Metro,SÍ,NO,SÍ,SÍ,SÍ,SÍ,SÍ,SÍ,SÍ,NO,NO,SÍ,SÍ,SÍ,SÍ,SÍ,NO,SÍ,NO,SÍ,SÍ,NO,SÍ,SÍ,SÍ,NO,SÍ,SÍ,NO,SÍ,SÍ,NO,SÍ,SÍ,SÍ,SÍ,SÍ,SÍ,NO,SÍ,"Visita dentro del promedio, con áreas de oportunidad.",
2025-01-27 14:32:03,27/01/2025,Sucursal Carretera,Guatemala,Distrito Metro,NO,NO,NO,SÍ,NO,SÍ,NO,SÍ,SÍ,SÍ,NO,SÍ,NO,NO,NO,SÍ,NO,SÍ,NO,NO,NO,NO,NO,NO,SÍ,NO,NO,NO,SÍ,NO,NO,NO,NO,NO,NO,SÍ,NO,NO,SÍ,NO,"Se notaron deficiencias considerables, especialmente en Cobro. El personal necesita capacitación.",
2025-01-23 08:45:36,23/01/2025,Sucursal Zonal,Guatemala,Distrito Metro,NO,NO,SÍ,NO,NO,SÍ,SÍ,SÍ,SÍ,NO,SÍ,SÍ,SÍ,SÍ,SÍ,SÍ,SÍ,SÍ,NO,SÍ,SÍ,NO,SÍ,SÍ,SÍ,NO,SÍ,SÍ,SÍ,SÍ,SÍ,SÍ,NO,SÍ,SÍ,SÍ,NO,SÍ,SÍ,SÍ,,
2025-01-19 08:44:28,19/01/2025,Sucursal Express,Guatemala,Distrito Metro,SÍ,SÍ,SÍ,NO,SÍ,SÍ,SÍ,SÍ,SÍ,NO,NO,NO,NO,SÍ,SÍ,SÍ,SÍ,SÍ,SÍ,SÍ,SÍ,NO,SÍ,SÍ,SÍ,SÍ,NO,SÍ,SÍ,SÍ,SÍ,SÍ,NO,NO,NO,SÍ,SÍ,SÍ,SÍ,NO,"Visita dentro del promedio, con áreas de oportunidad.",
2025-01-23 12:18:47,23/01/2025,Sucursal San Miguel,Guatemala,Distrito Metro,SÍ,SÍ,SÍ,NO,SÍ,SÍ,SÍ,SÍ,NO,NO,SÍ,SÍ,NO,SÍ,NO,NO,SÍ,SÍ,NO,SÍ,NO,SÍ,SÍ,SÍ,SÍ,SÍ,NO,SÍ,SÍ,SÍ,SÍ,SÍ,SÍ,SÍ,NO,NO,SÍ,NO,SÍ,SÍ,,
2025-01-22 18:00:50,22/01/2025,Sucursal Villa Nueva,Guatemala,Distrito Metro,SÍ,SÍ,SÍ,SÍ,SÍ,NO,SÍ,SÍ,NO,NO,SÍ,SÍ,SÍ,SÍ,SÍ,NO,SÍ,SÍ,NO,SÍ,SÍ,NO,SÍ,SÍ,SÍ,SÍ,SÍ,SÍ,SÍ,SÍ,NO,SÍ,SÍ,SÍ,SÍ,NO,SÍ,SÍ,SÍ,SÍ,,
2025-01-21 08:22:36,21/01/2025,Sucursal Petapa,Guatemala,Distrito Metro,SÍ,NO,SÍ,SÍ,SÍ,NO,NO,SÍ,SÍ,SÍ,NO,SÍ,NO,SÍ,SÍ,NO,NO,NO,NO,NO,NO,NO,NO,SÍ,SÍ,SÍ,SÍ,SÍ,SÍ,SÍ,SÍ,SÍ,SÍ,SÍ,NO,SÍ,SÍ,NO,SÍ,SÍ,"Visita dentro del promedio, con áreas de oportunidad.",
2025-01-27 14:12:12,27/01/2025,Sucursal Mixco,Guatemala,Distrito Metro,SÍ,NO,SÍ,SÍ,SÍ,SÍ,SÍ,NO,NO,NO,NO,SÍ,SÍ,NO,NO,NO,NO,SÍ,SÍ,NO,SÍ,SÍ,SÍ,SÍ,SÍ,SÍ,NO,NO,SÍ,NO,NO,NO,NO,NO,NO,NO,SÍ,SÍ,NO,SÍ,"Se notaron deficiencias considerables, especialmente en Cobro. El personal necesita capacitación.",
2025-01-11 09:56:25,11/01/2025,Sucursal San José,Guatemala,Distrito Metro,SÍ,NO,NO,NO,NO,SÍ,NO,NO,NO,NO,SÍ,NO,NO,NO,NO,NO,NO,SÍ,SÍ,NO,NO,NO,NO,SÍ,NO,SÍ,SÍ,NO,NO,SÍ,SÍ,SÍ,NO,SÍ,NO,NO,SÍ,NO,NO,SÍ,"Se notaron deficiencias considerables, especialmente en Cobro. El personal necesita capacitación.",
2025-01-19 17:02:55,19/01/2025,Sucursal Santa Catarina,Guatemala,Distrito Metro,SÍ,SÍ,SÍ,SÍ,NO,SÍ,SÍ,SÍ,SÍ,SÍ,SÍ,SÍ,NO,NO,NO,NO,SÍ,NO,NO,SÍ,NO,NO,SÍ,SÍ,SÍ,SÍ,SÍ,SÍ,SÍ,SÍ,SÍ,SÍ,NO,SÍ,NO,NO,NO,SÍ,SÍ,SÍ,,
2025-01-04 18:34:51,04/01/2025,Sucursal Pinula,Guatemala,Distrito Metro,SÍ,SÍ,SÍ,SÍ,SÍ,SÍ,SÍ,SÍ,SÍ,SÍ,NO,SÍ,SÍ,SÍ,SÍ,SÍ,SÍ,SÍ,NO,SÍ,SÍ,NO,SÍ,SÍ,SÍ,SÍ,SÍ,SÍ,SÍ,SÍ,SÍ,SÍ,SÍ,SÍ,SÍ,SÍ,SÍ,SÍ,SÍ,SÍ,Excelente servicio. La sucursal está operando en óptimas condiciones.,
2025-01-15 18:45:49,15/01/2025,Sucursal Boca del Monte,Guatemala,Distrito Metro,SÍ,SÍ,SÍ,SÍ,SÍ,SÍ,SÍ,SÍ,SÍ,NO,NO,SÍ,SÍ,SÍ,SÍ,SÍ,SÍ,SÍ,NO,SÍ,SÍ,NO,SÍ,SÍ,SÍ,SÍ,SÍ,SÍ,SÍ,SÍ,SÍ,SÍ,NO,SÍ,SÍ,SÍ,SÍ,SÍ,SÍ,SÍ,Excelente servicio. La sucursal está operando en óptimas condiciones.,
2025-01-01 16:12:29,01/01/2025,Sucursal Atlántico,Guatemala,Distrito Metro,SÍ,SÍ,SÍ,SÍ,NO,NO,NO,SÍ,SÍ,NO,SÍ,NO,SÍ,NO,SÍ,NO,NO,NO,SÍ,SÍ,NO,NO,NO,NO,NO,NO,NO,NO,NO,SÍ,SÍ,SÍ,SÍ,NO,SÍ,NO,SÍ,SÍ,NO,NO,"Se notaron deficiencias considerables, especialmente en Cobro. El personal necesita capacitación.",
2025-01-18 10:21:36,18/01/2025,Sucursal Pacífico,Guatemala,Distrito Metro,NO,NO,NO,SÍ,NO,SÍ,SÍ,SÍ,NO,SÍ,SÍ,NO,NO,SÍ,SÍ,NO,SÍ,NO,SÍ,NO,NO,SÍ,NO,NO,SÍ,NO,NO,SÍ,NO,NO,NO,SÍ,NO,NO,SÍ,SÍ,NO,SÍ,NO,NO,"Se notaron deficiencias considerables, especialmente en Cobro. El personal necesita capacitación.",Incidencia grave en Cobro: Condiciones inaceptables de servicio o infraestructura.
2025-01-15 15:38:24,15/01/2025,Sucursal Aguilar Batres,Guatemala,Distrito Metro,SÍ,SÍ,SÍ,SÍ,NO,SÍ,SÍ,SÍ,SÍ,NO,SÍ,SÍ,SÍ,SÍ,NO,NO,SÍ,SÍ,NO,NO,NO,NO,SÍ,SÍ,SÍ,NO,SÍ,SÍ,SÍ,SÍ,SÍ,SÍ,SÍ,NO,NO,SÍ,NO,SÍ,SÍ,SÍ,,
2025-01-23 11:15:49,23/01/2025,Sucursal Avenida,Guatemala,Distrito Metro,SÍ,NO,NO,SÍ,NO,NO,NO,SÍ,NO,SÍ,SÍ,NO,NO,NO,NO,NO,SÍ,NO,SÍ,SÍ,NO,NO,NO,SÍ,NO,NO,SÍ,NO,NO,NO,NO,NO,NO,NO,NO,SÍ,NO,NO,NO,NO,"Se notaron deficiencias considerables, especialmente en Cobro. El personal necesita capacitación.",
2025-01-24 13:06:24,24/01/2025,Sucursal Boulevard,Guatemala,Distrito Metro,SÍ,SÍ,SÍ,SÍ,SÍ,SÍ,SÍ,SÍ,SÍ,NO,NO,SÍ,SÍ,SÍ,SÍ,NO,NO,NO,SÍ,SÍ,SÍ,NO,SÍ,SÍ,SÍ,SÍ,SÍ,SÍ,SÍ,NO,SÍ,NO,SÍ,NO,SÍ,SÍ,SÍ,SÍ,SÍ,SÍ,,
2025-01-14 18:28:46,14/01/2025,Sucursal Quetzaltenango Norte,Quetzaltenango,Distrito Occidente,SÍ,SÍ,SÍ,SÍ,SÍ,NO,NO,SÍ,SÍ,SÍ,SÍ,SÍ,SÍ,NO,SÍ,NO,SÍ,SÍ,NO,SÍ,SÍ,NO,SÍ,SÍ,SÍ,NO,SÍ,SÍ,SÍ,NO,NO,SÍ,SÍ,SÍ,NO,NO,SÍ,NO,NO,SÍ,,
2025-01-17 10:43:33,17/01/2025,Sucursal Terminal Quet,Quetzaltenango,Distrito Occidente,SÍ,SÍ,SÍ,SÍ,SÍ,SÍ,SÍ,SÍ,SÍ,NO,NO,SÍ,SÍ,SÍ,SÍ,SÍ,SÍ,SÍ,NO,SÍ,SÍ,SÍ,SÍ,SÍ,SÍ,SÍ,SÍ,SÍ,SÍ,SÍ,SÍ,SÍ,SÍ,SÍ,SÍ,SÍ,SÍ,SÍ,SÍ,SÍ,Excelente servicio. La sucursal está operando en óptimas condiciones.,
2025-01-02 14:43:01,02/01/2025,Sucursal Quetzaltenango Centro,Quetzaltenango,Distrito Occidente,SÍ,NO,SÍ,SÍ,SÍ,SÍ,NO,SÍ,SÍ,NO,NO,SÍ,SÍ,SÍ,SÍ,SÍ,SÍ,SÍ,SÍ,SÍ,SÍ,NO,SÍ,SÍ,SÍ,SÍ,SÍ,SÍ,SÍ,SÍ,SÍ,SÍ,SÍ,SÍ,SÍ,SÍ,SÍ,SÍ,SÍ,SÍ,Excelente servicio. La sucursal está operando en óptimas condiciones.,
2025-01-26 11:17:54,26/01/2025,Sucursal Llanos Quet,Quetzaltenango,Distrito Occidente,SÍ,NO,SÍ,SÍ,SÍ,SÍ,SÍ,SÍ,SÍ,NO,NO,NO,SÍ,SÍ,NO,SÍ,SÍ,SÍ,SÍ,SÍ,NO,NO,SÍ,SÍ,SÍ,SÍ,NO,NO,SÍ,NO,NO,SÍ,SÍ,SÍ,SÍ,SÍ,SÍ,NO,SÍ,SÍ,,
2025-01-06 18:01:22,06/01/2025,Sucursal Quetzaltenango Norte,Quetzaltenango,Distrito Occidente,SÍ,SÍ,SÍ,SÍ,SÍ,NO,SÍ,SÍ,NO,NO,NO,SÍ,SÍ,SÍ,SÍ,NO,SÍ,NO,NO,SÍ,SÍ,NO,SÍ,SÍ,NO,SÍ,SÍ,SÍ,SÍ,NO,SÍ,SÍ,SÍ,SÍ,SÍ,SÍ,SÍ,SÍ,SÍ,SÍ,,
2025-01-18 12:52:17,18/01/2025,Sucursal Sur Quet,Quetzaltenango,Distrito Occidente,SÍ,SÍ,SÍ,SÍ,SÍ,SÍ,SÍ,SÍ,SÍ,SÍ,NO,SÍ,NO,SÍ,NO,SÍ,NO,SÍ,SÍ,NO,NO,NO,SÍ,NO,SÍ,NO,NO,SÍ,SÍ,SÍ,SÍ,NO,SÍ,NO,SÍ,NO,SÍ,SÍ,SÍ,NO,,
2025-01-03 15:16:04,03/01/2025,Sucursal Escuintla Centro,Escuintla,Distrito Sur,SÍ,SÍ,SÍ,NO,NO,SÍ,SÍ,SÍ,SÍ,NO,NO,SÍ,SÍ,SÍ,SÍ,NO,SÍ,SÍ,NO,SÍ,SÍ,NO,SÍ,NO,SÍ,SÍ,SÍ,SÍ,SÍ,SÍ,SÍ,SÍ,SÍ,SÍ,SÍ,SÍ,SÍ,SÍ,SÍ,SÍ,Excelente servicio. La sucursal está operando en óptimas condiciones.,
2025-01-26 16:49:21,26/01/2025,Sucursal Mercado Escu,Escuintla,Distrito Sur,SÍ,NO,SÍ,SÍ,SÍ,NO,SÍ,SÍ,SÍ,NO,NO,SÍ,SÍ,NO,SÍ,SÍ,SÍ,SÍ,NO,SÍ,SÍ,NO,SÍ,SÍ,SÍ,NO,SÍ,SÍ,SÍ,SÍ,SÍ,SÍ,SÍ,SÍ,SÍ,SÍ,SÍ,SÍ,SÍ,SÍ,Excelente servicio. La sucursal está operando en óptimas condiciones.,
2025-01-08 08:43:04,08/01/2025,Sucursal Escuintla Norte,Escuintla,Distrito Sur,SÍ,SÍ,SÍ,SÍ,SÍ,SÍ,SÍ,SÍ,SÍ,NO,NO,SÍ,SÍ,SÍ,SÍ,SÍ,SÍ,SÍ,NO,SÍ,SÍ,NO,SÍ,SÍ,SÍ,SÍ,SÍ,SÍ,SÍ,SÍ,SÍ,SÍ,SÍ,SÍ,SÍ,SÍ,SÍ,SÍ,SÍ,SÍ,Excelente servicio. La sucursal está operando en óptimas condiciones.,
2025-01-23 11:03:55,23/01/2025,Sucursal Occidente Escu,Escuintla,Distrito Sur,NO,NO,NO,SÍ,NO,NO,SÍ,SÍ,SÍ,SÍ,SÍ,NO,NO,NO,SÍ,SÍ,NO,SÍ,SÍ,NO,NO,SÍ,NO,NO,NO,NO,SÍ,SÍ,NO,SÍ,NO,NO,SÍ,SÍ,SÍ,SÍ,SÍ,NO,SÍ,NO,"Se notaron deficiencias considerables, especialmente en Cobro. El personal necesita capacitación.",Incidencia grave en Cobro: Condiciones inaceptables de servicio o infraestructura.
2025-01-10 10:45:25,10/01/2025,Sucursal Escuintla Norte,Escuintla,Distrito Sur,NO,NO,SÍ,NO,NO,NO,SÍ,SÍ,NO,SÍ,NO,NO,NO,SÍ,NO,NO,NO,NO,NO,SÍ,SÍ,NO,SÍ,NO,SÍ,SÍ,NO,NO,NO,SÍ,NO,SÍ,SÍ,NO,SÍ,NO,SÍ,SÍ,NO,SÍ,"Se notaron deficiencias considerables, especialmente en Cobro. El personal necesita capacitación.",
2025-01-15 14:20:41,15/01/2025,Sucursal Norte Escu,Escuintla,Distrito Sur,SÍ,SÍ,SÍ,SÍ,SÍ,SÍ,SÍ,SÍ,NO,SÍ,NO,SÍ,SÍ,SÍ,NO,NO,SÍ,SÍ,NO,NO,SÍ,NO,SÍ,SÍ,SÍ,SÍ,SÍ,SÍ,SÍ,SÍ,SÍ,NO,NO,NO,NO,SÍ,NO,SÍ,SÍ,NO,,
2025-01-17 09:24:55,17/01/2025,Sucursal Sacatepéquez Norte,Sacatepéquez,Distrito Central,SÍ,SÍ,SÍ,SÍ,SÍ,SÍ,SÍ,SÍ,SÍ,NO,NO,SÍ,SÍ,SÍ,SÍ,SÍ,SÍ,SÍ,NO,SÍ,SÍ,NO,SÍ,SÍ,SÍ,SÍ,NO,SÍ,SÍ,SÍ,SÍ,SÍ,SÍ,SÍ,SÍ,SÍ,SÍ,SÍ,SÍ,SÍ,Excelente servicio. La sucursal está operando en óptimas condiciones.,
2025-01-23 12:20:29,23/01/2025,Sucursal Central Saca,Sacatepéquez,Distrito Central,SÍ,SÍ,NO,SÍ,SÍ,SÍ,SÍ,SÍ,SÍ,NO,SÍ,SÍ,SÍ,SÍ,NO,SÍ,SÍ,SÍ,NO,NO,NO,NO,SÍ,SÍ,SÍ,SÍ,SÍ,SÍ,SÍ,SÍ,NO,SÍ,NO,NO,SÍ,SÍ,SÍ,SÍ,SÍ,SÍ,,
2025-01-03 16:52:52,03/01/2025,Sucursal Sacatepéquez Centro,Sacatepéquez,Distrito Central,SÍ,NO,NO,SÍ,SÍ,SÍ,SÍ,NO,SÍ,NO,NO,SÍ,SÍ,NO,SÍ,SÍ,NO,SÍ,NO,SÍ,NO,NO,NO,NO,NO,NO,SÍ,SÍ,SÍ,NO,SÍ,SÍ,SÍ,SÍ,SÍ,SÍ,SÍ,SÍ,SÍ,SÍ,,
2025-01-09 13:40:55,09/01/2025,Sucursal Terminal Saca,Sacatepéquez,Distrito Central,SÍ,SÍ,SÍ,NO,SÍ,SÍ,NO,NO,SÍ,NO,SÍ,SÍ,SÍ,SÍ,NO,SÍ,NO,NO,NO,SÍ,SÍ,NO,SÍ,SÍ,NO,SÍ,SÍ,SÍ,SÍ,SÍ,SÍ,SÍ,SÍ,SÍ,SÍ,SÍ,NO,SÍ,SÍ,SÍ,,
2025-01-25 09:16:11,25/01/2025,Sucursal Sacatepéquez Norte,Sacatepéquez,Distrito Central,SÍ,NO,SÍ,SÍ,SÍ,SÍ,SÍ,SÍ,SÍ,NO,NO,SÍ,SÍ,SÍ,SÍ,SÍ,SÍ,SÍ,NO,SÍ,SÍ,NO,SÍ,SÍ,SÍ,SÍ,NO,SÍ,SÍ,SÍ,SÍ,SÍ,NO,SÍ,SÍ,SÍ,NO,SÍ,SÍ,SÍ,Excelente servicio. La sucursal está operando en óptimas condiciones.,
2025-01-26 14:27:57,26/01/2025,Sucursal Avenida Chim,Chimaltenango,Distrito Central,NO,NO,SÍ,NO,NO,SÍ,NO,SÍ,SÍ,SÍ,NO,SÍ,SÍ,SÍ,NO,SÍ,SÍ,NO,NO,SÍ,NO,NO,SÍ,SÍ,SÍ,SÍ,SÍ,SÍ,NO,SÍ,NO,NO,NO,NO,SÍ,SÍ,SÍ,SÍ,NO,NO,,
2025-01-24 16:37:27,24/01/2025,Sucursal Chimaltenango Centro,Chimaltenango,Distrito Central,SÍ,SÍ,SÍ,SÍ,SÍ,SÍ,SÍ,SÍ,SÍ,NO,NO,SÍ,SÍ,SÍ,SÍ,SÍ,SÍ,SÍ,NO,SÍ,SÍ,NO,SÍ,SÍ,SÍ,SÍ,SÍ,SÍ,SÍ,SÍ,SÍ,SÍ,SÍ,SÍ,SÍ,SÍ,SÍ,SÍ,SÍ,NO,Excelente servicio. La sucursal está operando en óptimas condiciones.,
2025-01-24 18:02:10,24/01/2025,Sucursal Plaza Chim,Chimaltenango,Distrito Central,SÍ,SÍ,SÍ,NO,SÍ,SÍ,SÍ,SÍ,SÍ,NO,NO,SÍ,SÍ,SÍ,SÍ,SÍ,SÍ,SÍ,NO,SÍ,NO,NO,NO,SÍ,SÍ,SÍ,SÍ,SÍ,SÍ,SÍ,SÍ,SÍ,SÍ,SÍ,SÍ,SÍ,SÍ,SÍ,SÍ,NO,"Visita dentro del promedio, con áreas de oportunidad.",
2025-01-04 10:16:34,04/01/2025,Sucursal Chimaltenango Plaza,Chimaltenango,Distrito Central,NO,NO,NO,NO,SÍ,SÍ,SÍ,NO,NO,NO,SÍ,NO,NO,NO,NO,NO,NO,SÍ,NO,NO,NO,NO,NO,NO,NO,NO,NO,SÍ,SÍ,SÍ,NO,SÍ,NO,NO,NO,NO,NO,SÍ,NO,NO,"Se notaron deficiencias considerables, especialmente en Cobro. El personal necesita capacitación.",
2025-01-16 16:07:51,16/01/2025,Sucursal Avenida Alta,Alta Verapaz,Distrito Norte,SÍ,SÍ,SÍ,SÍ,SÍ,SÍ,SÍ,NO,SÍ,NO,NO,NO,SÍ,NO,SÍ,SÍ,SÍ,NO,NO,SÍ,SÍ,SÍ,SÍ,NO,SÍ,SÍ,SÍ,SÍ,SÍ,SÍ,SÍ,NO,NO,NO,NO,SÍ,SÍ,SÍ,SÍ,SÍ,,
2025-01-11 10:07:02,11/01/2025,Sucursal Alta Verapaz Plaza,Alta Verapaz,Distrito Norte,NO,NO,NO,SÍ,SÍ,NO,NO,SÍ,NO,NO,SÍ,SÍ,NO,NO,SÍ,SÍ,NO,SÍ,NO,SÍ,NO,SÍ,NO,SÍ,SÍ,SÍ,NO,NO,SÍ,NO,NO,NO,NO,NO,NO,NO,NO,SÍ,SÍ,SÍ,"Se notaron deficiencias considerables, especialmente en Cobro. El personal necesita capacitación.",
2025-01-27 14:07:17,27/01/2025,Sucursal Express Alta,Alta Verapaz,Distrito Norte,SÍ,SÍ,NO,NO,NO,SÍ,SÍ,SÍ,SÍ,SÍ,SÍ,SÍ,NO,SÍ,SÍ,NO,NO,SÍ,SÍ,SÍ,SÍ,SÍ,SÍ,NO,NO,SÍ,SÍ,NO,NO,SÍ,SÍ,SÍ,NO,NO,NO,SÍ,SÍ,NO,SÍ,SÍ,"Se notaron deficiencias considerables, especialmente en Cobro. El personal necesita capacitación.",Incidencia grave en Cobro: Condiciones inaceptables de servicio o infraestructura.
2025-01-25 16:20:19,25/01/2025,Sucursal Alta Verapaz Centro,Alta Verapaz,Distrito Norte,SÍ,SÍ,SÍ,SÍ,NO,SÍ,SÍ,SÍ,NO,NO,SÍ,SÍ,SÍ,SÍ,NO,SÍ,SÍ,SÍ,NO,SÍ,NO,NO,SÍ,SÍ,SÍ,SÍ,SÍ,SÍ,SÍ,SÍ,SÍ,SÍ,NO,SÍ,NO,NO,SÍ,SÍ,NO,SÍ,,
2025-01-15 08:39:27,15/01/2025,Sucursal Centro Peté,Petén,Distrito Norte,NO,SÍ,SÍ,SÍ,SÍ,SÍ,SÍ,SÍ,SÍ,NO,NO,SÍ,SÍ,SÍ,SÍ,SÍ,NO,SÍ,NO,SÍ,SÍ,NO,SÍ,SÍ,SÍ,SÍ,SÍ,SÍ,SÍ,SÍ,SÍ,NO,SÍ,SÍ,NO,SÍ,NO,SÍ,SÍ,SÍ,"Visita dentro del promedio, con áreas de oportunidad.",
2025-01-26 16:09:58,26/01/2025,Sucursal Petén Plaza,Petén,Distrito Norte,SÍ,SÍ,SÍ,SÍ,SÍ,SÍ,SÍ,SÍ,NO,NO,NO,SÍ,SÍ,SÍ,SÍ,SÍ,SÍ,SÍ,SÍ,SÍ,SÍ,NO,SÍ,SÍ,SÍ,SÍ,SÍ,SÍ,SÍ,SÍ,SÍ,SÍ,SÍ,SÍ,SÍ,NO,SÍ,SÍ,SÍ,NO,Excelente servicio. La sucursal está operando en óptimas condiciones.,
2025-01-03 15:58:25,03/01/2025,Sucursal Avenida Peté,Petén,Distrito Norte,SÍ,SÍ,SÍ,NO,SÍ,SÍ,SÍ,SÍ,NO,SÍ,NO,NO,SÍ,NO,NO,SÍ,NO,NO,NO,SÍ,NO,SÍ,NO,NO,SÍ,NO,NO,SÍ,SÍ,NO,SÍ,NO,SÍ,SÍ,NO,SÍ,SÍ,SÍ,NO,SÍ,"Se notaron deficiencias considerables, especialmente en Cobro. El personal necesita capacitación.",
2025-01-23 18:33:50,23/01/2025,Sucursal Izabal Centro,Izabal,Distrito Oriente,SÍ,SÍ,SÍ,SÍ,SÍ,SÍ,SÍ,SÍ,SÍ,NO,SÍ,SÍ,SÍ,SÍ,NO,SÍ,NO,NO,SÍ,NO,SÍ,SÍ,SÍ,NO,SÍ,SÍ,NO,SÍ,SÍ,SÍ,NO,SÍ,SÍ,NO,NO,SÍ,NO,NO,NO,SÍ,,
2025-01-16 10:47:38,16/01/2025,Sucursal Express Izab,Izabal,Distrito Oriente,SÍ,SÍ,SÍ,SÍ,SÍ,SÍ,SÍ,SÍ,SÍ,NO,NO,SÍ,SÍ,SÍ,SÍ,SÍ,SÍ,NO,NO,SÍ,SÍ,NO,SÍ,SÍ,SÍ,SÍ,SÍ,SÍ,SÍ,SÍ,SÍ,SÍ,SÍ,SÍ,SÍ,SÍ,SÍ,NO,SÍ,SÍ,Excelente servicio. La sucursal está operando en óptimas condiciones.,
2025-01-25 18:46:53,25/01/2025,Sucursal Izabal Centro,Izabal,Distrito Oriente,SÍ,SÍ,SÍ,SÍ,SÍ,SÍ,SÍ,SÍ,SÍ,NO,NO,SÍ,SÍ,SÍ,SÍ,SÍ,SÍ,SÍ,NO,SÍ,SÍ,SÍ,SÍ,SÍ,SÍ,SÍ,SÍ,SÍ,SÍ,SÍ,SÍ,SÍ,SÍ,SÍ,SÍ,SÍ,SÍ,SÍ,SÍ,SÍ,Excelente servicio. La sucursal está operando en óptimas condiciones.,
2025-01-01 08:02:25,01/01/2025,Sucursal Centro San ,San Marcos,Distrito Occidente,SÍ,SÍ,SÍ,SÍ,SÍ,SÍ,SÍ,SÍ,NO,NO,NO,SÍ,SÍ,SÍ,NO,SÍ,SÍ,SÍ,NO,SÍ,SÍ,NO,SÍ,SÍ,SÍ,SÍ,SÍ,SÍ,SÍ,SÍ,SÍ,SÍ,SÍ,SÍ,SÍ,SÍ,SÍ,SÍ,SÍ,SÍ,Excelente servicio. La sucursal está operando en óptimas condiciones.,
2025-01-27 08:05:32,27/01/2025,Sucursal San Marcos Norte,San Marcos,Distrito Occidente,SÍ,NO,SÍ,SÍ,SÍ,SÍ,SÍ,SÍ,SÍ,NO,NO,NO,NO,NO,SÍ,NO,NO,SÍ,NO,NO,NO,NO,SÍ,NO,SÍ,SÍ,NO,SÍ,SÍ,SÍ,SÍ,SÍ,SÍ,SÍ,SÍ,NO,SÍ,SÍ,SÍ,SÍ,,
2025-01-15 13:19:26,15/01/2025,Sucursal Central San ,San Marcos,Distrito Occidente,SÍ,NO,SÍ,SÍ,SÍ,SÍ,NO,SÍ,SÍ,NO,NO,SÍ,SÍ,SÍ,SÍ,SÍ,SÍ,SÍ,NO,NO,SÍ,SÍ,SÍ,SÍ,SÍ,SÍ,SÍ,NO,SÍ,NO,SÍ,NO,SÍ,NO,SÍ,SÍ,SÍ,NO,SÍ,NO,"Visita dentro del promedio, con áreas de oportunidad.",
2025-01-15 11:28:58,15/01/2025,Sucursal Huehuetenango Norte,Huehuetenango,Distrito Occidente,SÍ,SÍ,SÍ,SÍ,SÍ,SÍ,SÍ,SÍ,SÍ,NO,NO,SÍ,SÍ,SÍ,SÍ,SÍ,SÍ,SÍ,NO,SÍ,SÍ,SÍ,SÍ,NO,NO,NO,NO,SÍ,NO,NO,SÍ,SÍ,SÍ,SÍ,SÍ,SÍ,SÍ,SÍ,SÍ,SÍ,,
2025-01-05 09:33:21,05/01/2025,Sucursal Occidente Hueh,Huehuetenango,Distrito Occidente,NO,SÍ,SÍ,SÍ,SÍ,SÍ,SÍ,SÍ,SÍ,NO,NO,SÍ,NO,SÍ,SÍ,SÍ,NO,SÍ,SÍ,SÍ,NO,NO,NO,SÍ,SÍ,SÍ,SÍ,SÍ,NO,NO,SÍ,NO,NO,SÍ,SÍ,SÍ,SÍ,SÍ,NO,SÍ,,
2025-01-09 13:04:41,09/01/2025,Sucursal Huehuetenango Norte,Huehuetenango,Distrito Occidente,NO,SÍ,NO,NO,SÍ,SÍ,NO,NO,NO,NO,SÍ,NO,NO,NO,NO,SÍ,SÍ,NO,SÍ,NO,NO,NO,NO,NO,SÍ,SÍ,SÍ,SÍ,SÍ,SÍ,SÍ,NO,NO,NO,NO,NO,NO,NO,NO,NO,"Se notaron deficiencias considerables, especialmente en Cobro. El personal necesita capacitación.",Incidencia grave en Cobro: Condiciones inaceptables de servicio o infraestructura.
2025-01-13 13:00:33,13/01/2025,Sucursal Brisas Juti,Jutiapa,Distrito Oriente,SÍ,NO,SÍ,SÍ,NO,SÍ,NO,SÍ,SÍ,NO,NO,SÍ,NO,SÍ,SÍ,SÍ,SÍ,SÍ,NO,SÍ,SÍ,NO,SÍ,SÍ,SÍ,SÍ,SÍ,SÍ,SÍ,SÍ,SÍ,SÍ,SÍ,SÍ,SÍ,SÍ,SÍ,SÍ,SÍ,SÍ,Excelente servicio. La sucursal está operando en óptimas condiciones.,
2025-01-06 16:39:35,06/01/2025,Sucursal Jutiapa Plaza,Jutiapa,Distrito Oriente,SÍ,SÍ,NO,SÍ,SÍ,NO,SÍ,NO,SÍ,NO,NO,SÍ,SÍ,SÍ,SÍ,NO,SÍ,SÍ,NO,SÍ,SÍ,NO,SÍ,SÍ,SÍ,SÍ,SÍ,SÍ,SÍ,SÍ,SÍ,SÍ,SÍ,SÍ,SÍ,SÍ,SÍ,SÍ,SÍ,SÍ,Excelente servicio. La sucursal está operando en óptimas condiciones.,
2025-01-16 14:30:02,16/01/2025,Sucursal Llanos Zaca,Zacapa,Distrito Oriente,NO,NO,NO,NO,NO,SÍ,NO,NO,NO,SÍ,NO,NO,NO,NO,NO,SÍ,NO,NO,SÍ,NO,NO,SÍ,NO,NO,NO,NO,SÍ,NO,NO,NO,SÍ,NO,NO,SÍ,NO,NO,NO,NO,NO,NO,"Se notaron deficiencias considerables, especialmente en Cobro. El personal necesita capacitación.",
2025-01-08 08:36:21,08/01/2025,Sucursal Zacapa Plaza,Zacapa,Distrito Oriente,SÍ,NO,SÍ,NO,SÍ,NO,SÍ,NO,NO,NO,SÍ,NO,NO,NO,SÍ,NO,SÍ,SÍ,NO,NO,NO,SÍ,NO,SÍ,SÍ,NO,SÍ,SÍ,SÍ,NO,NO,SÍ,NO,SÍ,SÍ,NO,NO,NO,SÍ,NO,"Se notaron deficiencias considerables, especialmente en Cobro. El personal necesita capacitación.",
2025-01-16 12:20:09,16/01/2025,Sucursal Parque Reta,Retalhuleu,Distrito Sur,SÍ,SÍ,SÍ,SÍ,SÍ,SÍ,SÍ,SÍ,NO,NO,NO,SÍ,SÍ,SÍ,SÍ,NO,NO,SÍ,NO,NO,NO,NO,NO,SÍ,NO,SÍ,SÍ,SÍ,NO,SÍ,SÍ,NO,NO,SÍ,SÍ,SÍ,SÍ,SÍ,NO,SÍ,,
2025-01-27 18:14:11,27/01/2025,Sucursal Retalhuleu Norte,Retalhuleu,Distrito Sur,SÍ,SÍ,NO,SÍ,NO,SÍ,NO,SÍ,NO,NO,SÍ,SÍ,SÍ,NO,SÍ,NO,SÍ,NO,NO,SÍ,SÍ,NO,SÍ,SÍ,NO,SÍ,SÍ,SÍ,SÍ,SÍ,SÍ,NO,NO,NO,NO,NO,NO,SÍ,NO,SÍ,"Se notaron deficiencias considerables, especialmente en Cobro. El personal necesita capacitación.",Incidencia grave en Cobro: Condiciones inaceptables de servicio o infraestructura.
2025-01-23 15:10:45,23/01/2025,Sucursal Terminal Such,Suchitepéquez,Distrito Sur,NO,SÍ,SÍ,NO,NO,NO,SÍ,NO,SÍ,SÍ,SÍ,SÍ,NO,SÍ,SÍ,SÍ,NO,NO,SÍ,NO,SÍ,NO,SÍ,SÍ,NO,NO,NO,NO,NO,SÍ,NO,SÍ,SÍ,NO,NO,NO,SÍ,SÍ,SÍ,NO,"Se notaron deficiencias considerables, especialmente en Cobro. El personal necesita capacitación.",
2025-01-26 18:20:17,26/01/2025,Sucursal Suchitepéquez Centro,Suchitepéquez,Distrito Sur,SÍ,SÍ,SÍ,SÍ,SÍ,SÍ,SÍ,SÍ,SÍ,NO,NO,SÍ,SÍ,SÍ,SÍ,SÍ,SÍ,SÍ,NO,SÍ,SÍ,NO,SÍ,SÍ,SÍ,SÍ,SÍ,SÍ,SÍ,SÍ,SÍ,SÍ,SÍ,SÍ,SÍ,SÍ,SÍ,SÍ,SÍ,SÍ,Excelente servicio. La sucursal está operando en óptimas condiciones.,
2025-01-20 16:40:30,20/01/2025,Sucursal Parque Sant,Santa Rosa,Distrito Sur,SÍ,NO,SÍ,SÍ,SÍ,NO,SÍ,SÍ,SÍ,NO,NO,SÍ,SÍ,SÍ,NO,SÍ,SÍ,SÍ,SÍ,SÍ,SÍ,NO,SÍ,NO,NO,NO,SÍ,SÍ,NO,NO,SÍ,SÍ,SÍ,SÍ,SÍ,SÍ,SÍ,SÍ,SÍ,SÍ,,
2025-01-01 16:56:07,01/01/2025,Sucursal Santa Rosa Centro,Santa Rosa,Distrito Sur,SÍ,SÍ,NO,NO,NO,NO,SÍ,NO,SÍ,SÍ,SÍ,NO,NO,SÍ,SÍ,SÍ,NO,NO,NO,SÍ,NO,SÍ,NO,SÍ,NO,NO,SÍ,NO,NO,NO,NO,SÍ,SÍ,NO,SÍ,NO,NO,NO,NO,SÍ,"Se notaron deficiencias considerables, especialmente en Cobro. El personal necesita capacitación.",
2025-01-27 08:41:17,27/01/2025,Sucursal Parque El P,El Progreso,Distrito Oriente,NO,SÍ,NO,NO,SÍ,SÍ,SÍ,SÍ,NO,NO,NO,SÍ,NO,SÍ,SÍ,SÍ,NO,SÍ,NO,SÍ,SÍ,SÍ,NO,SÍ,NO,SÍ,NO,NO,SÍ,NO,SÍ,SÍ,SÍ,SÍ,NO,NO,SÍ,NO,NO,SÍ,,
2025-01-15 17:57:45,15/01/2025,Sucursal El Progreso Norte,El Progreso,Distrito Oriente,SÍ,SÍ,SÍ,SÍ,SÍ,NO,SÍ,SÍ,SÍ,SÍ,NO,SÍ,SÍ,NO,SÍ,SÍ,SÍ,SÍ,NO,SÍ,SÍ,NO,NO,SÍ,SÍ,SÍ,SÍ,SÍ,SÍ,SÍ,SÍ,SÍ,SÍ,SÍ,NO,SÍ,NO,SÍ,NO,SÍ,,
2025-01-20 16:11:00,20/01/2025,Sucursal Mercado Chiq,Chiquimula,Distrito Oriente,SÍ,SÍ,SÍ,SÍ,SÍ,SÍ,NO,NO,SÍ,NO,NO,NO,SÍ,SÍ,SÍ,SÍ,SÍ,NO,NO,NO,NO,NO,SÍ,SÍ,NO,SÍ,NO,NO,SÍ,SÍ,SÍ,SÍ,SÍ,SÍ,NO,SÍ,NO,SÍ,SÍ,SÍ,,
2025-01-12 10:16:34,12/01/2025,Sucursal Chiquimula Centro,Chiquimula,Distrito Oriente,SÍ,SÍ,SÍ,NO,NO,SÍ,SÍ,SÍ,SÍ,NO,NO,SÍ,SÍ,SÍ,SÍ,SÍ,SÍ,NO,NO,SÍ,NO,NO,SÍ,SÍ,SÍ,NO,SÍ,NO,NO,NO,SÍ,SÍ,SÍ,SÍ,SÍ,SÍ,SÍ,SÍ,NO,SÍ,,
2025-01-26 11:28:22,26/01/2025,Sucursal Norte Jala,Jalapa,Distrito Oriente,SÍ,SÍ,SÍ,SÍ,SÍ,NO,SÍ,NO,SÍ,SÍ,NO,SÍ,SÍ,SÍ,SÍ,SÍ,NO,SÍ,NO,SÍ,SÍ,SÍ,NO,SÍ,SÍ,SÍ,SÍ,SÍ,SÍ,NO,SÍ,SÍ,NO,NO,SÍ,SÍ,SÍ,NO,SÍ,SÍ,,
2025-01-25 10:51:47,25/01/2025,Sucursal Jalapa Plaza,Jalapa,Distrito Oriente,SÍ,SÍ,SÍ,SÍ,NO,SÍ,SÍ,SÍ,NO,NO,NO,SÍ,SÍ,SÍ,SÍ,SÍ,SÍ,SÍ,NO,SÍ,SÍ,SÍ,SÍ,NO,NO,NO,NO,NO,SÍ,NO,SÍ,SÍ,SÍ,SÍ,SÍ,SÍ,SÍ,SÍ,SÍ,SÍ,,
2025-01-14 11:18:12,14/01/2025,Sucursal Terminal Solo,Sololá,Distrito Occidente,SÍ,NO,NO,SÍ,SÍ,SÍ,SÍ,SÍ,SÍ,NO,NO,SÍ,SÍ,SÍ,SÍ,SÍ,NO,NO,NO,SÍ,SÍ,NO,NO,SÍ,NO,SÍ,SÍ,NO,SÍ,SÍ,SÍ,SÍ,NO,SÍ,NO,NO,NO,SÍ,SÍ,NO,,
2025-01-02 18:51:09,02/01/2025,Sucursal Sololá Centro,Sololá,Distrito Occidente,SÍ,SÍ,SÍ,SÍ,SÍ,NO,SÍ,SÍ,SÍ,NO,NO,SÍ,SÍ,SÍ,NO,SÍ,SÍ,SÍ,NO,SÍ,SÍ,SÍ,SÍ,SÍ,SÍ,SÍ,SÍ,SÍ,SÍ,SÍ,SÍ,SÍ,SÍ,SÍ,SÍ,SÍ,SÍ,SÍ,SÍ,SÍ,Excelente servicio. La sucursal está operando en óptimas condiciones.,
2025-01-22 16:19:49,22/01/2025,Sucursal Express Toto,Totonicapán,Distrito Occidente,SÍ,NO,SÍ,SÍ,NO,SÍ,SÍ,SÍ,SÍ,NO,NO,SÍ,SÍ,SÍ,SÍ,SÍ,SÍ,NO,SÍ,SÍ,SÍ,NO,SÍ,SÍ,SÍ,SÍ,NO,SÍ,SÍ,NO,SÍ,SÍ,NO,NO,NO,NO,NO,NO,SÍ,SÍ,,
2025-01-04 12:39:50,04/01/2025,Sucursal Totonicapán Plaza,Totonicapán,Distrito Occidente,SÍ,SÍ,SÍ,SÍ,NO,SÍ,SÍ,SÍ,NO,NO,SÍ,SÍ,SÍ,SÍ,NO,NO,SÍ,SÍ,NO,SÍ,NO,NO,SÍ,SÍ,SÍ,SÍ,SÍ,SÍ,NO,SÍ,SÍ,NO,NO,SÍ,NO,NO,SÍ,SÍ,SÍ,SÍ,,
2025-01-09 14:03:50,09/01/2025,Sucursal Plaza Quic,Quiché,Distrito Occidente,SÍ,SÍ,SÍ,SÍ,SÍ,SÍ,SÍ,SÍ,NO,NO,NO,NO,SÍ,SÍ,SÍ,SÍ,SÍ,SÍ,NO,SÍ,SÍ,NO,NO,SÍ,SÍ,SÍ,SÍ,SÍ,SÍ,NO,NO,SÍ,SÍ,SÍ,SÍ,SÍ,SÍ,SÍ,SÍ,SÍ,,
2025-01-24 16:12:24,24/01/2025,Sucursal Quiché Plaza,Quiché,Distrito Occidente,NO,SÍ,NO,NO,NO,NO,SÍ,NO,NO,SÍ,NO,NO,SÍ,NO,NO,NO,SÍ,SÍ,NO,SÍ,NO,SÍ,NO,NO,SÍ,NO,NO,NO,NO,NO,NO,NO,SÍ,SÍ,SÍ,SÍ,NO,SÍ,NO,SÍ,"Se notaron deficiencias considerables, especialmente en Cobro. El personal necesita capacitación.",Incidencia grave en Cobro: Condiciones inaceptables de servicio o infraestructura.
2025-01-04 08:03:42,04/01/2025,Sucursal Oriente Baja,Baja Verapaz,Distrito Norte,SÍ,SÍ,SÍ,SÍ,SÍ,SÍ,SÍ,SÍ,SÍ,NO,NO,SÍ,SÍ,SÍ,SÍ,SÍ,SÍ,SÍ,NO,SÍ,SÍ,NO,SÍ,SÍ,SÍ,SÍ,SÍ,SÍ,SÍ,SÍ,NO,SÍ,SÍ,SÍ,SÍ,SÍ,SÍ,NO,SÍ,SÍ,Excelente servicio. La sucursal está operando en óptimas condiciones.,
2025-02-12 13:29:26,12/02/2025,Sucursal Centro,Guatemala,Distrito Metro,SÍ,NO,SÍ,SÍ,SÍ,SÍ,SÍ,SÍ,SÍ,NO,NO,SÍ,SÍ,NO,SÍ,SÍ,SÍ,SÍ,NO,SÍ,SÍ,SÍ,SÍ,SÍ,SÍ,SÍ,SÍ,SÍ,SÍ,SÍ,SÍ,SÍ,SÍ,SÍ,SÍ,SÍ,SÍ,SÍ,SÍ,SÍ,Excelente servicio. La sucursal está operando en óptimas condiciones.,
2025-02-03 10:09:27,03/02/2025,Sucursal Norte,Guatemala,Distrito Metro,SÍ,SÍ,SÍ,NO,NO,NO,SÍ,SÍ,SÍ,NO,NO,SÍ,SÍ,NO,SÍ,NO,SÍ,NO,SÍ,NO,SÍ,NO,SÍ,SÍ,SÍ,SÍ,NO,NO,NO,NO,NO,SÍ,SÍ,NO,NO,SÍ,NO,SÍ,SÍ,NO,"Se notaron deficiencias considerables, especialmente en Cobro. El personal necesita capacitación.",Incidencia grave en Cobro: Condiciones inaceptables de servicio o infraestructura.
2025-02-24 18:31:46,24/02/2025,Sucursal Sur,Guatemala,Distrito Metro,SÍ,SÍ,SÍ,SÍ,NO,SÍ,NO,SÍ,NO,NO,NO,SÍ,SÍ,SÍ,SÍ,NO,SÍ,SÍ,NO,SÍ,SÍ,SÍ,SÍ,NO,NO,NO,SÍ,SÍ,NO,SÍ,SÍ,SÍ,NO,SÍ,NO,SÍ,SÍ,SÍ,SÍ,NO,,
2025-02-08 13:12:22,08/02/2025,Sucursal Las Palmas,Guatemala,Distrito Metro,SÍ,SÍ,SÍ,SÍ,NO,SÍ,SÍ,SÍ,SÍ,NO,NO,SÍ,SÍ,SÍ,SÍ,SÍ,NO,SÍ,NO,SÍ,SÍ,NO,SÍ,SÍ,SÍ,SÍ,SÍ,SÍ,SÍ,SÍ,SÍ,SÍ,SÍ,SÍ,SÍ,SÍ,SÍ,SÍ,SÍ,SÍ,Excelente servicio. La sucursal está operando en óptimas condiciones.,
2025-02-09 13:10:56,09/02/2025,Sucursal Pradera,Guatemala,Distrito Metro,SÍ,SÍ,SÍ,SÍ,SÍ,NO,SÍ,SÍ,NO,NO,NO,SÍ,NO,SÍ,NO,NO,NO,SÍ,SÍ,NO,SÍ,NO,SÍ,SÍ,SÍ,NO,SÍ,NO,NO,NO,SÍ,NO,SÍ,NO,NO,NO,NO,SÍ,SÍ,NO,"Se notaron deficiencias considerables, especialmente en Cobro. El personal necesita capacitación.",
2025-02-26 11:16:15,26/02/2025,Sucursal Majadas,Guatemala,Distrito Metro,SÍ,NO,NO,NO,NO,NO,NO,SÍ,NO,NO,NO,NO,SÍ,SÍ,SÍ,SÍ,NO,SÍ,SÍ,SÍ,NO,NO,NO,NO,NO,NO,NO,SÍ,NO,NO,NO,SÍ,SÍ,SÍ,SÍ,SÍ,NO,NO,NO,NO,"Se notaron deficiencias considerables, especialmente en Cobro. El personal necesita capacitación.",
2025-02-11 13:19:04,11/02/2025,Sucursal Vista Hermosa,Guatemala,Distrito Metro,SÍ,SÍ,SÍ,SÍ,SÍ,NO,SÍ,SÍ,NO,NO,NO,NO,SÍ,SÍ,SÍ,SÍ,SÍ,SÍ,NO,NO,SÍ,NO,SÍ,SÍ,SÍ,SÍ,NO,SÍ,SÍ,SÍ,SÍ,SÍ,SÍ,SÍ,SÍ,SÍ,SÍ,NO,SÍ,SÍ,,
2025-02-20 13:58:06,20/02/2025,Sucursal Cayalá,Guatemala,Distrito Metro,SÍ,SÍ,SÍ,SÍ,SÍ,NO,SÍ,SÍ,SÍ,NO,SÍ,SÍ,SÍ,NO,SÍ,SÍ,SÍ,SÍ,NO,NO,NO,NO,SÍ,NO,SÍ,SÍ,SÍ,NO,SÍ,SÍ,SÍ,NO,SÍ,NO,SÍ,SÍ,SÍ,SÍ,NO,SÍ,,
2025-02-20 08:12:00,20/02/2025,Sucursal Américas,Guatemala,Distrito Metro,SÍ,SÍ,SÍ,SÍ,SÍ,SÍ,SÍ,SÍ,SÍ,NO,NO,SÍ,SÍ,SÍ,SÍ,SÍ,SÍ,SÍ,NO,SÍ,SÍ,NO,SÍ,NO,SÍ,SÍ,SÍ,SÍ,SÍ,SÍ,SÍ,SÍ,SÍ,SÍ,SÍ,SÍ,SÍ,SÍ,SÍ,SÍ,Excelente servicio. La sucursal está operando en óptimas condiciones.,
2025-02-18 14:00:32,18/02/2025,Sucursal Roosevelt,Guatemala,Distrito Metro,SÍ,SÍ,SÍ,SÍ,SÍ,SÍ,SÍ,SÍ,NO,NO,NO,SÍ,SÍ,SÍ,SÍ,NO,SÍ,SÍ,SÍ,SÍ,SÍ,NO,SÍ,SÍ,SÍ,SÍ,SÍ,SÍ,SÍ,NO,SÍ,NO,SÍ,SÍ,NO,SÍ,NO,SÍ,SÍ,NO,"Visita dentro del promedio, con áreas de oportunidad.",
2025-02-22 08:48:23,22/02/2025,Sucursal Portales,Guatemala,Distrito Metro,SÍ,SÍ,SÍ,SÍ,SÍ,SÍ,SÍ,NO,NO,NO,NO,NO,SÍ,SÍ,NO,NO,SÍ,NO,NO,SÍ,SÍ,NO,SÍ,SÍ,NO,SÍ,SÍ,SÍ,SÍ,SÍ,SÍ,SÍ,SÍ,SÍ,NO,SÍ,SÍ,NO,NO,SÍ,,
2025-02-13 11:13:13,13/02/2025,Sucursal Naranjo,Guatemala,Distrito Metro,SÍ,SÍ,SÍ,SÍ,SÍ,NO,SÍ,SÍ,SÍ,NO,NO,NO,SÍ,SÍ,NO,SÍ,SÍ,NO,NO,NO,SÍ,NO,SÍ,NO,SÍ,SÍ,SÍ,SÍ,SÍ,SÍ,SÍ,SÍ,SÍ,SÍ,NO,SÍ,NO,NO,SÍ,SÍ,,
2025-02-26 09:29:35,26/02/2025,Sucursal San Cristóbal,Guatemala,Distrito Metro,NO,SÍ,SÍ,NO,NO,NO,NO,NO,NO,SÍ,SÍ,SÍ,NO,NO,SÍ,SÍ,SÍ,SÍ,NO,NO,NO,SÍ,SÍ,SÍ,SÍ,NO,SÍ,NO,SÍ,NO,SÍ,SÍ,NO,SÍ,SÍ,NO,NO,NO,SÍ,NO,"Se notaron deficiencias considerables, especialmente en Cobro. El personal necesita capacitación.",Incidencia grave en Cobro: Condiciones inaceptables de servicio o infraestructura.
2025-02-17 09:41:47,17/02/2025,Sucursal Muxbal,Guatemala,Distrito Metro,SÍ,SÍ,SÍ,NO,SÍ,SÍ,SÍ,SÍ,SÍ,NO,NO,SÍ,SÍ,NO,SÍ,SÍ,SÍ,SÍ,NO,SÍ,NO,NO,SÍ,SÍ,SÍ,SÍ,SÍ,SÍ,NO,SÍ,SÍ,SÍ,SÍ,SÍ,SÍ,SÍ,SÍ,SÍ,SÍ,SÍ,Excelente servicio. La sucursal está operando en óptimas condiciones.,
2025-02-16 11:15:06,16/02/2025,Sucursal Carretera,Guatemala,Distrito Metro,SÍ,SÍ,SÍ,SÍ,SÍ,SÍ,SÍ,NO,SÍ,SÍ,NO,SÍ,NO,SÍ,SÍ,SÍ,SÍ,SÍ,NO,SÍ,NO,NO,SÍ,SÍ,SÍ,SÍ,SÍ,SÍ,SÍ,SÍ,NO,SÍ,SÍ,SÍ,SÍ,NO,SÍ,SÍ,SÍ,SÍ,,
2025-02-16 10:05:19,16/02/2025,Sucursal Zonal,Guatemala,Distrito Metro,NO,SÍ,NO,NO,SÍ,SÍ,SÍ,SÍ,SÍ,NO,NO,SÍ,SÍ,SÍ,SÍ,NO,SÍ,SÍ,NO,NO,SÍ,NO,SÍ,NO,SÍ,SÍ,SÍ,SÍ,SÍ,SÍ,SÍ,SÍ,NO,NO,NO,NO,SÍ,SÍ,SÍ,SÍ,,
2025-02-08 17:10:52,08/02/2025,Sucursal Express,Guatemala,Distrito Metro,NO,NO,SÍ,NO,SÍ,SÍ,NO,NO,NO,NO,NO,NO,SÍ,SÍ,NO,NO,NO,SÍ,NO,SÍ,SÍ,NO,SÍ,SÍ,SÍ,SÍ,SÍ,SÍ,SÍ,NO,NO,SÍ,NO,SÍ,SÍ,NO,SÍ,NO,SÍ,NO,"Se notaron deficiencias considerables, especialmente en Cobro. El personal necesita capacitación.",
2025-02-23 14:39:32,23/02/2025,Sucursal San Miguel,Guatemala,Distrito Metro,SÍ,SÍ,SÍ,SÍ,NO,SÍ,SÍ,SÍ,NO,NO,SÍ,NO,NO,SÍ,SÍ,NO,SÍ,SÍ,SÍ,NO,NO,NO,SÍ,SÍ,SÍ,SÍ,SÍ,SÍ,SÍ,NO,SÍ,SÍ,NO,NO,NO,NO,NO,NO,SÍ,SÍ,"Se notaron deficiencias considerables, especialmente en Cobro. El personal necesita capacitación.",
2025-02-07 15:27:31,07/02/2025,Sucursal Villa Nueva,Guatemala,Distrito Metro,SÍ,SÍ,SÍ,SÍ,SÍ,SÍ,NO,NO,SÍ,NO,NO,SÍ,SÍ,NO,SÍ,SÍ,SÍ,SÍ,NO,SÍ,SÍ,NO,SÍ,SÍ,SÍ,SÍ,SÍ,NO,SÍ,SÍ,SÍ,SÍ,SÍ,SÍ,SÍ,SÍ,SÍ,NO,NO,SÍ,,
2025-02-19 13:50:09,19/02/2025,Sucursal Petapa,Guatemala,Distrito Metro,SÍ,NO,SÍ,NO,NO,SÍ,NO,SÍ,NO,NO,SÍ,SÍ,SÍ,NO,SÍ,SÍ,SÍ,NO,NO,SÍ,SÍ,NO,SÍ,SÍ,SÍ,SÍ,NO,SÍ,SÍ,SÍ,SÍ,NO,SÍ,SÍ,SÍ,SÍ,SÍ,SÍ,SÍ,NO,,
2025-02-24 08:25:15,24/02/2025,Sucursal Mixco,Guatemala,Distrito Metro,NO,NO,NO,NO,SÍ,NO,NO,NO,NO,SÍ,NO,SÍ,SÍ,NO,NO,NO,SÍ,SÍ,NO,SÍ,NO,SÍ,NO,NO,SÍ,NO,NO,NO,SÍ,SÍ,SÍ,SÍ,NO,SÍ,NO,SÍ,SÍ,NO,SÍ,SÍ,"Se notaron deficiencias considerables, especialmente en Cobro. El personal necesita capacitación.",
2025-02-01 08:38:13,01/02/2025,Sucursal San José,Guatemala,Distrito Metro,SÍ,SÍ,SÍ,NO,SÍ,NO,NO,SÍ,SÍ,SÍ,NO,NO,NO,NO,NO,NO,SÍ,NO,NO,NO,NO,SÍ,NO,NO,SÍ,NO,SÍ,NO,SÍ,SÍ,SÍ,NO,SÍ,NO,SÍ,SÍ,NO,NO,SÍ,SÍ,"Se notaron deficiencias considerables, especialmente en Cobro. El personal necesita capacitación.",Incidencia grave en Cobro: Condiciones inaceptables de servicio o infraestructura.
2025-02-23 14:05:50,23/02/2025,Sucursal Santa Catarina,Guatemala,Distrito Metro,SÍ,SÍ,SÍ,SÍ,NO,SÍ,SÍ,NO,SÍ,NO,SÍ,SÍ,NO,NO,NO,SÍ,SÍ,SÍ,NO,NO,NO,NO,NO,SÍ,SÍ,NO,SÍ,SÍ,SÍ,SÍ,SÍ,SÍ,NO,NO,SÍ,SÍ,NO,SÍ,SÍ,SÍ,,
2025-02-22 09:06:35,22/02/2025,Sucursal Pinula,Guatemala,Distrito Metro,SÍ,SÍ,SÍ,NO,SÍ,NO,NO,SÍ,SÍ,SÍ,SÍ,SÍ,SÍ,SÍ,NO,SÍ,NO,SÍ,NO,SÍ,SÍ,NO,SÍ,SÍ,SÍ,NO,SÍ,SÍ,SÍ,NO,SÍ,NO,NO,SÍ,SÍ,NO,SÍ,SÍ,NO,SÍ,,
2025-02-18 12:49:31,18/02/2025,Sucursal Boca del Monte,Guatemala,Distrito Metro,SÍ,SÍ,NO,SÍ,SÍ,SÍ,SÍ,SÍ,SÍ,NO,NO,SÍ,SÍ,SÍ,SÍ,NO,SÍ,NO,NO,SÍ,SÍ,NO,SÍ,SÍ,SÍ,SÍ,SÍ,SÍ,SÍ,SÍ,SÍ,SÍ,SÍ,SÍ,SÍ,SÍ,SÍ,SÍ,SÍ,SÍ,Excelente servicio. La sucursal está operando en óptimas condiciones.,
2025-02-24 12:19:38,24/02/2025,Sucursal Atlántico,Guatemala,Distrito Metro,NO,SÍ,NO,NO,NO,SÍ,NO,NO,SÍ,SÍ,NO,NO,NO,NO,NO,NO,SÍ,SÍ,NO,SÍ,NO,NO,SÍ,NO,SÍ,NO,NO,NO,SÍ,NO,NO,NO,SÍ,NO,NO,NO,NO,NO,NO,SÍ,"Se notaron deficiencias considerables, especialmente en Cobro. El personal necesita capacitación.",
2025-02-19 17:14:41,19/02/2025,Sucursal Pacífico,Guatemala,Distrito Metro,NO,NO,SÍ,SÍ,NO,NO,NO,NO,SÍ,SÍ,SÍ,SÍ,NO,NO,SÍ,NO,SÍ,NO,NO,SÍ,NO,SÍ,NO,NO,NO,NO,NO,SÍ,NO,NO,NO,NO,NO,NO,SÍ,SÍ,NO,SÍ,SÍ,SÍ,"Se notaron deficiencias considerables, especialmente en Cobro. El personal necesita capacitación.",
2025-02-03 10:30:27,03/02/2025,Sucursal Aguilar Batres,Guatemala,Distrito Metro,NO,SÍ,SÍ,SÍ,NO,SÍ,SÍ,SÍ,NO,NO,NO,SÍ,SÍ,NO,NO,NO,SÍ,SÍ,NO,SÍ,NO,NO,SÍ,SÍ,SÍ,SÍ,SÍ,SÍ,SÍ,SÍ,SÍ,SÍ,SÍ,NO,NO,NO,NO,SÍ,SÍ,SÍ,,
2025-02-20 13:36:21,20/02/2025,Sucursal Avenida,Guatemala,Distrito Metro,NO,SÍ,SÍ,NO,SÍ,SÍ,NO,NO,SÍ,SÍ,SÍ,NO,SÍ,NO,NO,SÍ,NO,NO,SÍ,SÍ,NO,SÍ,SÍ,NO,SÍ,SÍ,NO,SÍ,NO,SÍ,NO,NO,NO,NO,NO,SÍ,SÍ,NO,SÍ,NO,"Se notaron deficiencias considerables, especialmente en Cobro. El personal necesita capacitación.",Incidencia grave en Cobro: Condiciones inaceptables de servicio o infraestructura.
2025-02-23 18:23:21,23/02/2025,Sucursal Boulevard,Guatemala,Distrito Metro,SÍ,SÍ,SÍ,SÍ,NO,NO,SÍ,SÍ,SÍ,NO,SÍ,SÍ,SÍ,NO,SÍ,SÍ,NO,SÍ,SÍ,NO,SÍ,SÍ,SÍ,SÍ,NO,SÍ,NO,SÍ,SÍ,SÍ,SÍ,SÍ,SÍ,SÍ,SÍ,SÍ,NO,SÍ,SÍ,SÍ,,
2025-02-19 13:23:42,19/02/2025,Sucursal Quetzaltenango Norte,Quetzaltenango,Distrito Occidente,NO,NO,SÍ,SÍ,SÍ,SÍ,SÍ,SÍ,SÍ,NO,NO,SÍ,SÍ,SÍ,SÍ,SÍ,SÍ,SÍ,NO,SÍ,SÍ,SÍ,SÍ,SÍ,NO,SÍ,SÍ,NO,NO,SÍ,SÍ,SÍ,SÍ,SÍ,SÍ,SÍ,NO,NO,SÍ,SÍ,,
2025-02-25 09:13:24,25/02/2025,Sucursal Terminal Quet,Quetzaltenango,Distrito Occidente,SÍ,SÍ,SÍ,SÍ,SÍ,SÍ,SÍ,SÍ,SÍ,NO,NO,SÍ,SÍ,SÍ,SÍ,SÍ,NO,SÍ,NO,NO,SÍ,NO,SÍ,SÍ,NO,NO,SÍ,SÍ,SÍ,SÍ,SÍ,SÍ,SÍ,SÍ,NO,SÍ,SÍ,SÍ,NO,SÍ,,
2025-02-09 09:31:17,09/02/2025,Sucursal Quetzaltenango Centro,Quetzaltenango,Distrito Occidente,SÍ,SÍ,SÍ,SÍ,NO,SÍ,SÍ,SÍ,SÍ,NO,NO,SÍ,SÍ,SÍ,SÍ,SÍ,NO,SÍ,NO,NO,SÍ,NO,SÍ,SÍ,SÍ,SÍ,SÍ,SÍ,SÍ,NO,NO,SÍ,SÍ,SÍ,SÍ,SÍ,SÍ,NO,SÍ,SÍ,,
2025-02-07 16:32:18,07/02/2025,Sucursal Llanos Quet,Quetzaltenango,Distrito Occidente,NO,SÍ,NO,SÍ,SÍ,SÍ,SÍ,SÍ,SÍ,NO,SÍ,SÍ,SÍ,SÍ,NO,SÍ,NO,NO,NO,SÍ,SÍ,SÍ,NO,SÍ,SÍ,NO,SÍ,SÍ,SÍ,SÍ,NO,SÍ,SÍ,NO,SÍ,NO,SÍ,SÍ,NO,SÍ,"Visita dentro del promedio, con áreas de oportunidad.",
2025-02-09 11:01:24,09/02/2025,Sucursal Quetzaltenango Norte,Quetzaltenango,Distrito Occidente,NO,NO,SÍ,SÍ,SÍ,NO,SÍ,SÍ,SÍ,NO,SÍ,SÍ,SÍ,SÍ,NO,NO,SÍ,SÍ,NO,SÍ,SÍ,SÍ,SÍ,NO,SÍ,SÍ,SÍ,SÍ,SÍ,SÍ,SÍ,NO,NO,SÍ,SÍ,SÍ,SÍ,NO,SÍ,SÍ,,
2025-02-01 12:02:53,01/02/2025,Sucursal Sur Quet,Quetzaltenango,Distrito Occidente,SÍ,SÍ,NO,NO,SÍ,NO,SÍ,NO,SÍ,SÍ,SÍ,SÍ,NO,NO,NO,SÍ,NO,NO,SÍ,SÍ,SÍ,NO,SÍ,SÍ,SÍ,NO,SÍ,SÍ,SÍ,SÍ,NO,SÍ,NO,SÍ,SÍ,SÍ,SÍ,SÍ,SÍ,SÍ,,
2025-02-25 10:32:00,25/02/2025,Sucursal Escuintla Centro,Escuintla,Distrito Sur,SÍ,SÍ,SÍ,SÍ,NO,SÍ,SÍ,SÍ,SÍ,NO,NO,NO,SÍ,SÍ,SÍ,SÍ,SÍ,SÍ,NO,SÍ,SÍ,NO,SÍ,SÍ,SÍ,SÍ,SÍ,SÍ,SÍ,SÍ,SÍ,SÍ,SÍ,SÍ,SÍ,SÍ,SÍ,SÍ,SÍ,SÍ,Excelente servicio. La sucursal está operando en óptimas condiciones.,
2025-02-26 09:28:22,26/02/2025,Sucursal Mercado Escu,Escuintla,Distrito Sur,SÍ,SÍ,SÍ,SÍ,SÍ,SÍ,SÍ,SÍ,SÍ,NO,NO,SÍ,SÍ,SÍ,SÍ,NO,NO,SÍ,SÍ,SÍ,SÍ,NO,NO,SÍ,SÍ,SÍ,SÍ,SÍ,SÍ,SÍ,SÍ,SÍ,SÍ,SÍ,SÍ,SÍ,SÍ,SÍ,SÍ,SÍ,Excelente servicio. La sucursal está operando en óptimas condiciones.,
2025-02-09 12:37:02,09/02/2025,Sucursal Escuintla Norte,Escuintla,Distrito Sur,SÍ,SÍ,SÍ,SÍ,SÍ,SÍ,SÍ,SÍ,SÍ,NO,NO,SÍ,SÍ,SÍ,SÍ,SÍ,SÍ,SÍ,NO,SÍ,SÍ,NO,SÍ,SÍ,SÍ,SÍ,SÍ,SÍ,SÍ,SÍ,SÍ,SÍ,SÍ,SÍ,SÍ,SÍ,SÍ,SÍ,SÍ,SÍ,Excelente servicio. La sucursal está operando en óptimas condiciones.,
2025-02-26 09:19:14,26/02/2025,Sucursal Occidente Escu,Escuintla,Distrito Sur,NO,NO,SÍ,NO,NO,NO,NO,NO,SÍ,SÍ,NO,SÍ,SÍ,NO,SÍ,NO,SÍ,NO,SÍ,SÍ,NO,SÍ,NO,NO,NO,SÍ,NO,NO,SÍ,NO,SÍ,NO,NO,SÍ,NO,SÍ,SÍ,SÍ,NO,SÍ,"Se notaron deficiencias considerables, especialmente en Cobro. El personal necesita capacitación.",
2025-02-02 09:14:22,02/02/2025,Sucursal Escuintla Norte,Escuintla,Distrito Sur,NO,NO,SÍ,SÍ,SÍ,SÍ,SÍ,SÍ,SÍ,NO,NO,SÍ,NO,SÍ,NO,NO,NO,SÍ,SÍ,SÍ,NO,SÍ,SÍ,NO,NO,NO,SÍ,NO,NO,NO,NO,SÍ,NO,SÍ,SÍ,NO,NO,SÍ,NO,SÍ,"Se notaron deficiencias considerables, especialmente en Cobro. El personal necesita capacitación.",
2025-02-07 12:49:37,07/02/2025,Sucursal Norte Escu,Escuintla,Distrito Sur,NO,SÍ,SÍ,SÍ,NO,SÍ,SÍ,SÍ,NO,NO,SÍ,SÍ,SÍ,SÍ,NO,SÍ,SÍ,SÍ,NO,NO,NO,NO,SÍ,SÍ,SÍ,SÍ,SÍ,NO,SÍ,SÍ,NO,SÍ,NO,NO,NO,NO,NO,SÍ,SÍ,SÍ,,
2025-02-11 11:32:39,11/02/2025,Sucursal Sacatepéquez Norte,Sacatepéquez,Distrito Central,SÍ,SÍ,SÍ,SÍ,SÍ,SÍ,NO,SÍ,NO,NO,NO,SÍ,SÍ,SÍ,SÍ,SÍ,SÍ,SÍ,NO,SÍ,SÍ,NO,SÍ,SÍ,SÍ,SÍ,SÍ,SÍ,SÍ,SÍ,SÍ,SÍ,SÍ,SÍ,SÍ,SÍ,SÍ,SÍ,SÍ,SÍ,Excelente servicio. La sucursal está operando en óptimas condiciones.,
2025-02-11 17:24:48,11/02/2025,Sucursal Central Saca,Sacatepéquez,Distrito Central,SÍ,SÍ,SÍ,SÍ,NO,SÍ,SÍ,SÍ,SÍ,NO,SÍ,SÍ,SÍ,SÍ,NO,NO,SÍ,SÍ,SÍ,NO,NO,NO,SÍ,SÍ,SÍ,SÍ,SÍ,SÍ,SÍ,SÍ,SÍ,SÍ,NO,SÍ,NO,NO,NO,SÍ,SÍ,SÍ,,
2025-02-03 14:36:54,03/02/2025,Sucursal Sacatepéquez Centro,Sacatepéquez,Distrito Central,SÍ,SÍ,SÍ,SÍ,SÍ,NO,SÍ,SÍ,SÍ,NO,NO,SÍ,SÍ,SÍ,SÍ,SÍ,SÍ,SÍ,NO,NO,SÍ,NO,SÍ,SÍ,NO,NO,NO,SÍ,NO,NO,SÍ,SÍ,SÍ,SÍ,NO,SÍ,SÍ,SÍ,SÍ,SÍ,"Visita dentro del promedio, con áreas de oportunidad.",
2025-02-16 13:45:21,16/02/2025,Sucursal Terminal Saca,Sacatepéquez,Distrito Central,SÍ,NO,SÍ,SÍ,SÍ,NO,SÍ,SÍ,SÍ,SÍ,SÍ,SÍ,SÍ,NO,SÍ,SÍ,SÍ,SÍ,NO,NO,NO,NO,NO,SÍ,SÍ,SÍ,NO,NO,SÍ,NO,SÍ,NO,NO,NO,SÍ,SÍ,SÍ,SÍ,SÍ,SÍ,,
2025-02-06 15:47:17,06/02/2025,Sucursal Sacatepéquez Norte,Sacatepéquez,Distrito Central,SÍ,SÍ,SÍ,SÍ,SÍ,SÍ,SÍ,SÍ,SÍ,SÍ,NO,SÍ,SÍ,NO,SÍ,SÍ,SÍ,SÍ,NO,SÍ,SÍ,NO,NO,SÍ,NO,SÍ,SÍ,NO,SÍ,SÍ,SÍ,SÍ,SÍ,SÍ,SÍ,NO,SÍ,NO,SÍ,SÍ,"Visita dentro del promedio, con áreas de oportunidad.",
2025-02-05 09:40:10,05/02/2025,Sucursal Avenida Chim,Chimaltenango,Distrito Central,NO,SÍ,SÍ,SÍ,SÍ,NO,SÍ,SÍ,SÍ,SÍ,SÍ,SÍ,SÍ,SÍ,SÍ,SÍ,SÍ,SÍ,NO,SÍ,SÍ,SÍ,NO,SÍ,SÍ,NO,NO,SÍ,SÍ,SÍ,SÍ,SÍ,SÍ,SÍ,SÍ,SÍ,SÍ,SÍ,SÍ,SÍ,,
2025-02-16 15:19:28,16/02/2025,Sucursal Chimaltenango Centro,Chimaltenango,Distrito Central,SÍ,SÍ,NO,NO,SÍ,SÍ,SÍ,SÍ,SÍ,NO,NO,SÍ,SÍ,SÍ,SÍ,SÍ,SÍ,SÍ,NO,NO,SÍ,NO,SÍ,SÍ,SÍ,SÍ,SÍ,SÍ,SÍ,NO,SÍ,SÍ,SÍ,SÍ,SÍ,SÍ,SÍ,SÍ,SÍ,SÍ,Excelente servicio. La sucursal está operando en óptimas condiciones.,
2025-02-16 13:05:53,16/02/2025,Sucursal Plaza Chim,Chimaltenango,Distrito Central,SÍ,SÍ,NO,SÍ,SÍ,SÍ,SÍ,SÍ,SÍ,NO,NO,NO,SÍ,SÍ,SÍ,SÍ,SÍ,SÍ,NO,SÍ,SÍ,NO,SÍ,SÍ,SÍ,SÍ,SÍ,SÍ,SÍ,SÍ,SÍ,SÍ,SÍ,SÍ,SÍ,SÍ,SÍ,SÍ,SÍ,SÍ,Excelente servicio. La sucursal está operando en óptimas condiciones.,
2025-02-21 15:03:11,21/02/2025,Sucursal Chimaltenango Plaza,Chimaltenango,Distrito Central,NO,SÍ,SÍ,SÍ,NO,SÍ,SÍ,SÍ,NO,SÍ,NO,NO,NO,NO,SÍ,SÍ,SÍ,NO,NO,SÍ,NO,NO,NO,SÍ,NO,NO,NO,NO,NO,SÍ,NO,SÍ,NO,NO,SÍ,SÍ,SÍ,NO,NO,NO,"Se notaron deficiencias considerables, especialmente en Cobro. El personal necesita capacitación.",
2025-02-04 16:40:21,04/02/2025,Sucursal Avenida Alta,Alta Verapaz,Distrito Norte,SÍ,SÍ,SÍ,SÍ,SÍ,SÍ,SÍ,SÍ,NO,SÍ,NO,SÍ,SÍ,NO,SÍ,SÍ,NO,SÍ,NO,SÍ,SÍ,NO,SÍ,SÍ,NO,SÍ,SÍ,SÍ,NO,SÍ,NO,SÍ,NO,SÍ,SÍ,NO,SÍ,SÍ,SÍ,SÍ,"Visita dentro del promedio, con áreas de oportunidad.",
2025-02-27 16:05:54,27/02/2025,Sucursal Alta Verapaz Plaza,Alta Verapaz,Distrito Norte,NO,SÍ,SÍ,NO,NO,SÍ,NO,NO,NO,SÍ,SÍ,SÍ,SÍ,NO,NO,SÍ,NO,NO,NO,SÍ,NO,NO,SÍ,NO,NO,SÍ,SÍ,NO,NO,NO,NO,SÍ,SÍ,SÍ,SÍ,NO,SÍ,SÍ,NO,SÍ,"Se notaron deficiencias considerables, especialmente en Cobro. El personal necesita capacitación.",Incidencia grave en Cobro: Condiciones inaceptables de servicio o infraestructura.
2025-02-14 18:27:41,14/02/2025,Sucursal Express Alta,Alta Verapaz,Distrito Norte,SÍ,SÍ,NO,NO,NO,NO,SÍ,SÍ,SÍ,NO,SÍ,NO,SÍ,SÍ,SÍ,NO,SÍ,NO,SÍ,NO,NO,NO,SÍ,SÍ,SÍ,NO,SÍ,NO,SÍ,SÍ,NO,SÍ,SÍ,SÍ,NO,SÍ,SÍ,SÍ,NO,NO,"Se notaron deficiencias considerables, especialmente en Cobro. El personal necesita capacitación.",
2025-02-10 14:03:05,10/02/2025,Sucursal Alta Verapaz Centro,Alta Verapaz,Distrito Norte,SÍ,SÍ,NO,NO,SÍ,SÍ,SÍ,SÍ,NO,NO,SÍ,SÍ,SÍ,SÍ,SÍ,NO,SÍ,SÍ,SÍ,SÍ,NO,NO,SÍ,SÍ,SÍ,SÍ,NO,NO,SÍ,SÍ,SÍ,SÍ,NO,SÍ,NO,SÍ,NO,SÍ,SÍ,SÍ,,
2025-02-22 08:35:16,22/02/2025,Sucursal Centro Peté,Petén,Distrito Norte,SÍ,SÍ,SÍ,SÍ,SÍ,SÍ,SÍ,SÍ,SÍ,NO,NO,SÍ,SÍ,SÍ,SÍ,SÍ,SÍ,SÍ,NO,SÍ,SÍ,NO,SÍ,SÍ,SÍ,SÍ,SÍ,SÍ,SÍ,SÍ,SÍ,SÍ,SÍ,SÍ,SÍ,SÍ,SÍ,SÍ,SÍ,SÍ,Excelente servicio. La sucursal está operando en óptimas condiciones.,
2025-02-16 09:16:31,16/02/2025,Sucursal Petén Plaza,Petén,Distrito Norte,SÍ,SÍ,SÍ,SÍ,SÍ,SÍ,SÍ,SÍ,SÍ,NO,NO,SÍ,SÍ,SÍ,SÍ,SÍ,SÍ,SÍ,NO,SÍ,SÍ,NO,SÍ,SÍ,SÍ,SÍ,SÍ,SÍ,SÍ,SÍ,SÍ,SÍ,SÍ,SÍ,SÍ,SÍ,SÍ,SÍ,SÍ,SÍ,Excelente servicio. La sucursal está operando en óptimas condiciones.,
2025-02-22 11:17:46,22/02/2025,Sucursal Avenida Peté,Petén,Distrito Norte,SÍ,NO,SÍ,SÍ,SÍ,SÍ,NO,NO,SÍ,NO,NO,SÍ,SÍ,SÍ,SÍ,SÍ,SÍ,SÍ,SÍ,SÍ,SÍ,NO,SÍ,SÍ,NO,NO,NO,SÍ,SÍ,SÍ,NO,SÍ,SÍ,SÍ,SÍ,SÍ,SÍ,SÍ,NO,SÍ,,
2025-02-20 16:11:20,20/02/2025,Sucursal Izabal Centro,Izabal,Distrito Oriente,SÍ,SÍ,SÍ,NO,SÍ,SÍ,SÍ,SÍ,SÍ,SÍ,NO,NO,SÍ,SÍ,SÍ,NO,SÍ,NO,SÍ,SÍ,SÍ,SÍ,SÍ,SÍ,SÍ,SÍ,SÍ,SÍ,SÍ,SÍ,SÍ,SÍ,SÍ,SÍ,SÍ,SÍ,SÍ,NO,SÍ,NO,,
2025-02-19 15:44:23,19/02/2025,Sucursal Express Izab,Izabal,Distrito Oriente,SÍ,SÍ,SÍ,NO,SÍ,SÍ,SÍ,SÍ,SÍ,NO,NO,SÍ,SÍ,NO,SÍ,SÍ,NO,SÍ,NO,SÍ,SÍ,SÍ,SÍ,SÍ,SÍ,SÍ,SÍ,SÍ,SÍ,SÍ,SÍ,SÍ,SÍ,SÍ,SÍ,SÍ,SÍ,SÍ,SÍ,SÍ,,
2025-02-18 14:49:25,18/02/2025,Sucursal Izabal Centro,Izabal,Distrito Oriente,SÍ,SÍ,SÍ,SÍ,NO,SÍ,NO,SÍ,SÍ,NO,NO,SÍ,SÍ,SÍ,SÍ,SÍ,SÍ,SÍ,NO,SÍ,SÍ,NO,SÍ,SÍ,SÍ,SÍ,SÍ,SÍ,SÍ,SÍ,SÍ,SÍ,SÍ,SÍ,SÍ,SÍ,SÍ,NO,SÍ,SÍ,Excelente servicio. La sucursal está operando en óptimas condiciones.,
2025-02-26 10:23:25,26/02/2025,Sucursal Centro San ,San Marcos,Distrito Occidente,NO,SÍ,SÍ,SÍ,SÍ,NO,SÍ,SÍ,SÍ,NO,NO,SÍ,SÍ,SÍ,SÍ,SÍ,SÍ,SÍ,NO,SÍ,SÍ,NO,SÍ,SÍ,SÍ,SÍ,SÍ,SÍ,SÍ,SÍ,SÍ,SÍ,SÍ,SÍ,SÍ,SÍ,SÍ,SÍ,SÍ,SÍ,Excelente servicio. La sucursal está operando en óptimas condiciones.,
2025-02-17 11:06:26,17/02/2025,Sucursal San Marcos Norte,San Marcos,Distrito Occidente,SÍ,NO,SÍ,SÍ,NO,SÍ,NO,SÍ,SÍ,NO,NO,SÍ,NO,SÍ,NO,SÍ,SÍ,NO,SÍ,NO,NO,NO,SÍ,NO,NO,SÍ,SÍ,SÍ,SÍ,SÍ,SÍ,NO,NO,SÍ,SÍ,SÍ,NO,NO,NO,NO,"Se notaron deficiencias considerables, especialmente en Cobro. El personal necesita capacitación.",
2025-02-06 13:55:30,06/02/2025,Sucursal Central San ,San Marcos,Distrito Occidente,SÍ,SÍ,SÍ,SÍ,SÍ,SÍ,NO,SÍ,SÍ,NO,SÍ,SÍ,SÍ,SÍ,SÍ,SÍ,SÍ,SÍ,NO,SÍ,SÍ,NO,NO,NO,SÍ,SÍ,SÍ,SÍ,SÍ,NO,SÍ,SÍ,SÍ,SÍ,SÍ,SÍ,SÍ,NO,SÍ,NO,,
2025-02-04 08:49:36,04/02/2025,Sucursal Huehuetenango Norte,Huehuetenango,Distrito Occidente,NO,SÍ,SÍ,SÍ,SÍ,NO,SÍ,SÍ,SÍ,SÍ,NO,SÍ,SÍ,SÍ,SÍ,SÍ,SÍ,SÍ,NO,SÍ,NO,SÍ,SÍ,SÍ,NO,NO,NO,NO,SÍ,NO,SÍ,NO,SÍ,SÍ,SÍ,SÍ,SÍ,SÍ,NO,NO,"Visita dentro del promedio, con áreas de oportunidad.",
2025-02-24 08:43:35,24/02/2025,Sucursal Occidente Hueh,Huehuetenango,Distrito Occidente,SÍ,SÍ,SÍ,SÍ,NO,SÍ,SÍ,SÍ,SÍ,NO,NO,SÍ,SÍ,SÍ,SÍ,SÍ,SÍ,SÍ,NO,NO,SÍ,NO,SÍ,NO,SÍ,SÍ,SÍ,SÍ,SÍ,SÍ,SÍ,SÍ,NO,SÍ,SÍ,SÍ,SÍ,SÍ,SÍ,SÍ,Excelente servicio. La sucursal está operando en óptimas condiciones.,
2025-02-11 11:58:35,11/02/2025,Sucursal Huehuetenango Norte,Huehuetenango,Distrito Occidente,NO,SÍ,SÍ,SÍ,NO,SÍ,NO,SÍ,NO,SÍ,NO,SÍ,SÍ,NO,NO,NO,NO,SÍ,SÍ,NO,SÍ,SÍ,NO,SÍ,SÍ,NO,NO,NO,NO,NO,SÍ,SÍ,NO,NO,NO,NO,NO,NO,NO,NO,"Se notaron deficiencias considerables, especialmente en Cobro. El personal necesita capacitación.",Incidencia grave en Cobro: Condiciones inaceptables de servicio o infraestructura.
2025-02-21 17:40:57,21/02/2025,Sucursal Brisas Juti,Jutiapa,Distrito Oriente,SÍ,SÍ,SÍ,NO,SÍ,SÍ,SÍ,SÍ,SÍ,NO,NO,SÍ,SÍ,SÍ,SÍ,SÍ,SÍ,SÍ,NO,SÍ,SÍ,NO,SÍ,SÍ,SÍ,SÍ,SÍ,SÍ,SÍ,SÍ,SÍ,SÍ,SÍ,SÍ,NO,SÍ,SÍ,SÍ,SÍ,SÍ,Excelente servicio. La sucursal está operando en óptimas condiciones.,
2025-02-18 15:52:06,18/02/2025,Sucursal Jutiapa Plaza,Jutiapa,Distrito Oriente,SÍ,SÍ,NO,SÍ,SÍ,NO,SÍ,SÍ,SÍ,NO,NO,SÍ,SÍ,SÍ,SÍ,SÍ,NO,SÍ,NO,SÍ,SÍ,NO,SÍ,SÍ,SÍ,NO,NO,SÍ,SÍ,SÍ,SÍ,SÍ,SÍ,SÍ,SÍ,SÍ,SÍ,SÍ,SÍ,SÍ,,
2025-02-25 16:32:01,25/02/2025,Sucursal Llanos Zaca,Zacapa,Distrito Oriente,NO,SÍ,NO,NO,SÍ,SÍ,NO,NO,SÍ,SÍ,SÍ,NO,NO,SÍ,NO,NO,SÍ,NO,NO,NO,SÍ,NO,SÍ,SÍ,NO,SÍ,NO,SÍ,NO,NO,NO,SÍ,SÍ,SÍ,NO,NO,NO,NO,SÍ,NO,"Se notaron deficiencias considerables, especialmente en Cobro. El personal necesita capacitación.",
2025-02-12 16:44:07,12/02/2025,Sucursal Zacapa Plaza,Zacapa,Distrito Oriente,SÍ,NO,NO,SÍ,NO,SÍ,NO,NO,NO,SÍ,NO,SÍ,NO,SÍ,SÍ,NO,SÍ,NO,SÍ,NO,NO,SÍ,NO,SÍ,NO,NO,NO,SÍ,NO,SÍ,NO,NO,SÍ,NO,SÍ,NO,SÍ,NO,SÍ,SÍ,"Se notaron deficiencias considerables, especialmente en Cobro. El personal necesita capacitación.",
2025-02-27 11:44:16,27/02/2025,Sucursal Parque Reta,Retalhuleu,Distrito Sur,SÍ,NO,NO,NO,NO,SÍ,SÍ,SÍ,NO,SÍ,NO,SÍ,SÍ,NO,SÍ,NO,SÍ,NO,NO,NO,SÍ,SÍ,NO,SÍ,SÍ,NO,SÍ,NO,NO,NO,SÍ,SÍ,NO,SÍ,NO,NO,SÍ,NO,SÍ,SÍ,"Se notaron deficiencias considerables, especialmente en Cobro. El personal necesita capacitación.",
2025-02-04 17:09:30,04/02/2025,Sucursal Retalhuleu Norte,Retalhuleu,Distrito Sur,SÍ,SÍ,SÍ,SÍ,NO,SÍ,SÍ,SÍ,SÍ,NO,SÍ,SÍ,SÍ,SÍ,SÍ,SÍ,SÍ,SÍ,NO,NO,SÍ,NO,SÍ,SÍ,SÍ,SÍ,SÍ,SÍ,SÍ,SÍ,SÍ,SÍ,NO,NO,SÍ,NO,NO,SÍ,SÍ,SÍ,"Visita dentro del promedio, con áreas de oportunidad.",
2025-02-09 17:01:15,09/02/2025,Sucursal Terminal Such,Suchitepéquez,Distrito Sur,NO,NO,NO,NO,NO,SÍ,NO,SÍ,NO,SÍ,NO,SÍ,SÍ,SÍ,NO,NO,SÍ,NO,SÍ,NO,NO,SÍ,NO,NO,SÍ,SÍ,NO,NO,NO,NO,NO,NO,NO,NO,SÍ,SÍ,NO,SÍ,NO,SÍ,"Se notaron deficiencias considerables, especialmente en Cobro. El personal necesita capacitación.",
2025-02-14 10:44:12,14/02/2025,Sucursal Suchitepéquez Centro,Suchitepéquez,Distrito Sur,SÍ,SÍ,SÍ,SÍ,SÍ,SÍ,SÍ,SÍ,SÍ,NO,NO,SÍ,NO,SÍ,SÍ,SÍ,SÍ,SÍ,NO,SÍ,SÍ,NO,SÍ,SÍ,SÍ,NO,SÍ,SÍ,SÍ,SÍ,SÍ,SÍ,SÍ,SÍ,SÍ,SÍ,SÍ,SÍ,SÍ,SÍ,Excelente servicio. La sucursal está operando en óptimas condiciones.,
2025-02-02 14:06:41,02/02/2025,Sucursal Parque Sant,Santa Rosa,Distrito Sur,SÍ,SÍ,SÍ,SÍ,SÍ,SÍ,SÍ,SÍ,SÍ,NO,NO,SÍ,SÍ,SÍ,SÍ,SÍ,SÍ,SÍ,NO,SÍ,SÍ,NO,SÍ,NO,NO,NO,SÍ,NO,NO,NO,SÍ,SÍ,SÍ,SÍ,SÍ,SÍ,NO,SÍ,SÍ,SÍ,,
2025-02-17 09:14:45,17/02/2025,Sucursal Santa Rosa Centro,Santa Rosa,Distrito Sur,SÍ,NO,SÍ,SÍ,NO,NO,SÍ,NO,NO,SÍ,SÍ,SÍ,NO,NO,NO,NO,SÍ,SÍ,SÍ,NO,NO,NO,NO,SÍ,SÍ,NO,NO,NO,SÍ,SÍ,SÍ,NO,SÍ,NO,NO,NO,NO,NO,NO,NO,"Se notaron deficiencias considerables, especialmente en Cobro. El personal necesita capacitación.",
2025-02-20 13:32:06,20/02/2025,Sucursal Parque El P,El Progreso,Distrito Oriente,SÍ,SÍ,SÍ,NO,SÍ,NO,NO,NO,SÍ,SÍ,SÍ,SÍ,SÍ,SÍ,SÍ,SÍ,SÍ,SÍ,NO,SÍ,NO,NO,SÍ,SÍ,SÍ,NO,NO,SÍ,NO,SÍ,SÍ,SÍ,NO,SÍ,SÍ,NO,SÍ,SÍ,NO,SÍ,"Visita dentro del promedio, con áreas de oportunidad.",
2025-02-12 12:54:28,12/02/2025,Sucursal El Progreso Norte,El Progreso,Distrito Oriente,SÍ,SÍ,NO,SÍ,SÍ,SÍ,SÍ,SÍ,NO,NO,NO,SÍ,SÍ,SÍ,SÍ,SÍ,SÍ,SÍ,NO,SÍ,SÍ,NO,SÍ,SÍ,NO,SÍ,SÍ,NO,SÍ,SÍ,SÍ,SÍ,SÍ,SÍ,SÍ,NO,SÍ,SÍ,SÍ,SÍ,"Visita dentro del promedio, con áreas de oportunidad.",
2025-02-02 16:13:03,02/02/2025,Sucursal Mercado Chiq,Chiquimula,Distrito Oriente,NO,SÍ,SÍ,SÍ,SÍ,NO,SÍ,SÍ,SÍ,NO,NO,SÍ,SÍ,SÍ,SÍ,SÍ,NO,NO,NO,SÍ,NO,SÍ,NO,NO,SÍ,NO,SÍ,SÍ,SÍ,NO,NO,SÍ,SÍ,NO,SÍ,SÍ,SÍ,SÍ,SÍ,SÍ,,
2025-02-01 10:05:07,01/02/2025,Sucursal Chiquimula Centro,Chiquimula,Distrito Oriente,SÍ,SÍ,SÍ,SÍ,SÍ,NO,SÍ,NO,SÍ,NO,NO,SÍ,SÍ,SÍ,SÍ,SÍ,SÍ,NO,NO,SÍ,SÍ,NO,SÍ,SÍ,SÍ,SÍ,SÍ,SÍ,NO,SÍ,SÍ,NO,NO,SÍ,SÍ,NO,SÍ,NO,SÍ,SÍ,,
2025-02-11 17:57:11,11/02/2025,Sucursal Norte Jala,Jalapa,Distrito Oriente,SÍ,SÍ,NO,SÍ,SÍ,SÍ,NO,NO,SÍ,NO,SÍ,SÍ,SÍ,SÍ,SÍ,SÍ,SÍ,SÍ,NO,SÍ,SÍ,NO,SÍ,SÍ,NO,NO,SÍ,NO,SÍ,NO,SÍ,SÍ,SÍ,SÍ,NO,SÍ,SÍ,SÍ,SÍ,SÍ,,
2025-02-26 13:58:55,26/02/2025,Sucursal Jalapa Plaza,Jalapa,Distrito Oriente,SÍ,SÍ,SÍ,SÍ,SÍ,SÍ,SÍ,SÍ,SÍ,NO,NO,SÍ,SÍ,SÍ,SÍ,SÍ,SÍ,SÍ,NO,SÍ,NO,NO,SÍ,NO,NO,SÍ,SÍ,SÍ,NO,NO,SÍ,SÍ,SÍ,SÍ,SÍ,SÍ,SÍ,SÍ,SÍ,SÍ,,
2025-02-24 18:31:05,24/02/2025,Sucursal Terminal Solo,Sololá,Distrito Occidente,SÍ,NO,SÍ,SÍ,NO,SÍ,NO,SÍ,NO,SÍ,SÍ,NO,NO,SÍ,SÍ,SÍ,SÍ,NO,SÍ,NO,SÍ,NO,SÍ,SÍ,SÍ,NO,NO,SÍ,SÍ,SÍ,SÍ,SÍ,SÍ,SÍ,SÍ,NO,SÍ,SÍ,SÍ,SÍ,,
2025-02-22 12:02:36,22/02/2025,Sucursal Sololá Centro,Sololá,Distrito Occidente,SÍ,SÍ,SÍ,SÍ,SÍ,SÍ,SÍ,SÍ,NO,NO,NO,SÍ,SÍ,SÍ,SÍ,SÍ,SÍ,SÍ,NO,SÍ,SÍ,NO,SÍ,SÍ,SÍ,SÍ,SÍ,SÍ,SÍ,SÍ,SÍ,SÍ,SÍ,SÍ,SÍ,SÍ,SÍ,SÍ,SÍ,SÍ,Excelente servicio. La sucursal está operando en óptimas condiciones.,
2025-02-12 12:09:19,12/02/2025,Sucursal Express Toto,Totonicapán,Distrito Occidente,SÍ,SÍ,SÍ,NO,NO,SÍ,SÍ,SÍ,NO,SÍ,NO,SÍ,SÍ,SÍ,SÍ,SÍ,SÍ,SÍ,NO,SÍ,SÍ,NO,SÍ,SÍ,NO,SÍ,NO,SÍ,SÍ,SÍ,SÍ,SÍ,SÍ,NO,SÍ,NO,NO,SÍ,SÍ,SÍ,,
2025-02-18 11:07:23,18/02/2025,Sucursal Totonicapán Plaza,Totonicapán,Distrito Occidente,SÍ,SÍ,SÍ,SÍ,SÍ,SÍ,NO,SÍ,SÍ,NO,SÍ,SÍ,SÍ,SÍ,NO,SÍ,SÍ,SÍ,NO,NO,NO,NO,SÍ,SÍ,SÍ,SÍ,SÍ,SÍ,SÍ,SÍ,SÍ,SÍ,NO,SÍ,NO,NO,SÍ,SÍ,SÍ,SÍ,"Visita dentro del promedio, con áreas de oportunidad.",
2025-02-04 10:08:47,04/02/2025,Sucursal Plaza Quic,Quiché,Distrito Occidente,SÍ,SÍ,SÍ,NO,NO,SÍ,NO,SÍ,SÍ,NO,NO,SÍ,SÍ,SÍ,SÍ,SÍ,NO,SÍ,NO,SÍ,SÍ,NO,SÍ,SÍ,SÍ,SÍ,SÍ,SÍ,SÍ,SÍ,SÍ,NO,SÍ,SÍ,SÍ,SÍ,SÍ,NO,NO,SÍ,,
2025-02-27 11:46:14,27/02/2025,Sucursal Quiché Plaza,Quiché,Distrito Occidente,SÍ,SÍ,NO,NO,SÍ,NO,NO,NO,SÍ,SÍ,SÍ,SÍ,NO,NO,NO,NO,NO,SÍ,NO,NO,NO,NO,NO,NO,SÍ,NO,NO,SÍ,SÍ,SÍ,SÍ,NO,SÍ,NO,NO,SÍ,NO,NO,NO,SÍ,"Se notaron deficiencias considerables, especialmente en Cobro. El personal necesita capacitación.",Incidencia grave en Cobro: Condiciones inaceptables de servicio o infraestructura.
2025-02-15 11:12:26,15/02/2025,Sucursal Oriente Baja,Baja Verapaz,Distrito Norte,SÍ,SÍ,SÍ,SÍ,SÍ,SÍ,SÍ,SÍ,SÍ,NO,SÍ,NO,SÍ,SÍ,SÍ,NO,SÍ,SÍ,NO,SÍ,SÍ,NO,SÍ,SÍ,SÍ,SÍ,SÍ,SÍ,SÍ,SÍ,SÍ,SÍ,SÍ,SÍ,SÍ,SÍ,SÍ,SÍ,SÍ,SÍ,Excelente servicio. La sucursal está operando en óptimas condiciones.,
2025-03-04 12:30:20,04/03/2025,Sucursal Centro,Guatemala,Distrito Metro,SÍ,NO,SÍ,SÍ,SÍ,SÍ,SÍ,SÍ,SÍ,NO,NO,SÍ,SÍ,SÍ,SÍ,SÍ,SÍ,SÍ,NO,SÍ,NO,NO,SÍ,SÍ,SÍ,SÍ,SÍ,SÍ,SÍ,SÍ,SÍ,SÍ,SÍ,SÍ,SÍ,SÍ,NO,SÍ,SÍ,SÍ,Excelente servicio. La sucursal está operando en óptimas condiciones.,
2025-03-22 11:01:45,22/03/2025,Sucursal Norte,Guatemala,Distrito Metro,NO,SÍ,SÍ,SÍ,SÍ,SÍ,SÍ,NO,NO,NO,NO,SÍ,NO,NO,SÍ,SÍ,NO,SÍ,SÍ,NO,SÍ,NO,SÍ,SÍ,SÍ,SÍ,NO,NO,SÍ,SÍ,SÍ,SÍ,SÍ,SÍ,NO,SÍ,NO,NO,SÍ,SÍ,,
2025-03-27 12:00:42,27/03/2025,Sucursal Sur,Guatemala,Distrito Metro,SÍ,NO,SÍ,NO,NO,SÍ,SÍ,SÍ,SÍ,NO,SÍ,SÍ,NO,NO,SÍ,SÍ,SÍ,NO,NO,SÍ,SÍ,NO,SÍ,SÍ,NO,SÍ,SÍ,SÍ,SÍ,NO,SÍ,SÍ,SÍ,SÍ,NO,SÍ,NO,SÍ,NO,SÍ,,
2025-03-14 17:02:37,14/03/2025,Sucursal Las Palmas,Guatemala,Distrito Metro,SÍ,SÍ,SÍ,SÍ,SÍ,SÍ,SÍ,SÍ,SÍ,NO,NO,SÍ,SÍ,SÍ,NO,SÍ,SÍ,SÍ,NO,SÍ,SÍ,NO,SÍ,SÍ,SÍ,SÍ,SÍ,SÍ,SÍ,SÍ,SÍ,SÍ,SÍ,SÍ,SÍ,SÍ,SÍ,SÍ,SÍ,SÍ,Excelente servicio. La sucursal está operando en óptimas condiciones.,
2025-03-11 15:36:33,11/03/2025,Sucursal Pradera,Guatemala,Distrito Metro,NO,NO,NO,NO,NO,SÍ,SÍ,SÍ,NO,SÍ,SÍ,NO,NO,NO,NO,NO,NO,SÍ,NO,SÍ,NO,SÍ,NO,SÍ,NO,SÍ,SÍ,SÍ,SÍ,SÍ,SÍ,SÍ,NO,SÍ,NO,NO,NO,NO,NO,NO,"Se notaron deficiencias considerables, especialmente en Cobro. El personal necesita capacitación.",Incidencia grave en Cobro: Condiciones inaceptables de servicio o infraestructura.
2025-03-27 13:09:02,27/03/2025,Sucursal Majadas,Guatemala,Distrito Metro,SÍ,SÍ,SÍ,NO,SÍ,NO,NO,NO,SÍ,SÍ,SÍ,SÍ,NO,SÍ,SÍ,NO,NO,NO,NO,NO,SÍ,SÍ,NO,SÍ,NO,SÍ,NO,NO,NO,NO,NO,SÍ,NO,NO,SÍ,SÍ,NO,NO,NO,SÍ,"Se notaron deficiencias considerables, especialmente en Cobro. El personal necesita capacitación.",
2025-03-19 15:05:43,19/03/2025,Sucursal Vista Hermosa,Guatemala,Distrito Metro,SÍ,SÍ,SÍ,SÍ,SÍ,SÍ,SÍ,SÍ,SÍ,NO,NO,SÍ,SÍ,SÍ,SÍ,SÍ,SÍ,SÍ,NO,NO,SÍ,NO,SÍ,SÍ,SÍ,SÍ,SÍ,SÍ,SÍ,SÍ,SÍ,SÍ,SÍ,SÍ,SÍ,SÍ,SÍ,SÍ,SÍ,SÍ,Excelente servicio. La sucursal está operando en óptimas condiciones.,
2025-03-04 09:04:18,04/03/2025,Sucursal Cayalá,Guatemala,Distrito Metro,SÍ,NO,SÍ,SÍ,SÍ,SÍ,SÍ,NO,SÍ,SÍ,NO,SÍ,SÍ,SÍ,SÍ,NO,NO,NO,SÍ,SÍ,SÍ,SÍ,SÍ,NO,SÍ,SÍ,NO,SÍ,SÍ,NO,NO,SÍ,NO,NO,NO,NO,SÍ,SÍ,SÍ,SÍ,"Se notaron deficiencias considerables, especialmente en Cobro. El personal necesita capacitación.",
2025-03-04 09:26:30,04/03/2025,Sucursal Américas,Guatemala,Distrito Metro,SÍ,SÍ,SÍ,SÍ,SÍ,NO,SÍ,SÍ,SÍ,NO,NO,SÍ,SÍ,SÍ,SÍ,SÍ,SÍ,SÍ,NO,SÍ,SÍ,NO,SÍ,NO,SÍ,SÍ,SÍ,SÍ,SÍ,SÍ,SÍ,SÍ,SÍ,SÍ,SÍ,SÍ,SÍ,SÍ,SÍ,SÍ,Excelente servicio. La sucursal está operando en óptimas condiciones.,
2025-03-20 15:07:07,20/03/2025,Sucursal Roosevelt,Guatemala,Distrito Metro,SÍ,SÍ,SÍ,SÍ,NO,NO,SÍ,NO,NO,SÍ,NO,SÍ,SÍ,NO,SÍ,NO,SÍ,SÍ,SÍ,SÍ,NO,NO,SÍ,SÍ,SÍ,SÍ,NO,SÍ,NO,SÍ,SÍ,SÍ,SÍ,SÍ,SÍ,SÍ,SÍ,SÍ,NO,NO,,
2025-03-25 15:15:09,25/03/2025,Sucursal Portales,Guatemala,Distrito Metro,SÍ,SÍ,SÍ,SÍ,NO,NO,SÍ,SÍ,SÍ,NO,NO,SÍ,SÍ,SÍ,NO,SÍ,NO,NO,NO,SÍ,SÍ,NO,SÍ,SÍ,SÍ,SÍ,SÍ,SÍ,SÍ,SÍ,SÍ,SÍ,SÍ,NO,SÍ,SÍ,SÍ,NO,SÍ,SÍ,,
2025-03-04 15:37:06,04/03/2025,Sucursal Naranjo,Guatemala,Distrito Metro,SÍ,SÍ,SÍ,SÍ,SÍ,SÍ,SÍ,SÍ,SÍ,NO,NO,NO,SÍ,SÍ,SÍ,SÍ,SÍ,SÍ,NO,NO,NO,NO,SÍ,NO,NO,SÍ,SÍ,NO,NO,SÍ,SÍ,NO,NO,NO,NO,SÍ,NO,SÍ,NO,SÍ,,
2025-03-05 18:21:50,05/03/2025,Sucursal San Cristóbal,Guatemala,Distrito Metro,SÍ,NO,NO,NO,NO,SÍ,SÍ,NO,SÍ,SÍ,NO,SÍ,SÍ,NO,SÍ,NO,SÍ,SÍ,SÍ,NO,NO,NO,SÍ,NO,SÍ,NO,NO,SÍ,NO,SÍ,SÍ,SÍ,NO,SÍ,NO,NO,NO,NO,NO,SÍ,"Se notaron deficiencias considerables, especialmente en Cobro. El personal necesita capacitación.",
2025-03-19 18:07:54,19/03/2025,Sucursal Muxbal,Guatemala,Distrito Metro,SÍ,SÍ,SÍ,SÍ,SÍ,SÍ,NO,SÍ,SÍ,NO,SÍ,SÍ,SÍ,SÍ,SÍ,SÍ,SÍ,SÍ,NO,SÍ,SÍ,NO,NO,SÍ,SÍ,SÍ,SÍ,SÍ,SÍ,SÍ,SÍ,SÍ,SÍ,SÍ,SÍ,SÍ,NO,SÍ,SÍ,SÍ,Excelente servicio. La sucursal está operando en óptimas condiciones.,
2025-03-14 10:13:39,14/03/2025,Sucursal Carretera,Guatemala,Distrito Metro,SÍ,NO,SÍ,NO,NO,SÍ,SÍ,NO,SÍ,SÍ,SÍ,NO,NO,NO,NO,SÍ,SÍ,SÍ,NO,NO,NO,SÍ,SÍ,SÍ,NO,NO,NO,NO,NO,NO,SÍ,NO,NO,SÍ,NO,NO,NO,SÍ,NO,NO,"Se notaron deficiencias considerables, especialmente en Cobro. El personal necesita capacitación.",
2025-03-03 13:18:34,03/03/2025,Sucursal Zonal,Guatemala,Distrito Metro,SÍ,NO,NO,SÍ,SÍ,SÍ,SÍ,SÍ,NO,SÍ,NO,SÍ,SÍ,SÍ,SÍ,NO,NO,SÍ,NO,NO,SÍ,NO,NO,SÍ,NO,SÍ,SÍ,SÍ,SÍ,NO,SÍ,NO,NO,NO,SÍ,NO,SÍ,SÍ,SÍ,SÍ,"Visita dentro del promedio, con áreas de oportunidad.",
2025-03-15 10:25:19,15/03/2025,Sucursal Express,Guatemala,Distrito Metro,SÍ,NO,SÍ,SÍ,NO,SÍ,SÍ,SÍ,NO,SÍ,NO,NO,SÍ,SÍ,SÍ,NO,SÍ,SÍ,SÍ,SÍ,SÍ,SÍ,NO,SÍ,NO,NO,NO,NO,SÍ,SÍ,SÍ,SÍ,NO,NO,SÍ,SÍ,SÍ,SÍ,SÍ,SÍ,,
2025-03-01 11:32:30,01/03/2025,Sucursal San Miguel,Guatemala,Distrito Metro,SÍ,SÍ,SÍ,SÍ,NO,NO,SÍ,SÍ,NO,NO,SÍ,SÍ,SÍ,NO,SÍ,NO,NO,SÍ,SÍ,NO,NO,SÍ,SÍ,SÍ,SÍ,SÍ,SÍ,SÍ,SÍ,SÍ,SÍ,NO,NO,NO,SÍ,NO,SÍ,NO,SÍ,SÍ,"Se notaron deficiencias considerables, especialmente en Sanitarios. El personal necesita capacitación.",
2025-03-22 15:57:48,22/03/2025,Sucursal Villa Nueva,Guatemala,Distrito Metro,SÍ,SÍ,SÍ,SÍ,SÍ,SÍ,SÍ,SÍ,SÍ,NO,NO,SÍ,SÍ,SÍ,SÍ,NO,SÍ,SÍ,NO,SÍ,SÍ,SÍ,SÍ,SÍ,SÍ,SÍ,SÍ,SÍ,SÍ,SÍ,SÍ,SÍ,SÍ,SÍ,SÍ,SÍ,SÍ,SÍ,SÍ,SÍ,Excelente servicio. La sucursal está operando en óptimas condiciones.,
2025-03-03 08:30:09,03/03/2025,Sucursal Petapa,Guatemala,Distrito Metro,SÍ,SÍ,SÍ,SÍ,SÍ,SÍ,NO,SÍ,SÍ,NO,SÍ,SÍ,NO,SÍ,NO,SÍ,SÍ,SÍ,SÍ,SÍ,NO,NO,SÍ,SÍ,SÍ,NO,SÍ,SÍ,NO,SÍ,SÍ,NO,SÍ,SÍ,SÍ,SÍ,NO,SÍ,NO,SÍ,,
2025-03-18 12:13:51,18/03/2025,Sucursal Mixco,Guatemala,Distrito Metro,NO,NO,SÍ,SÍ,SÍ,SÍ,NO,NO,SÍ,SÍ,NO,NO,SÍ,SÍ,SÍ,SÍ,NO,NO,SÍ,SÍ,NO,NO,SÍ,SÍ,NO,NO,SÍ,SÍ,SÍ,NO,NO,SÍ,SÍ,NO,SÍ,SÍ,SÍ,SÍ,NO,NO,"Se notaron deficiencias considerables, especialmente en Cobro. El personal necesita capacitación.",Incidencia grave en Cobro: Condiciones inaceptables de servicio o infraestructura.
2025-03-13 13:27:58,13/03/2025,Sucursal San José,Guatemala,Distrito Metro,NO,NO,SÍ,SÍ,SÍ,NO,SÍ,NO,NO,SÍ,SÍ,SÍ,SÍ,SÍ,NO,SÍ,NO,SÍ,SÍ,SÍ,SÍ,SÍ,SÍ,SÍ,SÍ,NO,NO,NO,SÍ,SÍ,SÍ,NO,SÍ,SÍ,NO,NO,SÍ,SÍ,SÍ,SÍ,"Se notaron deficiencias considerables, especialmente en Cobro. El personal necesita capacitación.",
2025-03-09 14:47:02,09/03/2025,Sucursal Santa Catarina,Guatemala,Distrito Metro,SÍ,SÍ,SÍ,SÍ,SÍ,SÍ,SÍ,SÍ,SÍ,NO,SÍ,NO,SÍ,SÍ,NO,NO,SÍ,SÍ,NO,NO,NO,NO,SÍ,SÍ,SÍ,SÍ,SÍ,SÍ,SÍ,SÍ,SÍ,NO,NO,SÍ,SÍ,NO,NO,SÍ,SÍ,SÍ,,
2025-03-26 12:09:55,26/03/2025,Sucursal Pinula,Guatemala,Distrito Metro,SÍ,NO,SÍ,SÍ,SÍ,SÍ,SÍ,SÍ,SÍ,NO,NO,SÍ,SÍ,SÍ,SÍ,SÍ,SÍ,SÍ,NO,NO,SÍ,NO,SÍ,NO,SÍ,SÍ,SÍ,SÍ,SÍ,NO,NO,SÍ,SÍ,SÍ,NO,SÍ,SÍ,NO,SÍ,SÍ,,
2025-03-08 17:01:43,08/03/2025,Sucursal Boca del Monte,Guatemala,Distrito Metro,SÍ,SÍ,SÍ,SÍ,NO,SÍ,SÍ,SÍ,NO,NO,NO,NO,SÍ,NO,NO,NO,SÍ,SÍ,NO,SÍ,SÍ,NO,SÍ,SÍ,SÍ,SÍ,SÍ,SÍ,SÍ,SÍ,SÍ,SÍ,SÍ,SÍ,SÍ,SÍ,SÍ,SÍ,NO,SÍ,,
2025-03-14 10:00:25,14/03/2025,Sucursal Atlántico,Guatemala,Distrito Metro,SÍ,SÍ,NO,SÍ,NO,SÍ,NO,NO,SÍ,NO,NO,SÍ,NO,NO,NO,NO,NO,NO,SÍ,SÍ,SÍ,SÍ,SÍ,SÍ,NO,SÍ,NO,SÍ,NO,NO,SÍ,NO,NO,SÍ,SÍ,SÍ,NO,NO,SÍ,NO,"Se notaron deficiencias considerables, especialmente en Cobro. El personal necesita capacitación.",Incidencia grave en Cobro: Condiciones inaceptables de servicio o infraestructura.
2025-03-05 13:18:17,05/03/2025,Sucursal Pacífico,Guatemala,Distrito Metro,NO,NO,NO,SÍ,NO,SÍ,SÍ,NO,NO,SÍ,NO,NO,NO,NO,NO,NO,SÍ,NO,SÍ,SÍ,SÍ,NO,NO,NO,SÍ,NO,NO,NO,SÍ,NO,SÍ,NO,SÍ,SÍ,NO,SÍ,SÍ,NO,NO,NO,"Se notaron deficiencias considerables, especialmente en Cobro. El personal necesita capacitación.",Incidencia grave en Cobro: Condiciones inaceptables de servicio o infraestructura.
2025-03-27 11:16:36,27/03/2025,Sucursal Aguilar Batres,Guatemala,Distrito Metro,SÍ,SÍ,NO,SÍ,SÍ,SÍ,SÍ,SÍ,NO,NO,SÍ,SÍ,NO,SÍ,NO,NO,SÍ,SÍ,NO,NO,SÍ,SÍ,SÍ,SÍ,NO,SÍ,SÍ,SÍ,SÍ,SÍ,SÍ,SÍ,SÍ,NO,NO,NO,NO,SÍ,NO,SÍ,"Visita dentro del promedio, con áreas de oportunidad.",
2025-03-23 16:21:31,23/03/2025,Sucursal Avenida,Guatemala,Distrito Metro,NO,NO,SÍ,NO,NO,NO,NO,SÍ,NO,NO,NO,NO,NO,NO,NO,SÍ,NO,SÍ,NO,SÍ,SÍ,SÍ,NO,NO,NO,NO,SÍ,SÍ,SÍ,NO,SÍ,NO,NO,SÍ,SÍ,SÍ,SÍ,NO,NO,NO,"Se notaron deficiencias considerables, especialmente en Cobro. El personal necesita capacitación.",
2025-03-22 12:47:39,22/03/2025,Sucursal Boulevard,Guatemala,Distrito Metro,SÍ,SÍ,SÍ,SÍ,SÍ,SÍ,SÍ,NO,NO,SÍ,SÍ,NO,SÍ,SÍ,NO,SÍ,SÍ,SÍ,SÍ,SÍ,NO,SÍ,SÍ,SÍ,SÍ,SÍ,SÍ,NO,SÍ,SÍ,SÍ,NO,SÍ,NO,SÍ,SÍ,SÍ,SÍ,SÍ,SÍ,,
2025-03-01 16:47:30,01/03/2025,Sucursal Quetzaltenango Norte,Quetzaltenango,Distrito Occidente,SÍ,SÍ,NO,NO,NO,SÍ,NO,SÍ,SÍ,SÍ,NO,SÍ,SÍ,NO,SÍ,NO,SÍ,SÍ,NO,SÍ,NO,NO,SÍ,NO,SÍ,SÍ,SÍ,NO,NO,NO,NO,NO,NO,SÍ,SÍ,SÍ,SÍ,SÍ,SÍ,SÍ,,
2025-03-15 14:40:36,15/03/2025,Sucursal Terminal Quet,Quetzaltenango,Distrito Occidente,SÍ,SÍ,SÍ,SÍ,SÍ,SÍ,SÍ,SÍ,SÍ,NO,NO,SÍ,SÍ,SÍ,SÍ,SÍ,SÍ,SÍ,NO,SÍ,SÍ,NO,SÍ,SÍ,SÍ,SÍ,SÍ,SÍ,SÍ,SÍ,SÍ,SÍ,SÍ,SÍ,SÍ,SÍ,SÍ,SÍ,SÍ,SÍ,Excelente servicio. La sucursal está operando en óptimas condiciones.,
2025-03-24 13:52:20,24/03/2025,Sucursal Quetzaltenango Centro,Quetzaltenango,Distrito Occidente,NO,SÍ,SÍ,NO,SÍ,SÍ,SÍ,SÍ,SÍ,NO,NO,SÍ,SÍ,NO,SÍ,SÍ,NO,SÍ,NO,SÍ,SÍ,SÍ,SÍ,SÍ,SÍ,SÍ,SÍ,SÍ,SÍ,SÍ,SÍ,SÍ,SÍ,SÍ,SÍ,SÍ,SÍ,SÍ,SÍ,NO,,
2025-03-23 12:49:07,23/03/2025,Sucursal Llanos Quet,Quetzaltenango,Distrito Occidente,SÍ,SÍ,SÍ,NO,SÍ,NO,NO,NO,SÍ,NO,NO,SÍ,SÍ,SÍ,SÍ,SÍ,NO,SÍ,NO,NO,SÍ,NO,SÍ,SÍ,SÍ,SÍ,SÍ,SÍ,SÍ,NO,NO,SÍ,SÍ,SÍ,SÍ,SÍ,SÍ,SÍ,SÍ,SÍ,,
2025-03-23 16:34:02,23/03/2025,Sucursal Quetzaltenango Norte,Quetzaltenango,Distrito Occidente,SÍ,SÍ,SÍ,SÍ,SÍ,SÍ,SÍ,SÍ,NO,SÍ,SÍ,SÍ,NO,SÍ,SÍ,NO,NO,SÍ,NO,SÍ,SÍ,NO,SÍ,SÍ,SÍ,SÍ,SÍ,NO,SÍ,SÍ,SÍ,SÍ,NO,NO,SÍ,SÍ,NO,NO,NO,NO,,
2025-03-21 13:47:51,21/03/2025,Sucursal Sur Quet,Quetzaltenango,Distrito Occidente,SÍ,SÍ,SÍ,SÍ,SÍ,SÍ,SÍ,NO,NO,NO,NO,SÍ,SÍ,SÍ,SÍ,SÍ,SÍ,SÍ,NO,SÍ,NO,NO,NO,SÍ,SÍ,SÍ,SÍ,SÍ,SÍ,NO,SÍ,SÍ,SÍ,SÍ,SÍ,SÍ,SÍ,SÍ,NO,SÍ,,
2025-03-21 12:26:18,21/03/2025,Sucursal Escuintla Centro,Escuintla,Distrito Sur,SÍ,SÍ,SÍ,SÍ,SÍ,SÍ,NO,SÍ,SÍ,NO,NO,SÍ,SÍ,SÍ,SÍ,SÍ,NO,SÍ,NO,SÍ,SÍ,NO,SÍ,SÍ,SÍ,SÍ,SÍ,SÍ,SÍ,SÍ,SÍ,SÍ,SÍ,SÍ,SÍ,NO,SÍ,SÍ,SÍ,SÍ,Excelente servicio. La sucursal está operando en óptimas condiciones.,
2025-03-10 18:35:18,10/03/2025,Sucursal Mercado Escu,Escuintla,Distrito Sur,SÍ,NO,SÍ,SÍ,NO,SÍ,SÍ,SÍ,SÍ,NO,SÍ,SÍ,SÍ,SÍ,SÍ,SÍ,SÍ,SÍ,SÍ,SÍ,SÍ,NO,SÍ,SÍ,SÍ,SÍ,SÍ,NO,SÍ,NO,SÍ,SÍ,SÍ,SÍ,SÍ,SÍ,SÍ,NO,SÍ,SÍ,"Visita dentro del promedio, con áreas de oportunidad.",
2025-03-23 11:29:13,23/03/2025,Sucursal Escuintla Norte,Escuintla,Distrito Sur,SÍ,SÍ,SÍ,SÍ,SÍ,SÍ,NO,SÍ,SÍ,NO,NO,NO,SÍ,SÍ,NO,SÍ,SÍ,NO,SÍ,SÍ,NO,NO,NO,SÍ,SÍ,SÍ,SÍ,SÍ,SÍ,SÍ,SÍ,SÍ,NO,SÍ,SÍ,SÍ,SÍ,SÍ,SÍ,SÍ,,
2025-03-02 10:46:43,02/03/2025,Sucursal Occidente Escu,Escuintla,Distrito Sur,NO,SÍ,SÍ,SÍ,NO,SÍ,SÍ,SÍ,NO,SÍ,NO,SÍ,NO,SÍ,SÍ,NO,NO,SÍ,NO,SÍ,NO,NO,SÍ,NO,NO,NO,NO,NO,SÍ,SÍ,NO,SÍ,NO,NO,SÍ,NO,SÍ,SÍ,NO,SÍ,"Se notaron deficiencias considerables, especialmente en Cobro. El personal necesita capacitación.",Incidencia grave en Cobro: Condiciones inaceptables de servicio o infraestructura.
2025-03-26 10:11:01,26/03/2025,Sucursal Escuintla Norte,Escuintla,Distrito Sur,NO,NO,SÍ,NO,NO,SÍ,SÍ,NO,NO,SÍ,SÍ,NO,NO,NO,SÍ,NO,NO,NO,SÍ,SÍ,SÍ,NO,SÍ,NO,SÍ,SÍ,NO,NO,SÍ,NO,NO,SÍ,SÍ,NO,NO,NO,SÍ,SÍ,NO,SÍ,"Se notaron deficiencias considerables, especialmente en Cobro. El personal necesita capacitación.",
2025-03-21 16:37:28,21/03/2025,Sucursal Norte Escu,Escuintla,Distrito Sur,SÍ,SÍ,SÍ,SÍ,SÍ,SÍ,SÍ,NO,NO,NO,SÍ,SÍ,SÍ,SÍ,SÍ,NO,SÍ,SÍ,SÍ,NO,NO,NO,SÍ,SÍ,SÍ,SÍ,SÍ,NO,NO,SÍ,SÍ,SÍ,NO,NO,NO,NO,NO,SÍ,SÍ,SÍ,,
2025-03-23 18:04:29,23/03/2025,Sucursal Sacatepéquez Norte,Sacatepéquez,Distrito Central,SÍ,SÍ,SÍ,SÍ,SÍ,SÍ,SÍ,SÍ,SÍ,NO,NO,SÍ,SÍ,SÍ,SÍ,SÍ,SÍ,SÍ,NO,SÍ,SÍ,NO,SÍ,SÍ,SÍ,SÍ,SÍ,SÍ,SÍ,SÍ,SÍ,SÍ,SÍ,SÍ,NO,SÍ,NO,SÍ,SÍ,SÍ,Excelente servicio. La sucursal está operando en óptimas condiciones.,
2025-03-12 18:52:29,12/03/2025,Sucursal Central Saca,Sacatepéquez,Distrito Central,SÍ,SÍ,SÍ,NO,NO,SÍ,SÍ,SÍ,NO,NO,SÍ,SÍ,SÍ,SÍ,NO,NO,SÍ,SÍ,NO,SÍ,SÍ,SÍ,SÍ,NO,SÍ,SÍ,SÍ,SÍ,SÍ,SÍ,SÍ,SÍ,NO,NO,NO,NO,NO,SÍ,NO,SÍ,,
2025-03-10 08:52:37,10/03/2025,Sucursal Sacatepéquez Centro,Sacatepéquez,Distrito Central,SÍ,SÍ,SÍ,SÍ,SÍ,SÍ,SÍ,SÍ,SÍ,NO,NO,SÍ,SÍ,SÍ,NO,SÍ,SÍ,NO,SÍ,SÍ,SÍ,NO,NO,NO,NO,SÍ,NO,SÍ,NO,NO,SÍ,SÍ,SÍ,SÍ,SÍ,SÍ,SÍ,SÍ,SÍ,SÍ,,
2025-03-09 11:46:42,09/03/2025,Sucursal Terminal Saca,Sacatepéquez,Distrito Central,SÍ,NO,SÍ,NO,SÍ,SÍ,NO,NO,NO,NO,SÍ,NO,NO,SÍ,SÍ,SÍ,SÍ,SÍ,NO,SÍ,SÍ,SÍ,SÍ,SÍ,SÍ,SÍ,SÍ,SÍ,SÍ,NO,SÍ,SÍ,SÍ,SÍ,SÍ,NO,SÍ,SÍ,SÍ,SÍ,,
2025-03-22 08:16:47,22/03/2025,Sucursal Sacatepéquez Norte,Sacatepéquez,Distrito Central,SÍ,SÍ,SÍ,SÍ,SÍ,SÍ,SÍ,NO,SÍ,SÍ,NO,NO,SÍ,SÍ,SÍ,NO,SÍ,SÍ,NO,SÍ,SÍ,NO,SÍ,SÍ,SÍ,SÍ,NO,SÍ,NO,SÍ,SÍ,SÍ,SÍ,SÍ,SÍ,SÍ,SÍ,NO,SÍ,SÍ,,
2025-03-01 11:06:08,01/03/2025,Sucursal Avenida Chim,Chimaltenango,Distrito Central,SÍ,SÍ,SÍ,NO,NO,SÍ,NO,SÍ,SÍ,NO,NO,SÍ,NO,SÍ,SÍ,SÍ,NO,SÍ,NO,NO,SÍ,SÍ,SÍ,NO,SÍ,SÍ,SÍ,SÍ,SÍ,NO,NO,NO,SÍ,SÍ,SÍ,SÍ,NO,SÍ,NO,SÍ,,
2025-03-03 13:14:14,03/03/2025,Sucursal Chimaltenango Centro,Chimaltenango,Distrito Central,SÍ,SÍ,SÍ,SÍ,SÍ,SÍ,SÍ,SÍ,SÍ,NO,NO,NO,NO,SÍ,SÍ,SÍ,SÍ,SÍ,NO,SÍ,SÍ,NO,SÍ,SÍ,SÍ,NO,SÍ,SÍ,SÍ,SÍ,SÍ,SÍ,SÍ,SÍ,SÍ,SÍ,SÍ,NO,SÍ,SÍ,Excelente servicio. La sucursal está operando en óptimas condiciones.,
2025-03-20 17:33:03,20/03/2025,Sucursal Plaza Chim,Chimaltenango,Distrito Central,SÍ,NO,SÍ,SÍ,SÍ,SÍ,NO,SÍ,SÍ,NO,NO,SÍ,SÍ,SÍ,NO,SÍ,SÍ,SÍ,NO,SÍ,SÍ,NO,SÍ,SÍ,SÍ,SÍ,NO,SÍ,SÍ,SÍ,SÍ,SÍ,SÍ,SÍ,SÍ,SÍ,SÍ,SÍ,NO,SÍ,"Visita dentro del promedio, con áreas de oportunidad.",
2025-03-25 09:50:17,25/03/2025,Sucursal Chimaltenango Plaza,Chimaltenango,Distrito Central,NO,NO,SÍ,SÍ,NO,NO,SÍ,NO,SÍ,NO,SÍ,SÍ,NO,SÍ,SÍ,NO,NO,NO,NO,SÍ,NO,NO,NO,SÍ,NO,SÍ,NO,SÍ,SÍ,SÍ,SÍ,SÍ,NO,NO,NO,NO,NO,SÍ,NO,SÍ,"Se notaron deficiencias considerables, especialmente en Cobro. El personal necesita capacitación.",
2025-03-11 15:24:17,11/03/2025,Sucursal Avenida Alta,Alta Verapaz,Distrito Norte,SÍ,SÍ,SÍ,SÍ,SÍ,SÍ,NO,SÍ,SÍ,NO,NO,SÍ,NO,NO,SÍ,SÍ,SÍ,SÍ,NO,NO,SÍ,NO,NO,SÍ,SÍ,SÍ,SÍ,NO,NO,NO,NO,SÍ,NO,NO,SÍ,SÍ,SÍ,SÍ,SÍ,NO,,
2025-03-10 09:35:01,10/03/2025,Sucursal Alta Verapaz Plaza,Alta Verapaz,Distrito Norte,SÍ,NO,NO,SÍ,NO,SÍ,SÍ,NO,NO,NO,NO,NO,SÍ,NO,NO,NO,NO,NO,SÍ,NO,NO,SÍ,SÍ,SÍ,SÍ,SÍ,SÍ,NO,NO,NO,NO,NO,NO,NO,SÍ,NO,NO,SÍ,NO,NO,"Se notaron deficiencias considerables, especialmente en Cobro. El personal necesita capacitación.",Incidencia grave en Cobro: Condiciones inaceptables de servicio o infraestructura.
2025-03-11 17:42:22,11/03/2025,Sucursal Express Alta,Alta Verapaz,Distrito Norte,NO,SÍ,SÍ,SÍ,SÍ,NO,SÍ,NO,NO,NO,SÍ,SÍ,NO,SÍ,SÍ,SÍ,SÍ,SÍ,NO,SÍ,NO,NO,SÍ,SÍ,SÍ,SÍ,NO,NO,SÍ,SÍ,NO,NO,SÍ,SÍ,NO,SÍ,SÍ,SÍ,SÍ,SÍ,,
2025-03-18 08:04:17,18/03/2025,Sucursal Alta Verapaz Centro,Alta Verapaz,Distrito Norte,SÍ,SÍ,SÍ,SÍ,NO,SÍ,SÍ,SÍ,SÍ,NO,NO,SÍ,SÍ,SÍ,NO,NO,SÍ,SÍ,NO,SÍ,NO,NO,SÍ,SÍ,SÍ,SÍ,SÍ,SÍ,SÍ,SÍ,SÍ,SÍ,NO,SÍ,NO,SÍ,NO,SÍ,SÍ,SÍ,"Visita dentro del promedio, con áreas de oportunidad.",
2025-03-16 18:09:32,16/03/2025,Sucursal Centro Peté,Petén,Distrito Norte,SÍ,SÍ,SÍ,NO,NO,SÍ,NO,SÍ,NO,NO,NO,NO,SÍ,NO,NO,NO,SÍ,NO,NO,SÍ,NO,NO,SÍ,SÍ,NO,NO,NO,NO,NO,SÍ,NO,SÍ,NO,SÍ,SÍ,NO,NO,SÍ,SÍ,SÍ,"Se notaron deficiencias considerables, especialmente en Cobro. El personal necesita capacitación.",
2025-03-15 12:10:14,15/03/2025,Sucursal Petén Plaza,Petén,Distrito Norte,SÍ,SÍ,SÍ,SÍ,SÍ,SÍ,SÍ,SÍ,SÍ,NO,NO,SÍ,SÍ,SÍ,SÍ,SÍ,SÍ,NO,NO,NO,SÍ,NO,SÍ,SÍ,SÍ,SÍ,SÍ,NO,SÍ,SÍ,SÍ,SÍ,SÍ,SÍ,SÍ,SÍ,SÍ,SÍ,SÍ,SÍ,Excelente servicio. La sucursal está operando en óptimas condiciones.,
2025-03-15 09:19:27,15/03/2025,Sucursal Avenida Peté,Petén,Distrito Norte,SÍ,SÍ,NO,NO,NO,NO,SÍ,SÍ,SÍ,NO,NO,SÍ,SÍ,NO,SÍ,SÍ,SÍ,SÍ,NO,SÍ,NO,SÍ,SÍ,SÍ,SÍ,NO,SÍ,SÍ,NO,SÍ,SÍ,SÍ,SÍ,SÍ,SÍ,NO,SÍ,SÍ,SÍ,NO,"Visita dentro del promedio, con áreas de oportunidad.",
2025-03-27 13:42:52,27/03/2025,Sucursal Izabal Centro,Izabal,Distrito Oriente,SÍ,SÍ,NO,SÍ,NO,NO,NO,SÍ,NO,NO,NO,NO,SÍ,SÍ,SÍ,NO,SÍ,NO,NO,SÍ,NO,NO,SÍ,SÍ,SÍ,SÍ,SÍ,SÍ,SÍ,SÍ,NO,NO,SÍ,SÍ,NO,SÍ,NO,SÍ,NO,SÍ,,
2025-03-22 12:20:01,22/03/2025,Sucursal Express Izab,Izabal,Distrito Oriente,SÍ,SÍ,SÍ,SÍ,SÍ,SÍ,SÍ,SÍ,SÍ,NO,NO,SÍ,SÍ,SÍ,NO,SÍ,SÍ,SÍ,NO,SÍ,NO,SÍ,SÍ,SÍ,SÍ,SÍ,NO,SÍ,SÍ,SÍ,SÍ,NO,SÍ,SÍ,SÍ,SÍ,SÍ,SÍ,SÍ,SÍ,,
2025-03-18 17:07:33,18/03/2025,Sucursal Izabal Centro,Izabal,Distrito Oriente,SÍ,SÍ,SÍ,SÍ,SÍ,SÍ,NO,SÍ,NO,SÍ,NO,SÍ,NO,SÍ,SÍ,SÍ,SÍ,SÍ,NO,NO,SÍ,NO,SÍ,SÍ,SÍ,SÍ,SÍ,SÍ,SÍ,NO,SÍ,NO,NO,SÍ,SÍ,SÍ,NO,SÍ,SÍ,SÍ,,
2025-03-02 18:16:09,02/03/2025,Sucursal Centro San ,San Marcos,Distrito Occidente,SÍ,SÍ,SÍ,SÍ,SÍ,SÍ,NO,SÍ,SÍ,NO,NO,SÍ,SÍ,SÍ,SÍ,SÍ,SÍ,SÍ,NO,NO,SÍ,NO,SÍ,SÍ,SÍ,SÍ,SÍ,SÍ,SÍ,SÍ,SÍ,SÍ,SÍ,NO,SÍ,SÍ,SÍ,SÍ,SÍ,NO,Excelente servicio. La sucursal está operando en óptimas condiciones.,
2025-03-02 14:39:32,02/03/2025,Sucursal San Marcos Norte,San Marcos,Distrito Occidente,SÍ,SÍ,SÍ,SÍ,SÍ,NO,SÍ,NO,SÍ,SÍ,NO,SÍ,NO,SÍ,SÍ,SÍ,NO,SÍ,NO,SÍ,NO,NO,NO,SÍ,SÍ,SÍ,SÍ,SÍ,SÍ,SÍ,SÍ,SÍ,SÍ,SÍ,SÍ,SÍ,SÍ,NO,SÍ,SÍ,,
2025-03-11 17:51:02,11/03/2025,Sucursal Central San ,San Marcos,Distrito Occidente,SÍ,NO,SÍ,SÍ,SÍ,NO,NO,SÍ,SÍ,NO,NO,SÍ,SÍ,NO,SÍ,SÍ,SÍ,NO,NO,NO,NO,NO,SÍ,NO,SÍ,SÍ,SÍ,SÍ,NO,SÍ,SÍ,NO,SÍ,SÍ,NO,SÍ,SÍ,SÍ,SÍ,NO,,
2025-03-14 10:38:06,14/03/2025,Sucursal Huehuetenango Norte,Huehuetenango,Distrito Occidente,SÍ,SÍ,SÍ,SÍ,SÍ,SÍ,SÍ,SÍ,SÍ,NO,NO,SÍ,SÍ,NO,SÍ,SÍ,SÍ,SÍ,SÍ,SÍ,SÍ,NO,SÍ,NO,NO,NO,NO,SÍ,NO,NO,SÍ,NO,SÍ,SÍ,SÍ,SÍ,SÍ,NO,SÍ,SÍ,,
2025-03-12 14:14:46,12/03/2025,Sucursal Occidente Hueh,Huehuetenango,Distrito Occidente,NO,SÍ,SÍ,SÍ,SÍ,NO,SÍ,SÍ,NO,SÍ,SÍ,SÍ,SÍ,NO,NO,SÍ,NO,SÍ,SÍ,NO,SÍ,SÍ,SÍ,SÍ,NO,NO,SÍ,SÍ,SÍ,NO,SÍ,NO,NO,NO,SÍ,NO,SÍ,SÍ,SÍ,SÍ,"Se notaron deficiencias considerables, especialmente en Cobro. El personal necesita capacitación.",
2025-03-05 16:31:34,05/03/2025,Sucursal Huehuetenango Norte,Huehuetenango,Distrito Occidente,SÍ,NO,SÍ,SÍ,NO,SÍ,NO,SÍ,NO,SÍ,SÍ,NO,SÍ,NO,NO,SÍ,SÍ,SÍ,SÍ,SÍ,NO,SÍ,NO,NO,SÍ,NO,NO,NO,NO,SÍ,SÍ,NO,NO,SÍ,SÍ,SÍ,NO,NO,NO,SÍ,"Se notaron deficiencias considerables, especialmente en Cobro. El personal necesita capacitación.",Incidencia grave en Cobro: Condiciones inaceptables de servicio o infraestructura.
2025-03-27 12:40:14,27/03/2025,Sucursal Brisas Juti,Jutiapa,Distrito Oriente,SÍ,SÍ,NO,NO,SÍ,SÍ,SÍ,SÍ,NO,NO,NO,NO,SÍ,NO,SÍ,SÍ,SÍ,SÍ,NO,SÍ,NO,NO,SÍ,SÍ,SÍ,SÍ,SÍ,SÍ,SÍ,SÍ,SÍ,SÍ,NO,NO,SÍ,SÍ,SÍ,SÍ,NO,SÍ,,
2025-03-10 14:14:29,10/03/2025,Sucursal Jutiapa Plaza,Jutiapa,Distrito Oriente,SÍ,SÍ,NO,SÍ,SÍ,SÍ,SÍ,SÍ,SÍ,NO,NO,SÍ,SÍ,SÍ,SÍ,SÍ,SÍ,SÍ,NO,SÍ,SÍ,NO,SÍ,SÍ,SÍ,SÍ,SÍ,SÍ,SÍ,SÍ,SÍ,SÍ,SÍ,SÍ,SÍ,SÍ,SÍ,NO,SÍ,SÍ,Excelente servicio. La sucursal está operando en óptimas condiciones.,
2025-03-18 14:47:38,18/03/2025,Sucursal Llanos Zaca,Zacapa,Distrito Oriente,SÍ,NO,NO,NO,SÍ,SÍ,NO,NO,NO,SÍ,SÍ,NO,SÍ,NO,SÍ,SÍ,NO,SÍ,NO,SÍ,SÍ,NO,SÍ,SÍ,NO,SÍ,SÍ,NO,NO,NO,SÍ,NO,NO,NO,NO,NO,NO,NO,NO,NO,"Se notaron deficiencias considerables, especialmente en Cobro. El personal necesita capacitación.",
2025-03-14 10:06:58,14/03/2025,Sucursal Zacapa Plaza,Zacapa,Distrito Oriente,NO,NO,SÍ,NO,SÍ,SÍ,SÍ,SÍ,SÍ,SÍ,SÍ,SÍ,NO,SÍ,SÍ,SÍ,NO,NO,NO,SÍ,NO,SÍ,SÍ,NO,SÍ,NO,NO,NO,NO,NO,SÍ,SÍ,NO,SÍ,SÍ,NO,NO,NO,NO,NO,"Se notaron deficiencias considerables, especialmente en Cobro. El personal necesita capacitación.",Incidencia grave en Cobro: Condiciones inaceptables de servicio o infraestructura.
2025-03-01 09:12:24,01/03/2025,Sucursal Parque Reta,Retalhuleu,Distrito Sur,SÍ,SÍ,SÍ,SÍ,SÍ,SÍ,SÍ,SÍ,NO,SÍ,SÍ,SÍ,SÍ,NO,NO,NO,SÍ,SÍ,NO,SÍ,NO,NO,SÍ,SÍ,NO,SÍ,NO,SÍ,SÍ,SÍ,SÍ,SÍ,SÍ,SÍ,SÍ,SÍ,NO,SÍ,SÍ,SÍ,,
2025-03-04 14:45:58,04/03/2025,Sucursal Retalhuleu Norte,Retalhuleu,Distrito Sur,NO,NO,NO,SÍ,NO,SÍ,SÍ,SÍ,SÍ,NO,SÍ,NO,SÍ,SÍ,SÍ,SÍ,NO,SÍ,NO,NO,NO,NO,SÍ,SÍ,SÍ,SÍ,SÍ,SÍ,SÍ,SÍ,SÍ,SÍ,NO,NO,NO,NO,NO,SÍ,SÍ,SÍ,,
2025-03-12 18:32:52,12/03/2025,Sucursal Terminal Such,Suchitepéquez,Distrito Sur,NO,SÍ,SÍ,SÍ,SÍ,SÍ,SÍ,NO,SÍ,NO,SÍ,NO,SÍ,SÍ,NO,SÍ,SÍ,SÍ,SÍ,NO,NO,SÍ,SÍ,NO,SÍ,SÍ,NO,NO,SÍ,NO,SÍ,SÍ,SÍ,NO,NO,NO,SÍ,SÍ,NO,SÍ,"Se notaron deficiencias considerables, especialmente en Cobro. El personal necesita capacitación.",
2025-03-03 12:08:06,03/03/2025,Sucursal Suchitepéquez Centro,Suchitepéquez,Distrito Sur,SÍ,SÍ,SÍ,SÍ,SÍ,SÍ,SÍ,NO,NO,NO,NO,SÍ,SÍ,SÍ,SÍ,SÍ,SÍ,SÍ,NO,SÍ,SÍ,NO,SÍ,SÍ,SÍ,SÍ,SÍ,SÍ,SÍ,SÍ,SÍ,SÍ,SÍ,SÍ,SÍ,SÍ,SÍ,SÍ,SÍ,SÍ,Excelente servicio. La sucursal está operando en óptimas condiciones.,
2025-03-01 15:00:43,01/03/2025,Sucursal Parque Sant,Santa Rosa,Distrito Sur,SÍ,NO,SÍ,SÍ,NO,SÍ,SÍ,SÍ,SÍ,SÍ,NO,SÍ,SÍ,SÍ,NO,SÍ,SÍ,SÍ,NO,SÍ,SÍ,NO,SÍ,SÍ,NO,NO,NO,NO,NO,NO,SÍ,SÍ,NO,SÍ,NO,SÍ,SÍ,SÍ,SÍ,SÍ,,
2025-03-18 15:01:34,18/03/2025,Sucursal Santa Rosa Centro,Santa Rosa,Distrito Sur,SÍ,NO,NO,NO,NO,SÍ,SÍ,SÍ,NO,SÍ,NO,SÍ,NO,NO,NO,NO,SÍ,NO,NO,NO,NO,NO,NO,SÍ,SÍ,NO,SÍ,NO,NO,SÍ,NO,NO,NO,NO,SÍ,NO,NO,NO,SÍ,NO,"Se notaron deficiencias considerables, especialmente en Cobro. El personal necesita capacitación.",Incidencia grave en Cobro: Condiciones inaceptables de servicio o infraestructura.
2025-03-21 15:55:33,21/03/2025,Sucursal Parque El P,El Progreso,Distrito Oriente,SÍ,SÍ,SÍ,NO,NO,SÍ,SÍ,NO,SÍ,NO,NO,SÍ,SÍ,SÍ,SÍ,SÍ,NO,SÍ,NO,SÍ,NO,NO,NO,SÍ,SÍ,SÍ,SÍ,NO,SÍ,SÍ,NO,SÍ,NO,SÍ,SÍ,SÍ,SÍ,SÍ,SÍ,SÍ,,
2025-03-09 17:58:12,09/03/2025,Sucursal El Progreso Norte,El Progreso,Distrito Oriente,SÍ,SÍ,SÍ,SÍ,SÍ,SÍ,SÍ,SÍ,SÍ,NO,NO,SÍ,SÍ,SÍ,SÍ,NO,SÍ,SÍ,NO,SÍ,SÍ,NO,SÍ,NO,SÍ,SÍ,SÍ,NO,SÍ,SÍ,NO,SÍ,SÍ,SÍ,SÍ,SÍ,SÍ,SÍ,SÍ,SÍ,Excelente servicio. La sucursal está operando en óptimas condiciones.,
2025-03-26 08:29:56,26/03/2025,Sucursal Mercado Chiq,Chiquimula,Distrito Oriente,SÍ,SÍ,SÍ,SÍ,SÍ,SÍ,SÍ,SÍ,SÍ,SÍ,NO,SÍ,SÍ,SÍ,SÍ,SÍ,SÍ,SÍ,SÍ,SÍ,NO,NO,NO,SÍ,NO,SÍ,SÍ,SÍ,SÍ,NO,SÍ,SÍ,SÍ,SÍ,NO,SÍ,SÍ,NO,SÍ,NO,,
2025-03-03 14:51:51,03/03/2025,Sucursal Chiquimula Centro,Chiquimula,Distrito Oriente,SÍ,SÍ,SÍ,NO,SÍ,SÍ,SÍ,NO,NO,NO,NO,NO,NO,SÍ,NO,SÍ,SÍ,NO,SÍ,SÍ,SÍ,SÍ,SÍ,SÍ,NO,SÍ,SÍ,NO,SÍ,NO,NO,SÍ,SÍ,NO,SÍ,SÍ,SÍ,SÍ,SÍ,NO,,
2025-03-04 12:52:57,04/03/2025,Sucursal Norte Jala,Jalapa,Distrito Oriente,SÍ,SÍ,SÍ,SÍ,SÍ,SÍ,SÍ,SÍ,SÍ,SÍ,NO,NO,SÍ,SÍ,SÍ,NO,NO,SÍ,NO,SÍ,NO,SÍ,NO,SÍ,SÍ,SÍ,SÍ,NO,SÍ,SÍ,SÍ,SÍ,SÍ,SÍ,NO,SÍ,NO,SÍ,SÍ,SÍ,,
2025-03-10 09:06:30,10/03/2025,Sucursal Jalapa Plaza,Jalapa,Distrito Oriente,SÍ,SÍ,SÍ,SÍ,SÍ,SÍ,SÍ,SÍ,SÍ,NO,NO,SÍ,SÍ,SÍ,NO,SÍ,SÍ,SÍ,SÍ,SÍ,SÍ,NO,SÍ,SÍ,NO,NO,NO,NO,NO,NO,NO,SÍ,SÍ,SÍ,SÍ,SÍ,SÍ,SÍ,SÍ,SÍ,,
2025-03-19 10:41:04,19/03/2025,Sucursal Terminal Solo,Sololá,Distrito Occidente,SÍ,SÍ,SÍ,SÍ,SÍ,SÍ,SÍ,SÍ,SÍ,SÍ,NO,SÍ,SÍ,SÍ,NO,SÍ,SÍ,SÍ,NO,SÍ,NO,NO,SÍ,SÍ,SÍ,SÍ,SÍ,SÍ,SÍ,NO,SÍ,SÍ,SÍ,SÍ,SÍ,SÍ,SÍ,SÍ,NO,SÍ,,
2025-03-04 13:21:43,04/03/2025,Sucursal Sololá Centro,Sololá,Distrito Occidente,SÍ,SÍ,SÍ,SÍ,SÍ,SÍ,SÍ,SÍ,SÍ,SÍ,NO,SÍ,SÍ,SÍ,SÍ,SÍ,SÍ,SÍ,NO,SÍ,SÍ,NO,SÍ,SÍ,SÍ,SÍ,SÍ,SÍ,SÍ,SÍ,SÍ,SÍ,SÍ,SÍ,SÍ,SÍ,SÍ,SÍ,SÍ,SÍ,Excelente servicio. La sucursal está operando en óptimas condiciones.,
2025-03-18 16:19:24,18/03/2025,Sucursal Express Toto,Totonicapán,Distrito Occidente,SÍ,NO,NO,NO,SÍ,SÍ,SÍ,SÍ,NO,SÍ,SÍ,SÍ,NO,SÍ,NO,SÍ,SÍ,NO,NO,NO,SÍ,NO,SÍ,NO,SÍ,SÍ,SÍ,SÍ,SÍ,SÍ,SÍ,SÍ,SÍ,SÍ,SÍ,SÍ,SÍ,SÍ,NO,NO,,
2025-03-23 18:04:53,23/03/2025,Sucursal Totonicapán Plaza,Totonicapán,Distrito Occidente,NO,SÍ,SÍ,SÍ,NO,SÍ,NO,SÍ,NO,NO,SÍ,SÍ,SÍ,NO,NO,NO,NO,SÍ,NO,SÍ,NO,NO,SÍ,SÍ,SÍ,SÍ,SÍ,SÍ,SÍ,SÍ,NO,SÍ,SÍ,SÍ,NO,NO,NO,SÍ,SÍ,SÍ,,
2025-03-23 15:32:55,23/03/2025,Sucursal Plaza Quic,Quiché,Distrito Occidente,SÍ,SÍ,SÍ,SÍ,SÍ,SÍ,SÍ,NO,NO,NO,NO,SÍ,NO,SÍ,NO,NO,NO,SÍ,SÍ,SÍ,SÍ,SÍ,SÍ,SÍ,SÍ,SÍ,SÍ,SÍ,SÍ,SÍ,SÍ,SÍ,SÍ,SÍ,SÍ,NO,SÍ,SÍ,SÍ,NO,,
2025-03-14 08:12:20,14/03/2025,Sucursal Quiché Plaza,Quiché,Distrito Occidente,SÍ,SÍ,NO,NO,SÍ,SÍ,SÍ,NO,SÍ,NO,SÍ,SÍ,NO,NO,SÍ,NO,NO,NO,NO,NO,NO,NO,SÍ,SÍ,SÍ,NO,SÍ,SÍ,NO,SÍ,NO,NO,SÍ,NO,NO,SÍ,SÍ,NO,NO,NO,"Se notaron deficiencias considerables, especialmente en Cobro. El personal necesita capacitación.",Incidencia grave en Cobro: Condiciones inaceptables de servicio o infraestructura.
2025-03-12 10:21:27,12/03/2025,Sucursal Oriente Baja,Baja Verapaz,Distrito Norte,NO,SÍ,SÍ,SÍ,SÍ,SÍ,SÍ,SÍ,SÍ,NO,NO,SÍ,SÍ,SÍ,SÍ,SÍ,SÍ,SÍ,NO,SÍ,SÍ,NO,SÍ,SÍ,SÍ,SÍ,SÍ,SÍ,SÍ,SÍ,SÍ,SÍ,SÍ,SÍ,SÍ,SÍ,SÍ,SÍ,SÍ,SÍ,Excelente servicio. La sucursal está operando en óptimas condiciones.,
2025-04-09 10:01:50,09/04/2025,Sucursal Centro,Guatemala,Distrito Metro,SÍ,SÍ,SÍ,SÍ,SÍ,SÍ,SÍ,SÍ,SÍ,NO,NO,SÍ,SÍ,SÍ,SÍ,SÍ,SÍ,SÍ,NO,SÍ,SÍ,NO,SÍ,SÍ,SÍ,SÍ,SÍ,SÍ,SÍ,SÍ,SÍ,SÍ,SÍ,SÍ,SÍ,SÍ,SÍ,SÍ,SÍ,SÍ,Excelente servicio. La sucursal está operando en óptimas condiciones.,
2025-04-23 14:20:55,23/04/2025,Sucursal Norte,Guatemala,Distrito Metro,SÍ,NO,SÍ,SÍ,SÍ,NO,SÍ,NO,SÍ,NO,NO,SÍ,NO,NO,SÍ,SÍ,NO,SÍ,NO,SÍ,SÍ,NO,SÍ,NO,NO,SÍ,SÍ,SÍ,SÍ,SÍ,SÍ,SÍ,SÍ,SÍ,SÍ,NO,NO,SÍ,SÍ,SÍ,,
2025-04-20 16:14:43,20/04/2025,Sucursal Sur,Guatemala,Distrito Metro,SÍ,SÍ,NO,SÍ,SÍ,NO,SÍ,SÍ,SÍ,NO,NO,NO,NO,SÍ,SÍ,NO,NO,NO,NO,NO,SÍ,NO,SÍ,SÍ,NO,SÍ,SÍ,SÍ,SÍ,SÍ,SÍ,SÍ,SÍ,NO,NO,NO,NO,SÍ,NO,SÍ,,
2025-04-23 18:45:26,23/04/2025,Sucursal Las Palmas,Guatemala,Distrito Metro,NO,SÍ,SÍ,NO,SÍ,SÍ,SÍ,SÍ,SÍ,NO,NO,SÍ,SÍ,SÍ,SÍ,SÍ,SÍ,NO,NO,SÍ,SÍ,SÍ,SÍ,SÍ,SÍ,NO,NO,SÍ,NO,SÍ,SÍ,SÍ,SÍ,SÍ,SÍ,SÍ,SÍ,NO,SÍ,NO,,
2025-04-26 10:26:30,26/04/2025,Sucursal Pradera,Guatemala,Distrito Metro,NO,SÍ,NO,NO,SÍ,SÍ,NO,SÍ,SÍ,NO,SÍ,NO,NO,SÍ,NO,NO,SÍ,NO,SÍ,SÍ,SÍ,NO,SÍ,NO,SÍ,NO,SÍ,SÍ,NO,SÍ,NO,SÍ,SÍ,NO,NO,SÍ,SÍ,NO,NO,NO,"Se notaron deficiencias considerables, especialmente en Cobro. El personal necesita capacitación.",
2025-04-21 15:15:31,21/04/2025,Sucursal Majadas,Guatemala,Distrito Metro,SÍ,NO,SÍ,NO,NO,NO,NO,NO,SÍ,SÍ,NO,NO,NO,SÍ,NO,SÍ,SÍ,NO,NO,NO,NO,NO,SÍ,NO,SÍ,SÍ,NO,NO,NO,SÍ,NO,NO,SÍ,SÍ,NO,NO,NO,NO,NO,NO,"Se notaron deficiencias considerables, especialmente en Cobro. El personal necesita capacitación.",Incidencia grave en Cobro: Condiciones inaceptables de servicio o infraestructura.
2025-04-22 10:10:24,22/04/2025,Sucursal Vista Hermosa,Guatemala,Distrito Metro,SÍ,SÍ,SÍ,SÍ,SÍ,SÍ,NO,SÍ,SÍ,NO,NO,NO,SÍ,SÍ,NO,SÍ,SÍ,SÍ,NO,SÍ,SÍ,NO,SÍ,SÍ,SÍ,SÍ,SÍ,SÍ,SÍ,SÍ,SÍ,SÍ,SÍ,NO,SÍ,SÍ,SÍ,SÍ,SÍ,NO,,
2025-04-08 18:02:53,08/04/2025,Sucursal Cayalá,Guatemala,Distrito Metro,SÍ,SÍ,SÍ,SÍ,SÍ,SÍ,SÍ,SÍ,SÍ,NO,SÍ,SÍ,SÍ,SÍ,SÍ,NO,SÍ,SÍ,SÍ,SÍ,SÍ,SÍ,SÍ,SÍ,SÍ,SÍ,SÍ,NO,NO,SÍ,NO,SÍ,SÍ,SÍ,SÍ,SÍ,SÍ,NO,NO,NO,"Visita dentro del promedio, con áreas de oportunidad.",
2025-04-13 15:47:23,13/04/2025,Sucursal Américas,Guatemala,Distrito Metro,SÍ,SÍ,SÍ,SÍ,SÍ,SÍ,SÍ,SÍ,SÍ,NO,NO,SÍ,SÍ,SÍ,SÍ,SÍ,SÍ,SÍ,NO,SÍ,SÍ,NO,SÍ,SÍ,SÍ,SÍ,SÍ,SÍ,SÍ,SÍ,SÍ,SÍ,SÍ,SÍ,SÍ,SÍ,SÍ,SÍ,SÍ,SÍ,Excelente servicio. La sucursal está operando en óptimas condiciones.,
2025-04-06 14:47:26,06/04/2025,Sucursal Roosevelt,Guatemala,Distrito Metro,SÍ,SÍ,NO,SÍ,SÍ,SÍ,SÍ,SÍ,SÍ,NO,NO,SÍ,SÍ,SÍ,NO,SÍ,SÍ,SÍ,NO,SÍ,SÍ,NO,SÍ,SÍ,SÍ,SÍ,SÍ,SÍ,SÍ,SÍ,SÍ,SÍ,SÍ,SÍ,SÍ,SÍ,SÍ,SÍ,SÍ,SÍ,Excelente servicio. La sucursal está operando en óptimas condiciones.,
2025-04-22 08:02:27,22/04/2025,Sucursal Portales,Guatemala,Distrito Metro,NO,NO,NO,SÍ,SÍ,SÍ,SÍ,NO,NO,NO,NO,SÍ,SÍ,SÍ,SÍ,SÍ,SÍ,NO,SÍ,SÍ,NO,NO,SÍ,SÍ,NO,SÍ,SÍ,SÍ,SÍ,NO,SÍ,SÍ,NO,NO,NO,SÍ,SÍ,SÍ,SÍ,SÍ,,
2025-04-02 17:01:29,02/04/2025,Sucursal Naranjo,Guatemala,Distrito Metro,SÍ,NO,NO,SÍ,NO,NO,NO,SÍ,SÍ,NO,SÍ,NO,NO,SÍ,SÍ,SÍ,SÍ,NO,NO,SÍ,SÍ,NO,SÍ,SÍ,SÍ,SÍ,NO,SÍ,NO,NO,SÍ,NO,SÍ,NO,NO,NO,SÍ,SÍ,SÍ,SÍ,,
2025-04-10 09:35:12,10/04/2025,Sucursal San Cristóbal,Guatemala,Distrito Metro,NO,SÍ,SÍ,SÍ,SÍ,NO,NO,NO,SÍ,SÍ,SÍ,SÍ,NO,NO,NO,SÍ,NO,NO,SÍ,SÍ,NO,SÍ,NO,NO,SÍ,SÍ,NO,SÍ,SÍ,SÍ,SÍ,NO,NO,SÍ,SÍ,SÍ,SÍ,SÍ,SÍ,NO,"Se notaron deficiencias considerables, especialmente en Cobro. El personal necesita capacitación.",
2025-04-11 16:25:57,11/04/2025,Sucursal Muxbal,Guatemala,Distrito Metro,SÍ,SÍ,SÍ,SÍ,SÍ,NO,SÍ,SÍ,SÍ,NO,NO,SÍ,SÍ,SÍ,SÍ,SÍ,SÍ,SÍ,NO,SÍ,SÍ,NO,SÍ,SÍ,SÍ,NO,SÍ,SÍ,SÍ,SÍ,SÍ,SÍ,NO,SÍ,SÍ,SÍ,SÍ,SÍ,SÍ,SÍ,Excelente servicio. La sucursal está operando en óptimas condiciones.,
2025-04-16 13:57:39,16/04/2025,Sucursal Carretera,Guatemala,Distrito Metro,NO,NO,NO,NO,NO,NO,SÍ,NO,SÍ,SÍ,SÍ,SÍ,NO,NO,SÍ,NO,SÍ,NO,SÍ,NO,NO,NO,SÍ,NO,NO,NO,NO,NO,SÍ,NO,SÍ,SÍ,NO,NO,NO,NO,NO,NO,NO,SÍ,"Se notaron deficiencias considerables, especialmente en Cobro. El personal necesita capacitación.",
2025-04-04 12:32:00,04/04/2025,Sucursal Zonal,Guatemala,Distrito Metro,SÍ,SÍ,SÍ,SÍ,SÍ,SÍ,SÍ,SÍ,SÍ,NO,NO,SÍ,NO,SÍ,SÍ,NO,SÍ,SÍ,NO,SÍ,SÍ,NO,SÍ,SÍ,NO,SÍ,SÍ,SÍ,SÍ,SÍ,NO,SÍ,NO,SÍ,NO,SÍ,SÍ,SÍ,SÍ,SÍ,"Visita dentro del promedio, con áreas de oportunidad.",
2025-04-11 15:19:32,11/04/2025,Sucursal Express,Guatemala,Distrito Metro,SÍ,NO,SÍ,SÍ,SÍ,SÍ,SÍ,SÍ,NO,NO,NO,SÍ,SÍ,SÍ,SÍ,SÍ,SÍ,SÍ,NO,NO,SÍ,NO,SÍ,SÍ,NO,NO,SÍ,SÍ,SÍ,SÍ,NO,SÍ,SÍ,SÍ,SÍ,SÍ,NO,SÍ,SÍ,SÍ,,
2025-04-08 18:03:31,08/04/2025,Sucursal San Miguel,Guatemala,Distrito Metro,SÍ,NO,SÍ,SÍ,NO,SÍ,NO,SÍ,SÍ,NO,SÍ,SÍ,SÍ,SÍ,SÍ,NO,SÍ,SÍ,NO,NO,NO,NO,SÍ,SÍ,SÍ,SÍ,SÍ,SÍ,SÍ,SÍ,SÍ,SÍ,NO,NO,NO,NO,NO,SÍ,SÍ,SÍ,"Visita dentro del promedio, con áreas de oportunidad.",
2025-04-20 16:20:13,20/04/2025,Sucursal Villa Nueva,Guatemala,Distrito Metro,SÍ,SÍ,SÍ,SÍ,SÍ,SÍ,NO,SÍ,SÍ,NO,SÍ,SÍ,SÍ,SÍ,SÍ,SÍ,NO,SÍ,NO,SÍ,SÍ,NO,SÍ,NO,SÍ,SÍ,SÍ,SÍ,SÍ,NO,NO,SÍ,SÍ,SÍ,SÍ,SÍ,NO,SÍ,SÍ,SÍ,,
2025-04-15 12:02:01,15/04/2025,Sucursal Petapa,Guatemala,Distrito Metro,SÍ,NO,SÍ,NO,NO,NO,SÍ,NO,NO,NO,NO,SÍ,SÍ,NO,SÍ,SÍ,NO,NO,NO,NO,SÍ,NO,SÍ,NO,NO,SÍ,SÍ,NO,SÍ,SÍ,NO,SÍ,SÍ,SÍ,SÍ,SÍ,SÍ,SÍ,SÍ,NO,,
2025-04-05 17:48:44,05/04/2025,Sucursal Mixco,Guatemala,Distrito Metro,NO,NO,NO,NO,SÍ,SÍ,NO,SÍ,SÍ,NO,NO,NO,NO,SÍ,SÍ,NO,NO,NO,SÍ,NO,NO,NO,NO,SÍ,NO,NO,NO,SÍ,NO,SÍ,SÍ,SÍ,SÍ,NO,NO,NO,SÍ,SÍ,NO,NO,"Se notaron deficiencias considerables, especialmente en Cobro. El personal necesita capacitación.",
2025-04-17 12:30:36,17/04/2025,Sucursal San José,Guatemala,Distrito Metro,SÍ,NO,NO,NO,NO,SÍ,SÍ,NO,SÍ,SÍ,SÍ,SÍ,SÍ,NO,SÍ,NO,SÍ,NO,NO,SÍ,SÍ,SÍ,SÍ,SÍ,NO,NO,NO,NO,SÍ,SÍ,SÍ,SÍ,NO,NO,NO,SÍ,NO,NO,SÍ,NO,"Se notaron deficiencias considerables, especialmente en Cobro. El personal necesita capacitación.",Incidencia grave en Cobro: Condiciones inaceptables de servicio o infraestructura.
2025-04-05 08:06:31,05/04/2025,Sucursal Santa Catarina,Guatemala,Distrito Metro,SÍ,SÍ,SÍ,NO,NO,SÍ,SÍ,SÍ,SÍ,SÍ,NO,SÍ,NO,SÍ,SÍ,NO,NO,SÍ,NO,NO,SÍ,NO,SÍ,SÍ,SÍ,SÍ,NO,SÍ,SÍ,SÍ,SÍ,SÍ,NO,NO,NO,NO,NO,SÍ,SÍ,SÍ,,
2025-04-25 13:14:11,25/04/2025,Sucursal Pinula,Guatemala,Distrito Metro,NO,SÍ,SÍ,SÍ,SÍ,SÍ,NO,SÍ,SÍ,NO,NO,SÍ,SÍ,SÍ,SÍ,NO,SÍ,SÍ,NO,SÍ,SÍ,NO,SÍ,SÍ,SÍ,SÍ,SÍ,NO,NO,SÍ,SÍ,NO,NO,SÍ,NO,SÍ,SÍ,SÍ,SÍ,SÍ,"Visita dentro del promedio, con áreas de oportunidad.",
2025-04-21 10:56:46,21/04/2025,Sucursal Boca del Monte,Guatemala,Distrito Metro,SÍ,SÍ,NO,SÍ,SÍ,SÍ,SÍ,SÍ,SÍ,NO,NO,SÍ,SÍ,SÍ,SÍ,SÍ,SÍ,SÍ,NO,SÍ,SÍ,NO,SÍ,SÍ,SÍ,SÍ,SÍ,SÍ,NO,SÍ,SÍ,SÍ,SÍ,SÍ,NO,SÍ,SÍ,SÍ,SÍ,SÍ,Excelente servicio. La sucursal está operando en óptimas condiciones.,
2025-04-27 16:15:35,27/04/2025,Sucursal Atlántico,Guatemala,Distrito Metro,NO,NO,NO,SÍ,NO,SÍ,SÍ,NO,NO,SÍ,NO,SÍ,NO,SÍ,NO,NO,NO,SÍ,SÍ,SÍ,NO,SÍ,NO,NO,SÍ,SÍ,SÍ,SÍ,SÍ,NO,SÍ,SÍ,SÍ,NO,NO,SÍ,NO,SÍ,NO,NO,"Se notaron deficiencias considerables, especialmente en Cobro. El personal necesita capacitación.",Incidencia grave en Cobro: Condiciones inaceptables de servicio o infraestructura.
2025-04-25 11:15:56,25/04/2025,Sucursal Pacífico,Guatemala,Distrito Metro,NO,SÍ,SÍ,SÍ,SÍ,SÍ,NO,SÍ,SÍ,SÍ,SÍ,NO,NO,NO,NO,SÍ,NO,SÍ,SÍ,SÍ,SÍ,SÍ,NO,SÍ,NO,NO,NO,NO,NO,NO,SÍ,NO,NO,NO,NO,SÍ,NO,SÍ,SÍ,SÍ,"Se notaron deficiencias considerables, especialmente en Cobro. El personal necesita capacitación.",Incidencia grave en Cobro: Condiciones inaceptables de servicio o infraestructura.
2025-04-16 15:31:30,16/04/2025,Sucursal Aguilar Batres,Guatemala,Distrito Metro,NO,SÍ,SÍ,SÍ,SÍ,SÍ,SÍ,SÍ,NO,NO,SÍ,SÍ,SÍ,SÍ,NO,NO,SÍ,SÍ,SÍ,NO,NO,NO,SÍ,NO,SÍ,NO,SÍ,SÍ,SÍ,SÍ,SÍ,SÍ,NO,SÍ,NO,NO,NO,SÍ,SÍ,SÍ,,
2025-04-25 17:28:57,25/04/2025,Sucursal Avenida,Guatemala,Distrito Metro,NO,SÍ,SÍ,SÍ,SÍ,SÍ,NO,SÍ,NO,NO,SÍ,NO,SÍ,NO,NO,NO,SÍ,NO,SÍ,NO,NO,SÍ,NO,NO,SÍ,NO,SÍ,NO,SÍ,SÍ,NO,SÍ,NO,NO,SÍ,SÍ,NO,SÍ,NO,NO,"Se notaron deficiencias considerables, especialmente en Cobro. El personal necesita capacitación.",Incidencia grave en Cobro: Condiciones inaceptables de servicio o infraestructura.
2025-04-06 11:44:16,06/04/2025,Sucursal Boulevard,Guatemala,Distrito Metro,SÍ,SÍ,NO,SÍ,SÍ,SÍ,SÍ,SÍ,NO,SÍ,NO,SÍ,SÍ,NO,SÍ,SÍ,NO,SÍ,NO,SÍ,SÍ,NO,SÍ,SÍ,NO,SÍ,NO,SÍ,SÍ,SÍ,SÍ,SÍ,SÍ,SÍ,SÍ,NO,SÍ,SÍ,SÍ,SÍ,,
2025-04-14 08:07:33,14/04/2025,Sucursal Quetzaltenango Norte,Quetzaltenango,Distrito Occidente,SÍ,SÍ,SÍ,SÍ,SÍ,SÍ,SÍ,SÍ,SÍ,NO,NO,SÍ,SÍ,SÍ,SÍ,SÍ,SÍ,NO,NO,NO,NO,SÍ,SÍ,NO,SÍ,SÍ,SÍ,SÍ,SÍ,SÍ,SÍ,SÍ,NO,SÍ,SÍ,NO,SÍ,SÍ,NO,NO,,
2025-04-21 15:06:56,21/04/2025,Sucursal Terminal Quet,Quetzaltenango,Distrito Occidente,NO,SÍ,NO,SÍ,SÍ,SÍ,SÍ,SÍ,NO,NO,NO,SÍ,SÍ,SÍ,SÍ,SÍ,SÍ,SÍ,NO,SÍ,SÍ,NO,NO,SÍ,SÍ,SÍ,SÍ,SÍ,SÍ,SÍ,NO,SÍ,SÍ,NO,SÍ,SÍ,SÍ,SÍ,SÍ,SÍ,,
2025-04-23 10:13:58,23/04/2025,Sucursal Quetzaltenango Centro,Quetzaltenango,Distrito Occidente,SÍ,SÍ,SÍ,SÍ,SÍ,SÍ,SÍ,SÍ,SÍ,NO,NO,SÍ,SÍ,SÍ,SÍ,SÍ,SÍ,SÍ,NO,SÍ,SÍ,NO,SÍ,SÍ,SÍ,SÍ,SÍ,SÍ,SÍ,SÍ,SÍ,SÍ,SÍ,SÍ,SÍ,SÍ,SÍ,SÍ,SÍ,SÍ,Excelente servicio. La sucursal está operando en óptimas condiciones.,
2025-04-07 18:12:50,07/04/2025,Sucursal Llanos Quet,Quetzaltenango,Distrito Occidente,SÍ,SÍ,SÍ,NO,NO,NO,NO,SÍ,SÍ,SÍ,NO,SÍ,NO,SÍ,SÍ,SÍ,NO,SÍ,SÍ,NO,NO,NO,SÍ,SÍ,SÍ,SÍ,SÍ,SÍ,NO,NO,SÍ,SÍ,SÍ,SÍ,SÍ,SÍ,NO,NO,SÍ,NO,,
2025-04-09 09:29:31,09/04/2025,Sucursal Quetzaltenango Norte,Quetzaltenango,Distrito Occidente,NO,SÍ,SÍ,SÍ,NO,SÍ,SÍ,SÍ,SÍ,NO,SÍ,NO,SÍ,SÍ,SÍ,SÍ,SÍ,SÍ,NO,SÍ,NO,NO,NO,SÍ,SÍ,SÍ,SÍ,SÍ,NO,NO,SÍ,SÍ,SÍ,SÍ,SÍ,SÍ,SÍ,SÍ,SÍ,SÍ,,
2025-04-12 12:58:57,12/04/2025,Sucursal Sur Quet,Quetzaltenango,Distrito Occidente,SÍ,NO,SÍ,SÍ,NO,SÍ,SÍ,SÍ,SÍ,NO,SÍ,NO,SÍ,SÍ,NO,SÍ,SÍ,SÍ,NO,SÍ,SÍ,NO,SÍ,SÍ,SÍ,NO,NO,SÍ,SÍ,SÍ,NO,SÍ,SÍ,SÍ,SÍ,SÍ,SÍ,NO,SÍ,SÍ,,
2025-04-02 13:43:57,02/04/2025,Sucursal Escuintla Centro,Escuintla,Distrito Sur,SÍ,SÍ,SÍ,SÍ,SÍ,SÍ,SÍ,SÍ,SÍ,NO,NO,SÍ,SÍ,SÍ,SÍ,SÍ,SÍ,SÍ,NO,SÍ,SÍ,NO,SÍ,SÍ,SÍ,SÍ,SÍ,SÍ,SÍ,SÍ,SÍ,SÍ,SÍ,SÍ,SÍ,SÍ,SÍ,SÍ,SÍ,SÍ,Excelente servicio. La sucursal está operando en óptimas condiciones.,
2025-04-26 15:55:38,26/04/2025,Sucursal Mercado Escu,Escuintla,Distrito Sur,SÍ,SÍ,SÍ,SÍ,SÍ,SÍ,SÍ,SÍ,SÍ,NO,NO,NO,SÍ,SÍ,SÍ,SÍ,SÍ,SÍ,NO,SÍ,SÍ,NO,SÍ,SÍ,SÍ,SÍ,SÍ,SÍ,SÍ,SÍ,SÍ,SÍ,SÍ,SÍ,SÍ,NO,SÍ,SÍ,SÍ,SÍ,Excelente servicio. La sucursal está operando en óptimas condiciones.,
2025-04-16 13:39:33,16/04/2025,Sucursal Escuintla Norte,Escuintla,Distrito Sur,SÍ,SÍ,SÍ,SÍ,SÍ,SÍ,SÍ,SÍ,NO,NO,NO,SÍ,SÍ,NO,SÍ,SÍ,SÍ,NO,NO,SÍ,SÍ,NO,SÍ,SÍ,NO,SÍ,SÍ,NO,NO,SÍ,SÍ,SÍ,SÍ,SÍ,SÍ,SÍ,SÍ,NO,SÍ,SÍ,,
2025-04-09 12:29:40,09/04/2025,Sucursal Occidente Escu,Escuintla,Distrito Sur,NO,NO,SÍ,NO,NO,SÍ,NO,NO,NO,NO,SÍ,NO,NO,NO,NO,SÍ,NO,NO,NO,NO,NO,SÍ,NO,SÍ,SÍ,SÍ,NO,SÍ,NO,SÍ,NO,NO,NO,SÍ,NO,SÍ,SÍ,SÍ,SÍ,SÍ,"Se notaron deficiencias considerables, especialmente en Cobro. El personal necesita capacitación.",Incidencia grave en Cobro: Condiciones inaceptables de servicio o infraestructura.
2025-04-07 09:52:21,07/04/2025,Sucursal Escuintla Norte,Escuintla,Distrito Sur,NO,SÍ,SÍ,NO,SÍ,NO,NO,NO,NO,SÍ,SÍ,SÍ,SÍ,SÍ,SÍ,SÍ,SÍ,NO,NO,SÍ,NO,NO,NO,NO,NO,SÍ,NO,NO,SÍ,SÍ,SÍ,NO,SÍ,NO,SÍ,NO,NO,SÍ,SÍ,SÍ,"Se notaron deficiencias considerables, especialmente en Cobro. El personal necesita capacitación.",Incidencia grave en Cobro: Condiciones inaceptables de servicio o infraestructura.
2025-04-27 15:52:48,27/04/2025,Sucursal Norte Escu,Escuintla,Distrito Sur,SÍ,SÍ,SÍ,SÍ,NO,SÍ,SÍ,SÍ,NO,NO,SÍ,SÍ,NO,SÍ,NO,NO,NO,SÍ,NO,SÍ,NO,NO,SÍ,NO,SÍ,SÍ,SÍ,SÍ,SÍ,SÍ,SÍ,SÍ,SÍ,SÍ,SÍ,NO,NO,SÍ,SÍ,SÍ,,
2025-04-23 18:21:35,23/04/2025,Sucursal Sacatepéquez Norte,Sacatepéquez,Distrito Central,NO,SÍ,SÍ,SÍ,SÍ,SÍ,SÍ,SÍ,SÍ,NO,NO,SÍ,NO,SÍ,SÍ,SÍ,NO,SÍ,NO,SÍ,SÍ,NO,SÍ,SÍ,SÍ,SÍ,SÍ,NO,SÍ,SÍ,SÍ,SÍ,SÍ,SÍ,SÍ,NO,SÍ,SÍ,SÍ,NO,,
2025-04-21 16:01:56,21/04/2025,Sucursal Central Saca,Sacatepéquez,Distrito Central,SÍ,SÍ,SÍ,SÍ,SÍ,SÍ,SÍ,SÍ,SÍ,NO,SÍ,SÍ,NO,SÍ,NO,NO,SÍ,SÍ,NO,NO,NO,NO,SÍ,SÍ,NO,SÍ,SÍ,SÍ,SÍ,SÍ,SÍ,SÍ,SÍ,NO,NO,NO,NO,SÍ,SÍ,SÍ,"Visita dentro del promedio, con áreas de oportunidad.",
2025-04-27 16:12:51,27/04/2025,Sucursal Sacatepéquez Centro,Sacatepéquez,Distrito Central,SÍ,SÍ,SÍ,SÍ,SÍ,SÍ,SÍ,NO,SÍ,SÍ,NO,SÍ,SÍ,SÍ,SÍ,SÍ,NO,SÍ,NO,SÍ,SÍ,NO,SÍ,SÍ,NO,NO,NO,NO,NO,NO,SÍ,SÍ,SÍ,SÍ,SÍ,SÍ,SÍ,SÍ,SÍ,SÍ,,
2025-04-16 12:33:32,16/04/2025,Sucursal Terminal Saca,Sacatepéquez,Distrito Central,NO,SÍ,NO,SÍ,SÍ,NO,NO,NO,SÍ,NO,SÍ,SÍ,SÍ,SÍ,NO,NO,SÍ,SÍ,SÍ,SÍ,SÍ,NO,SÍ,SÍ,SÍ,SÍ,SÍ,NO,NO,SÍ,SÍ,NO,NO,SÍ,NO,SÍ,SÍ,SÍ,SÍ,NO,,
2025-04-03 11:31:08,03/04/2025,Sucursal Sacatepéquez Norte,Sacatepéquez,Distrito Central,SÍ,SÍ,SÍ,NO,SÍ,SÍ,SÍ,SÍ,NO,NO,NO,SÍ,SÍ,SÍ,SÍ,SÍ,SÍ,SÍ,NO,NO,SÍ,SÍ,SÍ,SÍ,SÍ,SÍ,SÍ,SÍ,SÍ,SÍ,SÍ,SÍ,SÍ,SÍ,SÍ,SÍ,SÍ,SÍ,SÍ,SÍ,Excelente servicio. La sucursal está operando en óptimas condiciones.,
2025-04-14 09:53:12,14/04/2025,Sucursal Avenida Chim,Chimaltenango,Distrito Central,SÍ,NO,NO,SÍ,SÍ,SÍ,SÍ,NO,NO,NO,SÍ,NO,SÍ,SÍ,SÍ,SÍ,SÍ,SÍ,NO,NO,SÍ,NO,NO,SÍ,SÍ,SÍ,SÍ,NO,SÍ,SÍ,SÍ,NO,SÍ,NO,SÍ,NO,SÍ,SÍ,SÍ,NO,,
2025-04-13 13:24:46,13/04/2025,Sucursal Chimaltenango Centro,Chimaltenango,Distrito Central,SÍ,SÍ,SÍ,SÍ,SÍ,SÍ,SÍ,SÍ,SÍ,NO,NO,SÍ,SÍ,SÍ,SÍ,SÍ,SÍ,SÍ,NO,SÍ,SÍ,NO,NO,SÍ,SÍ,SÍ,SÍ,SÍ,NO,SÍ,SÍ,NO,SÍ,SÍ,SÍ,SÍ,SÍ,SÍ,NO,SÍ,,
2025-04-02 09:17:05,02/04/2025,Sucursal Plaza Chim,Chimaltenango,Distrito Central,SÍ,SÍ,SÍ,SÍ,SÍ,NO,SÍ,SÍ,SÍ,NO,SÍ,SÍ,SÍ,SÍ,NO,SÍ,SÍ,SÍ,NO,SÍ,SÍ,NO,SÍ,SÍ,SÍ,SÍ,SÍ,SÍ,SÍ,SÍ,SÍ,SÍ,NO,SÍ,SÍ,SÍ,SÍ,SÍ,SÍ,SÍ,,
2025-04-09 08:32:32,09/04/2025,Sucursal Chimaltenango Plaza,Chimaltenango,Distrito Central,SÍ,SÍ,SÍ,NO,SÍ,SÍ,SÍ,SÍ,NO,NO,SÍ,NO,NO,SÍ,NO,SÍ,NO,SÍ,SÍ,NO,SÍ,NO,NO,SÍ,SÍ,NO,NO,NO,NO,SÍ,NO,SÍ,SÍ,NO,SÍ,NO,SÍ,SÍ,NO,SÍ,"Se notaron deficiencias considerables, especialmente en Cobro. El personal necesita capacitación.",Incidencia grave en Cobro: Condiciones inaceptables de servicio o infraestructura.
2025-04-12 09:21:28,12/04/2025,Sucursal Avenida Alta,Alta Verapaz,Distrito Norte,NO,SÍ,NO,SÍ,SÍ,SÍ,SÍ,SÍ,SÍ,NO,NO,SÍ,SÍ,NO,SÍ,SÍ,NO,NO,SÍ,SÍ,SÍ,NO,SÍ,NO,SÍ,NO,SÍ,SÍ,SÍ,NO,SÍ,NO,NO,SÍ,SÍ,NO,NO,SÍ,SÍ,SÍ,,
2025-04-21 13:44:30,21/04/2025,Sucursal Alta Verapaz Plaza,Alta Verapaz,Distrito Norte,SÍ,NO,SÍ,SÍ,SÍ,NO,SÍ,NO,SÍ,NO,SÍ,SÍ,NO,NO,NO,NO,SÍ,NO,SÍ,SÍ,SÍ,SÍ,SÍ,SÍ,SÍ,SÍ,NO,NO,SÍ,SÍ,NO,SÍ,NO,NO,NO,NO,SÍ,NO,SÍ,SÍ,"Se notaron deficiencias considerables, especialmente en Cobro. El personal necesita capacitación.",Incidencia grave en Cobro: Condiciones inaceptables de servicio o infraestructura.
2025-04-27 11:12:40,27/04/2025,Sucursal Express Alta,Alta Verapaz,Distrito Norte,NO,NO,SÍ,SÍ,NO,SÍ,NO,SÍ,SÍ,NO,SÍ,SÍ,SÍ,SÍ,NO,SÍ,NO,NO,NO,SÍ,SÍ,SÍ,NO,SÍ,SÍ,NO,SÍ,SÍ,SÍ,SÍ,SÍ,SÍ,SÍ,NO,SÍ,SÍ,NO,SÍ,SÍ,NO,,
2025-04-15 11:15:34,15/04/2025,Sucursal Alta Verapaz Centro,Alta Verapaz,Distrito Norte,SÍ,SÍ,SÍ,SÍ,NO,SÍ,SÍ,SÍ,NO,NO,SÍ,SÍ,SÍ,SÍ,SÍ,NO,SÍ,SÍ,NO,NO,NO,NO,NO,SÍ,SÍ,SÍ,SÍ,SÍ,SÍ,NO,SÍ,SÍ,NO,NO,SÍ,NO,NO,SÍ,SÍ,SÍ,"Visita dentro del promedio, con áreas de oportunidad.",
2025-04-26 09:01:15,26/04/2025,Sucursal Centro Peté,Petén,Distrito Norte,NO,NO,SÍ,SÍ,SÍ,NO,SÍ,SÍ,NO,SÍ,SÍ,NO,SÍ,NO,SÍ,NO,NO,SÍ,SÍ,SÍ,NO,SÍ,NO,NO,NO,SÍ,SÍ,NO,SÍ,NO,NO,SÍ,SÍ,NO,NO,NO,NO,SÍ,NO,SÍ,"Se notaron deficiencias considerables, especialmente en Cobro. El personal necesita capacitación.",
2025-04-12 15:31:29,12/04/2025,Sucursal Petén Plaza,Petén,Distrito Norte,SÍ,SÍ,NO,SÍ,SÍ,NO,SÍ,SÍ,SÍ,NO,NO,SÍ,SÍ,SÍ,SÍ,SÍ,SÍ,SÍ,NO,SÍ,SÍ,NO,SÍ,SÍ,NO,SÍ,SÍ,SÍ,NO,SÍ,SÍ,SÍ,SÍ,NO,SÍ,SÍ,SÍ,SÍ,NO,SÍ,,
2025-04-13 10:21:26,13/04/2025,Sucursal Avenida Peté,Petén,Distrito Norte,SÍ,SÍ,NO,SÍ,NO,SÍ,SÍ,SÍ,SÍ,NO,NO,SÍ,NO,SÍ,SÍ,SÍ,SÍ,SÍ,NO,SÍ,SÍ,NO,SÍ,NO,SÍ,SÍ,SÍ,NO,SÍ,SÍ,NO,SÍ,SÍ,SÍ,SÍ,NO,SÍ,SÍ,SÍ,NO,"Visita dentro del promedio, con áreas de oportunidad.",
2025-04-20 16:33:53,20/04/2025,Sucursal Izabal Centro,Izabal,Distrito Oriente,NO,NO,SÍ,SÍ,NO,SÍ,SÍ,SÍ,NO,NO,NO,SÍ,NO,SÍ,NO,NO,NO,NO,SÍ,SÍ,SÍ,SÍ,NO,SÍ,SÍ,SÍ,SÍ,SÍ,NO,SÍ,SÍ,SÍ,SÍ,SÍ,SÍ,SÍ,SÍ,SÍ,SÍ,SÍ,,
2025-04-03 16:12:08,03/04/2025,Sucursal Express Izab,Izabal,Distrito Oriente,SÍ,SÍ,SÍ,SÍ,SÍ,SÍ,SÍ,SÍ,SÍ,NO,NO,SÍ,SÍ,SÍ,SÍ,SÍ,SÍ,SÍ,NO,SÍ,SÍ,NO,SÍ,SÍ,SÍ,SÍ,SÍ,NO,SÍ,SÍ,SÍ,SÍ,SÍ,SÍ,SÍ,SÍ,NO,SÍ,SÍ,SÍ,Excelente servicio. La sucursal está operando en óptimas condiciones.,
2025-04-11 09:21:47,11/04/2025,Sucursal Izabal Centro,Izabal,Distrito Oriente,SÍ,SÍ,SÍ,SÍ,SÍ,SÍ,SÍ,SÍ,SÍ,NO,NO,SÍ,SÍ,SÍ,SÍ,SÍ,SÍ,SÍ,NO,NO,NO,SÍ,NO,SÍ,SÍ,SÍ,SÍ,SÍ,SÍ,SÍ,SÍ,SÍ,SÍ,NO,SÍ,NO,SÍ,SÍ,SÍ,SÍ,,
2025-04-27 09:41:40,27/04/2025,Sucursal Centro San ,San Marcos,Distrito Occidente,SÍ,SÍ,SÍ,SÍ,SÍ,SÍ,SÍ,SÍ,SÍ,NO,NO,SÍ,SÍ,SÍ,SÍ,SÍ,SÍ,SÍ,NO,NO,SÍ,NO,SÍ,SÍ,SÍ,SÍ,SÍ,SÍ,SÍ,SÍ,SÍ,SÍ,SÍ,SÍ,SÍ,SÍ,NO,SÍ,SÍ,SÍ,Excelente servicio. La sucursal está operando en óptimas condiciones.,
2025-04-21 10:36:47,21/04/2025,Sucursal San Marcos Norte,San Marcos,Distrito Occidente,SÍ,SÍ,NO,NO,SÍ,SÍ,SÍ,NO,SÍ,NO,NO,SÍ,SÍ,NO,SÍ,SÍ,SÍ,NO,NO,NO,NO,SÍ,SÍ,SÍ,SÍ,SÍ,NO,SÍ,SÍ,SÍ,SÍ,NO,SÍ,SÍ,SÍ,SÍ,SÍ,SÍ,SÍ,NO,,
2025-04-10 14:58:41,10/04/2025,Sucursal Central San ,San Marcos,Distrito Occidente,SÍ,NO,SÍ,NO,NO,NO,SÍ,SÍ,NO,NO,SÍ,SÍ,SÍ,NO,NO,SÍ,NO,SÍ,SÍ,SÍ,NO,NO,SÍ,SÍ,SÍ,NO,NO,SÍ,SÍ,SÍ,SÍ,SÍ,SÍ,SÍ,SÍ,SÍ,SÍ,SÍ,SÍ,SÍ,,
2025-04-14 11:55:23,14/04/2025,Sucursal Huehuetenango Norte,Huehuetenango,Distrito Occidente,NO,SÍ,SÍ,SÍ,SÍ,SÍ,SÍ,SÍ,SÍ,SÍ,NO,SÍ,SÍ,SÍ,SÍ,SÍ,SÍ,NO,NO,SÍ,SÍ,NO,SÍ,NO,NO,NO,NO,SÍ,NO,SÍ,SÍ,NO,NO,SÍ,SÍ,SÍ,SÍ,SÍ,SÍ,SÍ,"Visita dentro del promedio, con áreas de oportunidad.",
2025-04-07 18:11:45,07/04/2025,Sucursal Occidente Hueh,Huehuetenango,Distrito Occidente,NO,SÍ,SÍ,NO,SÍ,NO,NO,SÍ,SÍ,NO,NO,NO,SÍ,SÍ,SÍ,SÍ,SÍ,NO,SÍ,SÍ,SÍ,SÍ,SÍ,SÍ,NO,NO,SÍ,SÍ,NO,NO,SÍ,SÍ,SÍ,NO,SÍ,NO,SÍ,NO,NO,SÍ,"Se notaron deficiencias considerables, especialmente en Cobro. El personal necesita capacitación.",
2025-04-21 09:44:46,21/04/2025,Sucursal Huehuetenango Norte,Huehuetenango,Distrito Occidente,NO,NO,NO,NO,SÍ,NO,SÍ,SÍ,SÍ,SÍ,SÍ,SÍ,NO,NO,NO,NO,SÍ,SÍ,NO,SÍ,NO,SÍ,NO,SÍ,SÍ,NO,SÍ,SÍ,SÍ,NO,SÍ,SÍ,SÍ,SÍ,SÍ,NO,NO,SÍ,SÍ,SÍ,"Se notaron deficiencias considerables, especialmente en Cobro. El personal necesita capacitación.",
2025-04-26 12:08:23,26/04/2025,Sucursal Brisas Juti,Jutiapa,Distrito Oriente,NO,SÍ,NO,SÍ,SÍ,SÍ,SÍ,SÍ,NO,NO,NO,SÍ,NO,NO,SÍ,SÍ,SÍ,SÍ,NO,SÍ,SÍ,SÍ,SÍ,SÍ,SÍ,SÍ,SÍ,SÍ,SÍ,SÍ,SÍ,SÍ,SÍ,SÍ,SÍ,SÍ,SÍ,SÍ,SÍ,SÍ,,
2025-04-10 17:17:35,10/04/2025,Sucursal Jutiapa Plaza,Jutiapa,Distrito Oriente,SÍ,SÍ,SÍ,SÍ,SÍ,SÍ,SÍ,NO,SÍ,NO,NO,SÍ,SÍ,SÍ,SÍ,SÍ,SÍ,SÍ,NO,SÍ,SÍ,NO,SÍ,NO,SÍ,NO,SÍ,SÍ,SÍ,SÍ,SÍ,SÍ,NO,SÍ,SÍ,SÍ,SÍ,SÍ,SÍ,SÍ,Excelente servicio. La sucursal está operando en óptimas condiciones.,
2025-04-18 13:05:49,18/04/2025,Sucursal Llanos Zaca,Zacapa,Distrito Oriente,SÍ,NO,NO,SÍ,SÍ,SÍ,SÍ,SÍ,NO,NO,NO,SÍ,NO,NO,NO,SÍ,SÍ,SÍ,SÍ,SÍ,SÍ,SÍ,SÍ,NO,SÍ,SÍ,SÍ,NO,SÍ,SÍ,SÍ,NO,NO,SÍ,SÍ,NO,NO,NO,SÍ,SÍ,,
2025-04-16 10:08:46,16/04/2025,Sucursal Zacapa Plaza,Zacapa,Distrito Oriente,NO,NO,NO,SÍ,NO,NO,NO,NO,NO,SÍ,NO,NO,NO,SÍ,SÍ,NO,NO,SÍ,SÍ,NO,SÍ,NO,SÍ,SÍ,NO,NO,SÍ,NO,SÍ,SÍ,NO,SÍ,NO,NO,NO,SÍ,SÍ,SÍ,NO,SÍ,"Se notaron deficiencias considerables, especialmente en Cobro. El personal necesita capacitación.",
2025-04-16 08:33:15,16/04/2025,Sucursal Parque Reta,Retalhuleu,Distrito Sur,NO,SÍ,SÍ,SÍ,SÍ,SÍ,SÍ,SÍ,SÍ,NO,NO,SÍ,SÍ,NO,NO,SÍ,NO,SÍ,NO,SÍ,NO,NO,NO,SÍ,NO,NO,SÍ,SÍ,SÍ,NO,SÍ,SÍ,SÍ,SÍ,SÍ,SÍ,NO,SÍ,SÍ,SÍ,,
2025-04-04 16:11:09,04/04/2025,Sucursal Retalhuleu Norte,Retalhuleu,Distrito Sur,SÍ,SÍ,NO,SÍ,NO,SÍ,SÍ,NO,NO,NO,SÍ,SÍ,SÍ,SÍ,NO,NO,SÍ,SÍ,NO,NO,NO,NO,SÍ,SÍ,SÍ,SÍ,SÍ,SÍ,SÍ,NO,SÍ,SÍ,SÍ,NO,NO,SÍ,SÍ,NO,SÍ,SÍ,,
2025-04-10 15:32:13,10/04/2025,Sucursal Terminal Such,Suchitepéquez,Distrito Sur,NO,SÍ,SÍ,SÍ,SÍ,SÍ,NO,NO,SÍ,SÍ,SÍ,SÍ,SÍ,NO,NO,SÍ,SÍ,SÍ,SÍ,NO,NO,NO,SÍ,SÍ,NO,NO,SÍ,SÍ,NO,NO,SÍ,SÍ,SÍ,NO,NO,NO,NO,NO,SÍ,SÍ,"Se notaron deficiencias considerables, especialmente en Cobro. El personal necesita capacitación.",
2025-04-22 13:43:08,22/04/2025,Sucursal Suchitepéquez Centro,Suchitepéquez,Distrito Sur,SÍ,SÍ,SÍ,SÍ,NO,SÍ,SÍ,SÍ,NO,NO,SÍ,SÍ,SÍ,SÍ,SÍ,SÍ,NO,SÍ,NO,SÍ,SÍ,NO,SÍ,SÍ,SÍ,SÍ,SÍ,NO,SÍ,SÍ,SÍ,SÍ,SÍ,NO,SÍ,SÍ,SÍ,SÍ,SÍ,SÍ,,
2025-04-26 10:01:27,26/04/2025,Sucursal Parque Sant,Santa Rosa,Distrito Sur,SÍ,SÍ,SÍ,SÍ,SÍ,SÍ,SÍ,NO,SÍ,NO,NO,SÍ,SÍ,SÍ,SÍ,SÍ,SÍ,SÍ,NO,SÍ,SÍ,NO,SÍ,NO,SÍ,NO,NO,NO,NO,NO,SÍ,SÍ,SÍ,SÍ,NO,SÍ,SÍ,SÍ,SÍ,SÍ,"Visita dentro del promedio, con áreas de oportunidad.",
2025-04-08 10:20:54,08/04/2025,Sucursal Santa Rosa Centro,Santa Rosa,Distrito Sur,SÍ,SÍ,NO,NO,NO,SÍ,SÍ,SÍ,SÍ,SÍ,SÍ,SÍ,SÍ,SÍ,NO,NO,NO,SÍ,NO,SÍ,NO,SÍ,SÍ,SÍ,SÍ,SÍ,NO,NO,SÍ,SÍ,SÍ,SÍ,SÍ,NO,SÍ,NO,NO,NO,NO,NO,"Se notaron deficiencias considerables, especialmente en Cobro. El personal necesita capacitación.",
2025-04-23 18:35:45,23/04/2025,Sucursal Parque El P,El Progreso,Distrito Oriente,NO,SÍ,SÍ,SÍ,NO,SÍ,SÍ,SÍ,NO,SÍ,NO,SÍ,SÍ,SÍ,SÍ,NO,NO,SÍ,NO,SÍ,SÍ,NO,SÍ,NO,SÍ,SÍ,NO,SÍ,SÍ,SÍ,NO,NO,SÍ,SÍ,NO,NO,SÍ,NO,SÍ,SÍ,"Visita dentro del promedio, con áreas de oportunidad.",
2025-04-19 17:32:25,19/04/2025,Sucursal El Progreso Norte,El Progreso,Distrito Oriente,SÍ,SÍ,SÍ,NO,SÍ,SÍ,SÍ,SÍ,SÍ,NO,NO,SÍ,SÍ,SÍ,SÍ,SÍ,SÍ,SÍ,NO,SÍ,NO,NO,NO,SÍ,SÍ,SÍ,SÍ,SÍ,SÍ,SÍ,SÍ,SÍ,SÍ,SÍ,SÍ,SÍ,SÍ,SÍ,SÍ,SÍ,Excelente servicio. La sucursal está operando en óptimas condiciones.,
2025-04-07 18:35:31,07/04/2025,Sucursal Mercado Chiq,Chiquimula,Distrito Oriente,SÍ,SÍ,SÍ,SÍ,SÍ,SÍ,SÍ,SÍ,SÍ,NO,NO,SÍ,SÍ,NO,SÍ,SÍ,SÍ,SÍ,NO,SÍ,SÍ,NO,SÍ,SÍ,SÍ,NO,NO,NO,NO,SÍ,NO,SÍ,SÍ,NO,SÍ,NO,SÍ,NO,SÍ,SÍ,"Visita dentro del promedio, con áreas de oportunidad.",
2025-04-05 14:10:07,05/04/2025,Sucursal Chiquimula Centro,Chiquimula,Distrito Oriente,SÍ,SÍ,SÍ,SÍ,SÍ,SÍ,SÍ,SÍ,NO,NO,NO,SÍ,SÍ,SÍ,SÍ,SÍ,SÍ,SÍ,NO,NO,SÍ,SÍ,SÍ,SÍ,SÍ,SÍ,SÍ,SÍ,SÍ,SÍ,SÍ,SÍ,NO,SÍ,SÍ,SÍ,SÍ,SÍ,SÍ,SÍ,,
2025-04-07 08:53:35,07/04/2025,Sucursal Norte Jala,Jalapa,Distrito Oriente,SÍ,SÍ,NO,SÍ,SÍ,NO,NO,SÍ,SÍ,SÍ,SÍ,SÍ,SÍ,SÍ,SÍ,NO,SÍ,NO,NO,SÍ,SÍ,NO,SÍ,SÍ,SÍ,SÍ,NO,SÍ,SÍ,NO,SÍ,SÍ,SÍ,NO,SÍ,SÍ,SÍ,SÍ,SÍ,SÍ,,
2025-04-19 17:07:55,19/04/2025,Sucursal Jalapa Plaza,Jalapa,Distrito Oriente,SÍ,SÍ,SÍ,SÍ,SÍ,SÍ,SÍ,SÍ,SÍ,NO,NO,NO,SÍ,SÍ,SÍ,NO,SÍ,SÍ,NO,SÍ,SÍ,NO,SÍ,NO,NO,SÍ,SÍ,NO,NO,NO,SÍ,SÍ,SÍ,SÍ,SÍ,SÍ,SÍ,SÍ,NO,SÍ,,
2025-04-13 18:09:38,13/04/2025,Sucursal Terminal Solo,Sololá,Distrito Occidente,NO,SÍ,SÍ,SÍ,SÍ,SÍ,SÍ,SÍ,SÍ,NO,NO,NO,SÍ,SÍ,SÍ,NO,SÍ,SÍ,NO,SÍ,SÍ,NO,SÍ,NO,SÍ,NO,SÍ,NO,NO,SÍ,NO,SÍ,SÍ,SÍ,SÍ,NO,SÍ,SÍ,SÍ,NO,,
2025-04-08 18:20:01,08/04/2025,Sucursal Sololá Centro,Sololá,Distrito Occidente,SÍ,SÍ,SÍ,SÍ,SÍ,SÍ,SÍ,SÍ,SÍ,NO,NO,SÍ,SÍ,SÍ,SÍ,SÍ,SÍ,SÍ,NO,SÍ,SÍ,SÍ,SÍ,SÍ,SÍ,SÍ,NO,SÍ,SÍ,SÍ,SÍ,SÍ,SÍ,SÍ,SÍ,SÍ,SÍ,SÍ,SÍ,SÍ,Excelente servicio. La sucursal está operando en óptimas condiciones.,
2025-04-24 09:30:21,24/04/2025,Sucursal Express Toto,Totonicapán,Distrito Occidente,SÍ,SÍ,SÍ,SÍ,SÍ,SÍ,SÍ,NO,SÍ,NO,NO,SÍ,NO,NO,SÍ,SÍ,NO,SÍ,NO,NO,NO,NO,SÍ,SÍ,NO,SÍ,NO,SÍ,NO,SÍ,SÍ,NO,NO,SÍ,SÍ,SÍ,SÍ,NO,SÍ,NO,,
2025-04-13 18:03:46,13/04/2025,Sucursal Totonicapán Plaza,Totonicapán,Distrito Occidente,SÍ,SÍ,SÍ,SÍ,NO,SÍ,SÍ,SÍ,NO,NO,SÍ,SÍ,SÍ,SÍ,NO,NO,SÍ,SÍ,NO,SÍ,SÍ,SÍ,NO,SÍ,SÍ,SÍ,NO,SÍ,SÍ,SÍ,SÍ,SÍ,NO,NO,NO,SÍ,SÍ,SÍ,SÍ,SÍ,"Visita dentro del promedio, con áreas de oportunidad.",
2025-04-22 09:16:10,22/04/2025,Sucursal Plaza Quic,Quiché,Distrito Occidente,SÍ,SÍ,SÍ,SÍ,NO,SÍ,SÍ,SÍ,NO,NO,SÍ,NO,SÍ,SÍ,SÍ,SÍ,SÍ,NO,NO,NO,SÍ,SÍ,SÍ,SÍ,SÍ,NO,SÍ,NO,SÍ,NO,NO,NO,SÍ,SÍ,SÍ,SÍ,SÍ,NO,SÍ,NO,"Visita dentro del promedio, con áreas de oportunidad.",
2025-04-14 14:12:15,14/04/2025,Sucursal Quiché Plaza,Quiché,Distrito Occidente,SÍ,NO,NO,NO,SÍ,SÍ,NO,NO,SÍ,SÍ,NO,NO,SÍ,SÍ,SÍ,NO,NO,SÍ,SÍ,NO,SÍ,SÍ,SÍ,SÍ,NO,NO,NO,NO,NO,SÍ,SÍ,NO,NO,NO,NO,NO,NO,SÍ,SÍ,NO,"Se notaron deficiencias considerables, especialmente en Cobro. El personal necesita capacitación.",
2025-04-10 12:46:11,10/04/2025,Sucursal Oriente Baja,Baja Verapaz,Distrito Norte,SÍ,SÍ,SÍ,SÍ,SÍ,SÍ,SÍ,SÍ,SÍ,NO,NO,SÍ,NO,SÍ,SÍ,SÍ,SÍ,SÍ,NO,SÍ,SÍ,NO,SÍ,SÍ,SÍ,SÍ,SÍ,SÍ,SÍ,SÍ,SÍ,SÍ,SÍ,SÍ,NO,SÍ,SÍ,SÍ,SÍ,SÍ,Excelente servicio. La sucursal está operando en óptimas condiciones.,
2025-05-23 09:23:08,23/05/2025,Sucursal Centro,Guatemala,Distrito Metro,SÍ,SÍ,SÍ,SÍ,SÍ,SÍ,SÍ,SÍ,SÍ,NO,NO,SÍ,SÍ,SÍ,NO,NO,SÍ,NO,NO,SÍ,SÍ,NO,SÍ,SÍ,SÍ,SÍ,SÍ,SÍ,SÍ,SÍ,SÍ,SÍ,SÍ,SÍ,SÍ,SÍ,SÍ,SÍ,SÍ,SÍ,Excelente servicio. La sucursal está operando en óptimas condiciones.,
2025-05-19 18:13:15,19/05/2025,Sucursal Norte,Guatemala,Distrito Metro,NO,SÍ,NO,NO,SÍ,SÍ,SÍ,SÍ,NO,SÍ,NO,SÍ,SÍ,SÍ,SÍ,SÍ,SÍ,SÍ,NO,NO,SÍ,SÍ,SÍ,NO,NO,SÍ,SÍ,NO,SÍ,NO,NO,SÍ,SÍ,SÍ,NO,SÍ,SÍ,SÍ,SÍ,SÍ,,
2025-05-20 13:53:32,20/05/2025,Sucursal Sur,Guatemala,Distrito Metro,SÍ,NO,NO,SÍ,SÍ,SÍ,SÍ,SÍ,NO,NO,SÍ,SÍ,SÍ,NO,SÍ,SÍ,SÍ,SÍ,NO,SÍ,SÍ,SÍ,SÍ,SÍ,SÍ,SÍ,SÍ,SÍ,SÍ,SÍ,SÍ,NO,SÍ,SÍ,SÍ,SÍ,NO,SÍ,NO,SÍ,,
2025-05-14 13:51:44,14/05/2025,Sucursal Las Palmas,Guatemala,Distrito Metro,SÍ,SÍ,SÍ,SÍ,SÍ,SÍ,SÍ,SÍ,SÍ,SÍ,NO,SÍ,SÍ,NO,SÍ,SÍ,SÍ,SÍ,SÍ,SÍ,SÍ,SÍ,SÍ,SÍ,NO,SÍ,SÍ,SÍ,SÍ,SÍ,SÍ,SÍ,SÍ,SÍ,SÍ,SÍ,NO,SÍ,SÍ,SÍ,,
2025-05-11 16:18:19,11/05/2025,Sucursal Pradera,Guatemala,Distrito Metro,SÍ,SÍ,SÍ,SÍ,SÍ,NO,SÍ,NO,SÍ,SÍ,SÍ,SÍ,SÍ,NO,NO,SÍ,SÍ,SÍ,SÍ,NO,SÍ,NO,SÍ,NO,NO,SÍ,SÍ,NO,SÍ,SÍ,SÍ,SÍ,SÍ,NO,NO,SÍ,SÍ,NO,SÍ,SÍ,"Visita dentro del promedio, con áreas de oportunidad.",
2025-05-17 17:36:19,17/05/2025,Sucursal Majadas,Guatemala,Distrito Metro,SÍ,NO,SÍ,SÍ,SÍ,SÍ,SÍ,SÍ,SÍ,NO,SÍ,SÍ,SÍ,SÍ,SÍ,SÍ,SÍ,SÍ,NO,SÍ,SÍ,NO,NO,SÍ,SÍ,SÍ,SÍ,SÍ,SÍ,SÍ,SÍ,SÍ,SÍ,SÍ,SÍ,SÍ,NO,NO,SÍ,SÍ,,
2025-05-22 14:00:36,22/05/2025,Sucursal Vista Hermosa,Guatemala,Distrito Metro,SÍ,SÍ,SÍ,SÍ,SÍ,SÍ,SÍ,SÍ,SÍ,NO,NO,SÍ,SÍ,SÍ,SÍ,SÍ,SÍ,NO,NO,SÍ,SÍ,NO,SÍ,SÍ,SÍ,SÍ,SÍ,SÍ,SÍ,SÍ,SÍ,NO,SÍ,SÍ,SÍ,SÍ,SÍ,SÍ,SÍ,SÍ,Excelente servicio. La sucursal está operando en óptimas condiciones.,
2025-05-02 14:57:21,02/05/2025,Sucursal Cayalá,Guatemala,Distrito Metro,SÍ,SÍ,SÍ,SÍ,SÍ,SÍ,SÍ,SÍ,SÍ,SÍ,NO,SÍ,SÍ,NO,SÍ,SÍ,SÍ,NO,NO,NO,SÍ,NO,SÍ,SÍ,SÍ,NO,SÍ,SÍ,SÍ,SÍ,SÍ,SÍ,SÍ,SÍ,SÍ,SÍ,NO,SÍ,SÍ,SÍ,,
2025-05-20 12:19:22,20/05/2025,Sucursal Américas,Guatemala,Distrito Metro,SÍ,SÍ,SÍ,SÍ,SÍ,SÍ,SÍ,SÍ,SÍ,NO,NO,SÍ,SÍ,SÍ,SÍ,SÍ,SÍ,SÍ,NO,SÍ,NO,NO,SÍ,SÍ,SÍ,SÍ,SÍ,SÍ,SÍ,SÍ,SÍ,SÍ,SÍ,SÍ,SÍ,NO,SÍ,NO,SÍ,SÍ,Excelente servicio. La sucursal está operando en óptimas condiciones.,
2025-05-14 16:20:34,14/05/2025,Sucursal Roosevelt,Guatemala,Distrito Metro,NO,SÍ,NO,NO,SÍ,SÍ,NO,SÍ,NO,NO,SÍ,SÍ,SÍ,SÍ,NO,SÍ,NO,NO,SÍ,SÍ,SÍ,NO,SÍ,SÍ,SÍ,SÍ,NO,SÍ,SÍ,NO,SÍ,NO,NO,SÍ,SÍ,SÍ,SÍ,SÍ,SÍ,SÍ,,
2025-05-21 08:34:19,21/05/2025,Sucursal Portales,Guatemala,Distrito Metro,NO,SÍ,NO,SÍ,SÍ,SÍ,SÍ,SÍ,SÍ,NO,NO,SÍ,SÍ,SÍ,NO,SÍ,NO,SÍ,NO,SÍ,NO,NO,SÍ,SÍ,SÍ,SÍ,SÍ,SÍ,SÍ,SÍ,NO,SÍ,SÍ,SÍ,SÍ,NO,NO,SÍ,SÍ,SÍ,,
2025-05-19 14:38:41,19/05/2025,Sucursal Naranjo,Guatemala,Distrito Metro,SÍ,NO,NO,SÍ,NO,NO,NO,NO,SÍ,SÍ,SÍ,SÍ,SÍ,SÍ,NO,SÍ,SÍ,SÍ,NO,SÍ,SÍ,SÍ,SÍ,NO,SÍ,NO,SÍ,SÍ,SÍ,SÍ,SÍ,SÍ,NO,SÍ,NO,SÍ,NO,SÍ,SÍ,SÍ,,
2025-05-03 15:27:02,03/05/2025,Sucursal San Cristóbal,Guatemala,Distrito Metro,SÍ,NO,SÍ,NO,NO,NO,SÍ,SÍ,NO,NO,NO,NO,SÍ,SÍ,SÍ,SÍ,SÍ,SÍ,SÍ,NO,NO,NO,NO,NO,NO,NO,SÍ,NO,NO,NO,SÍ,SÍ,SÍ,NO,NO,SÍ,SÍ,NO,SÍ,SÍ,"Se notaron deficiencias considerables, especialmente en Cobro. El personal necesita capacitación.",Incidencia grave en Cobro: Condiciones inaceptables de servicio o infraestructura.
2025-05-14 17:17:19,14/05/2025,Sucursal Muxbal,Guatemala,Distrito Metro,SÍ,SÍ,SÍ,SÍ,NO,NO,SÍ,SÍ,SÍ,NO,SÍ,NO,NO,SÍ,SÍ,SÍ,SÍ,SÍ,NO,NO,SÍ,NO,SÍ,SÍ,SÍ,SÍ,SÍ,SÍ,SÍ,SÍ,NO,SÍ,SÍ,SÍ,SÍ,NO,SÍ,SÍ,SÍ,SÍ,,
2025-05-03 14:08:17,03/05/2025,Sucursal Carretera,Guatemala,Distrito Metro,NO,NO,SÍ,SÍ,SÍ,SÍ,SÍ,SÍ,SÍ,SÍ,NO,SÍ,NO,NO,SÍ,NO,NO,SÍ,SÍ,NO,SÍ,SÍ,SÍ,SÍ,NO,SÍ,SÍ,NO,NO,NO,SÍ,SÍ,SÍ,SÍ,SÍ,SÍ,SÍ,NO,SÍ,SÍ,,
2025-05-25 17:16:02,25/05/2025,Sucursal Zonal,Guatemala,Distrito Metro,NO,SÍ,SÍ,SÍ,NO,SÍ,NO,NO,SÍ,NO,NO,NO,SÍ,SÍ,SÍ,SÍ,SÍ,SÍ,NO,SÍ,SÍ,NO,NO,SÍ,SÍ,SÍ,SÍ,SÍ,SÍ,SÍ,NO,SÍ,SÍ,NO,SÍ,SÍ,SÍ,SÍ,SÍ,NO,"Visita dentro del promedio, con áreas de oportunidad.",
2025-05-18 17:34:34,18/05/2025,Sucursal Express,Guatemala,Distrito Metro,SÍ,NO,NO,SÍ,SÍ,SÍ,SÍ,SÍ,SÍ,NO,SÍ,NO,SÍ,SÍ,SÍ,SÍ,SÍ,SÍ,NO,NO,SÍ,NO,SÍ,NO,SÍ,NO,SÍ,NO,SÍ,SÍ,NO,SÍ,SÍ,SÍ,SÍ,NO,SÍ,NO,NO,SÍ,,
2025-05-27 15:02:39,27/05/2025,Sucursal San Miguel,Guatemala,Distrito Metro,SÍ,SÍ,SÍ,SÍ,SÍ,SÍ,SÍ,SÍ,NO,NO,NO,SÍ,SÍ,SÍ,NO,NO,SÍ,SÍ,NO,NO,NO,NO,SÍ,SÍ,SÍ,SÍ,SÍ,SÍ,SÍ,SÍ,NO,SÍ,SÍ,NO,SÍ,NO,NO,SÍ,SÍ,SÍ,,
2025-05-04 17:15:27,04/05/2025,Sucursal Villa Nueva,Guatemala,Distrito Metro,SÍ,SÍ,NO,SÍ,NO,SÍ,SÍ,SÍ,SÍ,NO,NO,SÍ,SÍ,SÍ,SÍ,NO,SÍ,SÍ,NO,SÍ,SÍ,NO,SÍ,SÍ,SÍ,SÍ,SÍ,NO,SÍ,SÍ,SÍ,SÍ,NO,SÍ,SÍ,SÍ,SÍ,SÍ,SÍ,SÍ,,
2025-05-13 08:41:53,13/05/2025,Sucursal Petapa,Guatemala,Distrito Metro,NO,SÍ,SÍ,SÍ,SÍ,SÍ,SÍ,SÍ,NO,NO,SÍ,SÍ,NO,SÍ,SÍ,SÍ,SÍ,SÍ,NO,SÍ,SÍ,NO,SÍ,SÍ,SÍ,SÍ,SÍ,NO,NO,NO,SÍ,NO,SÍ,NO,SÍ,SÍ,SÍ,SÍ,NO,NO,,
2025-05-10 11:23:55,10/05/2025,Sucursal Mixco,Guatemala,Distrito Metro,NO,NO,SÍ,NO,NO,SÍ,SÍ,SÍ,NO,NO,NO,SÍ,SÍ,SÍ,SÍ,NO,NO,SÍ,SÍ,SÍ,SÍ,NO,SÍ,SÍ,NO,SÍ,NO,SÍ,SÍ,SÍ,SÍ,NO,NO,SÍ,NO,NO,NO,SÍ,NO,SÍ,"Se notaron deficiencias considerables, especialmente en Cobro. El personal necesita capacitación.",
2025-05-10 10:53:44,10/05/2025,Sucursal San José,Guatemala,Distrito Metro,NO,SÍ,SÍ,NO,SÍ,SÍ,NO,SÍ,SÍ,NO,SÍ,NO,SÍ,SÍ,SÍ,SÍ,SÍ,NO,SÍ,NO,NO,NO,NO,SÍ,SÍ,SÍ,NO,NO,SÍ,NO,SÍ,NO,NO,NO,SÍ,NO,NO,NO,SÍ,NO,"Se notaron deficiencias considerables, especialmente en Cobro. El personal necesita capacitación.",
2025-05-07 08:22:16,07/05/2025,Sucursal Santa Catarina,Guatemala,Distrito Metro,NO,SÍ,NO,SÍ,NO,SÍ,SÍ,SÍ,SÍ,NO,SÍ,SÍ,SÍ,SÍ,SÍ,SÍ,SÍ,SÍ,NO,NO,NO,NO,SÍ,SÍ,SÍ,SÍ,SÍ,SÍ,SÍ,SÍ,SÍ,SÍ,NO,NO,NO,NO,SÍ,SÍ,SÍ,SÍ,"Visita dentro del promedio, con áreas de oportunidad.",
2025-05-23 08:07:41,23/05/2025,Sucursal Pinula,Guatemala,Distrito Metro,SÍ,SÍ,SÍ,SÍ,SÍ,NO,SÍ,SÍ,SÍ,NO,NO,SÍ,SÍ,SÍ,SÍ,SÍ,SÍ,NO,NO,SÍ,SÍ,NO,SÍ,SÍ,SÍ,SÍ,SÍ,SÍ,NO,SÍ,SÍ,SÍ,SÍ,SÍ,SÍ,SÍ,SÍ,SÍ,SÍ,SÍ,Excelente servicio. La sucursal está operando en óptimas condiciones.,
2025-05-12 11:53:54,12/05/2025,Sucursal Boca del Monte,Guatemala,Distrito Metro,SÍ,NO,NO,SÍ,SÍ,SÍ,NO,SÍ,SÍ,NO,NO,NO,NO,NO,SÍ,SÍ,SÍ,SÍ,SÍ,NO,NO,SÍ,NO,SÍ,NO,SÍ,SÍ,SÍ,SÍ,SÍ,SÍ,SÍ,NO,NO,SÍ,SÍ,SÍ,SÍ,SÍ,NO,,
2025-05-13 11:30:08,13/05/2025,Sucursal Atlántico,Guatemala,Distrito Metro,NO,SÍ,NO,SÍ,SÍ,SÍ,NO,SÍ,SÍ,NO,SÍ,SÍ,SÍ,SÍ,SÍ,NO,SÍ,SÍ,NO,SÍ,SÍ,SÍ,NO,NO,NO,NO,NO,NO,SÍ,SÍ,NO,NO,SÍ,NO,NO,SÍ,SÍ,NO,SÍ,NO,"Se notaron deficiencias considerables, especialmente en Cobro. El personal necesita capacitación.",
2025-05-08 13:34:01,08/05/2025,Sucursal Pacífico,Guatemala,Distrito Metro,SÍ,SÍ,NO,SÍ,NO,SÍ,NO,SÍ,SÍ,NO,NO,NO,SÍ,SÍ,NO,NO,SÍ,NO,NO,NO,NO,NO,NO,NO,NO,NO,SÍ,NO,SÍ,SÍ,SÍ,NO,NO,SÍ,NO,NO,NO,SÍ,NO,NO,"Se notaron deficiencias considerables, especialmente en Cobro. El personal necesita capacitación.",Incidencia grave en Cobro: Condiciones inaceptables de servicio o infraestructura.
2025-05-15 18:15:20,15/05/2025,Sucursal Aguilar Batres,Guatemala,Distrito Metro,SÍ,SÍ,SÍ,NO,NO,SÍ,SÍ,SÍ,NO,NO,SÍ,NO,SÍ,NO,SÍ,SÍ,SÍ,SÍ,NO,NO,SÍ,NO,SÍ,SÍ,SÍ,SÍ,SÍ,SÍ,SÍ,SÍ,SÍ,SÍ,NO,SÍ,NO,SÍ,SÍ,SÍ,SÍ,SÍ,,
2025-05-07 13:01:32,07/05/2025,Sucursal Avenida,Guatemala,Distrito Metro,NO,NO,SÍ,SÍ,SÍ,SÍ,NO,NO,NO,NO,SÍ,NO,SÍ,SÍ,NO,SÍ,NO,SÍ,NO,SÍ,NO,NO,NO,NO,SÍ,SÍ,NO,NO,SÍ,SÍ,NO,NO,SÍ,NO,NO,SÍ,NO,SÍ,SÍ,SÍ,"Se notaron deficiencias considerables, especialmente en Cobro. El personal necesita capacitación.",
2025-05-13 13:42:03,13/05/2025,Sucursal Boulevard,Guatemala,Distrito Metro,SÍ,SÍ,SÍ,SÍ,SÍ,NO,SÍ,SÍ,SÍ,NO,NO,NO,SÍ,SÍ,SÍ,SÍ,SÍ,NO,NO,SÍ,SÍ,NO,SÍ,SÍ,SÍ,SÍ,SÍ,SÍ,SÍ,NO,SÍ,SÍ,SÍ,SÍ,SÍ,NO,SÍ,SÍ,SÍ,SÍ,,
2025-05-06 15:16:26,06/05/2025,Sucursal Quetzaltenango Norte,Quetzaltenango,Distrito Occidente,NO,SÍ,NO,SÍ,SÍ,NO,SÍ,NO,SÍ,SÍ,NO,SÍ,SÍ,NO,SÍ,SÍ,SÍ,SÍ,NO,SÍ,SÍ,SÍ,SÍ,SÍ,SÍ,SÍ,SÍ,NO,SÍ,SÍ,SÍ,NO,SÍ,SÍ,SÍ,SÍ,SÍ,SÍ,SÍ,SÍ,,
2025-05-01 18:36:06,01/05/2025,Sucursal Terminal Quet,Quetzaltenango,Distrito Occidente,SÍ,SÍ,NO,SÍ,SÍ,SÍ,SÍ,SÍ,SÍ,NO,NO,NO,SÍ,SÍ,SÍ,SÍ,SÍ,SÍ,NO,SÍ,SÍ,SÍ,SÍ,SÍ,SÍ,NO,SÍ,SÍ,SÍ,SÍ,NO,NO,NO,SÍ,NO,SÍ,SÍ,SÍ,NO,SÍ,"Visita dentro del promedio, con áreas de oportunidad.",
2025-05-24 10:28:20,24/05/2025,Sucursal Quetzaltenango Centro,Quetzaltenango,Distrito Occidente,SÍ,SÍ,SÍ,NO,SÍ,SÍ,SÍ,SÍ,SÍ,NO,NO,SÍ,SÍ,SÍ,SÍ,SÍ,SÍ,SÍ,NO,SÍ,SÍ,NO,SÍ,SÍ,SÍ,SÍ,SÍ,SÍ,SÍ,SÍ,SÍ,SÍ,SÍ,SÍ,SÍ,SÍ,SÍ,SÍ,SÍ,SÍ,Excelente servicio. La sucursal está operando en óptimas condiciones.,
2025-05-09 16:17:10,09/05/2025,Sucursal Llanos Quet,Quetzaltenango,Distrito Occidente,SÍ,SÍ,NO,SÍ,NO,SÍ,SÍ,SÍ,SÍ,NO,SÍ,SÍ,NO,SÍ,NO,SÍ,SÍ,SÍ,SÍ,SÍ,SÍ,NO,SÍ,SÍ,SÍ,SÍ,NO,SÍ,SÍ,NO,NO,NO,SÍ,SÍ,NO,SÍ,SÍ,SÍ,SÍ,NO,,
2025-05-20 18:41:21,20/05/2025,Sucursal Quetzaltenango Norte,Quetzaltenango,Distrito Occidente,SÍ,SÍ,SÍ,SÍ,NO,SÍ,SÍ,NO,NO,NO,SÍ,SÍ,SÍ,SÍ,NO,SÍ,SÍ,NO,SÍ,NO,NO,NO,SÍ,NO,SÍ,SÍ,SÍ,SÍ,NO,SÍ,SÍ,SÍ,SÍ,SÍ,SÍ,SÍ,SÍ,NO,SÍ,SÍ,,
2025-05-12 10:54:51,12/05/2025,Sucursal Sur Quet,Quetzaltenango,Distrito Occidente,SÍ,SÍ,NO,NO,NO,SÍ,SÍ,SÍ,SÍ,NO,SÍ,SÍ,NO,NO,SÍ,NO,SÍ,SÍ,NO,NO,NO,NO,NO,SÍ,NO,SÍ,SÍ,SÍ,SÍ,NO,NO,NO,SÍ,SÍ,NO,SÍ,SÍ,SÍ,SÍ,SÍ,,
2025-05-17 14:06:22,17/05/2025,Sucursal Escuintla Centro,Escuintla,Distrito Sur,SÍ,SÍ,SÍ,SÍ,SÍ,SÍ,SÍ,SÍ,SÍ,NO,NO,SÍ,SÍ,SÍ,SÍ,SÍ,NO,SÍ,NO,NO,SÍ,NO,SÍ,SÍ,SÍ,SÍ,SÍ,SÍ,SÍ,SÍ,SÍ,SÍ,SÍ,SÍ,SÍ,SÍ,SÍ,SÍ,SÍ,SÍ,Excelente servicio. La sucursal está operando en óptimas condiciones.,
2025-05-22 10:28:34,22/05/2025,Sucursal Mercado Escu,Escuintla,Distrito Sur,SÍ,SÍ,SÍ,SÍ,SÍ,NO,SÍ,NO,SÍ,NO,NO,SÍ,SÍ,NO,NO,SÍ,SÍ,NO,NO,SÍ,SÍ,SÍ,NO,SÍ,SÍ,SÍ,SÍ,SÍ,SÍ,SÍ,SÍ,SÍ,SÍ,SÍ,SÍ,SÍ,SÍ,SÍ,SÍ,SÍ,,
2025-05-12 14:26:01,12/05/2025,Sucursal Escuintla Norte,Escuintla,Distrito Sur,SÍ,SÍ,SÍ,SÍ,SÍ,SÍ,SÍ,SÍ,NO,NO,NO,SÍ,SÍ,SÍ,NO,SÍ,SÍ,SÍ,NO,SÍ,SÍ,NO,SÍ,SÍ,SÍ,SÍ,SÍ,SÍ,SÍ,SÍ,NO,SÍ,SÍ,SÍ,SÍ,NO,SÍ,SÍ,SÍ,SÍ,,
2025-05-21 16:18:02,21/05/2025,Sucursal Occidente Escu,Escuintla,Distrito Sur,SÍ,NO,SÍ,SÍ,SÍ,NO,NO,SÍ,NO,SÍ,SÍ,SÍ,NO,NO,NO,NO,SÍ,SÍ,NO,NO,SÍ,NO,SÍ,NO,NO,NO,NO,SÍ,NO,SÍ,NO,SÍ,NO,SÍ,SÍ,SÍ,SÍ,SÍ,NO,NO,"Se notaron deficiencias considerables, especialmente en Cobro. El personal necesita capacitación.",Incidencia grave en Cobro: Condiciones inaceptables de servicio o infraestructura.
2025-05-04 09:11:26,04/05/2025,Sucursal Escuintla Norte,Escuintla,Distrito Sur,SÍ,NO,SÍ,SÍ,SÍ,SÍ,SÍ,SÍ,SÍ,SÍ,NO,SÍ,SÍ,NO,NO,SÍ,SÍ,SÍ,SÍ,NO,NO,SÍ,SÍ,SÍ,SÍ,SÍ,NO,SÍ,NO,NO,SÍ,SÍ,NO,SÍ,SÍ,SÍ,SÍ,NO,SÍ,NO,,
2025-05-22 08:00:44,22/05/2025,Sucursal Norte Escu,Escuintla,Distrito Sur,SÍ,NO,SÍ,NO,NO,SÍ,SÍ,NO,NO,SÍ,SÍ,SÍ,SÍ,SÍ,NO,NO,SÍ,SÍ,NO,NO,SÍ,NO,SÍ,SÍ,SÍ,SÍ,SÍ,SÍ,NO,NO,SÍ,NO,SÍ,NO,NO,NO,NO,NO,SÍ,SÍ,"Se notaron deficiencias considerables, especialmente en Cobro. El personal necesita capacitación.",
2025-05-23 08:00:13,23/05/2025,Sucursal Sacatepéquez Norte,Sacatepéquez,Distrito Central,SÍ,SÍ,SÍ,SÍ,SÍ,SÍ,SÍ,NO,SÍ,NO,NO,SÍ,SÍ,SÍ,SÍ,SÍ,SÍ,NO,NO,SÍ,SÍ,NO,SÍ,NO,SÍ,SÍ,SÍ,SÍ,SÍ,SÍ,SÍ,SÍ,SÍ,SÍ,SÍ,NO,SÍ,SÍ,SÍ,SÍ,Excelente servicio. La sucursal está operando en óptimas condiciones.,
2025-05-18 10:51:50,18/05/2025,Sucursal Central Saca,Sacatepéquez,Distrito Central,SÍ,SÍ,SÍ,SÍ,NO,NO,SÍ,SÍ,NO,SÍ,SÍ,SÍ,SÍ,SÍ,NO,SÍ,SÍ,SÍ,NO,SÍ,NO,NO,SÍ,SÍ,SÍ,SÍ,SÍ,SÍ,SÍ,SÍ,SÍ,SÍ,NO,NO,NO,SÍ,SÍ,SÍ,SÍ,SÍ,,
2025-05-23 13:28:43,23/05/2025,Sucursal Sacatepéquez Centro,Sacatepéquez,Distrito Central,SÍ,SÍ,SÍ,SÍ,SÍ,SÍ,SÍ,SÍ,SÍ,NO,NO,SÍ,SÍ,SÍ,SÍ,SÍ,SÍ,NO,NO,SÍ,SÍ,NO,SÍ,SÍ,NO,NO,SÍ,NO,NO,NO,SÍ,SÍ,SÍ,SÍ,NO,SÍ,NO,SÍ,SÍ,SÍ,,
2025-05-21 12:21:29,21/05/2025,Sucursal Terminal Saca,Sacatepéquez,Distrito Central,SÍ,SÍ,NO,NO,SÍ,NO,SÍ,SÍ,SÍ,SÍ,NO,NO,NO,SÍ,SÍ,SÍ,SÍ,SÍ,NO,SÍ,SÍ,NO,SÍ,SÍ,SÍ,NO,SÍ,SÍ,NO,SÍ,SÍ,SÍ,NO,NO,SÍ,SÍ,NO,NO,SÍ,SÍ,,
2025-05-10 12:12:51,10/05/2025,Sucursal Sacatepéquez Norte,Sacatepéquez,Distrito Central,SÍ,SÍ,NO,SÍ,SÍ,SÍ,SÍ,NO,SÍ,NO,SÍ,SÍ,SÍ,SÍ,NO,SÍ,SÍ,SÍ,NO,SÍ,SÍ,NO,SÍ,SÍ,SÍ,SÍ,SÍ,SÍ,SÍ,NO,SÍ,SÍ,SÍ,SÍ,SÍ,NO,SÍ,NO,SÍ,SÍ,,
2025-05-13 13:47:49,13/05/2025,Sucursal Avenida Chim,Chimaltenango,Distrito Central,NO,SÍ,SÍ,SÍ,NO,SÍ,NO,SÍ,SÍ,SÍ,NO,NO,SÍ,SÍ,NO,SÍ,SÍ,SÍ,NO,SÍ,SÍ,NO,SÍ,SÍ,SÍ,NO,SÍ,NO,SÍ,NO,NO,SÍ,NO,NO,SÍ,SÍ,SÍ,SÍ,SÍ,NO,,
2025-05-20 12:07:21,20/05/2025,Sucursal Chimaltenango Centro,Chimaltenango,Distrito Central,SÍ,SÍ,SÍ,SÍ,SÍ,SÍ,SÍ,NO,SÍ,NO,NO,SÍ,NO,SÍ,SÍ,SÍ,SÍ,NO,NO,SÍ,SÍ,NO,SÍ,SÍ,SÍ,SÍ,SÍ,SÍ,SÍ,SÍ,SÍ,NO,SÍ,SÍ,SÍ,SÍ,NO,SÍ,SÍ,SÍ,"Visita dentro del promedio, con áreas de oportunidad.",
2025-05-12 09:48:57,12/05/2025,Sucursal Plaza Chim,Chimaltenango,Distrito Central,SÍ,NO,SÍ,NO,SÍ,SÍ,SÍ,SÍ,SÍ,NO,NO,SÍ,SÍ,NO,SÍ,SÍ,SÍ,SÍ,NO,SÍ,SÍ,NO,SÍ,NO,SÍ,SÍ,SÍ,SÍ,SÍ,SÍ,SÍ,SÍ,SÍ,SÍ,SÍ,SÍ,SÍ,SÍ,NO,SÍ,,
2025-05-16 15:05:36,16/05/2025,Sucursal Chimaltenango Plaza,Chimaltenango,Distrito Central,SÍ,SÍ,SÍ,SÍ,NO,SÍ,SÍ,NO,SÍ,NO,SÍ,NO,NO,SÍ,NO,NO,SÍ,SÍ,NO,NO,NO,NO,NO,SÍ,SÍ,SÍ,NO,SÍ,NO,NO,NO,SÍ,SÍ,SÍ,NO,NO,NO,NO,SÍ,NO,"Se notaron deficiencias considerables, especialmente en Cobro. El personal necesita capacitación.",Incidencia grave en Cobro: Condiciones inaceptables de servicio o infraestructura.
2025-05-24 13:09:45,24/05/2025,Sucursal Avenida Alta,Alta Verapaz,Distrito Norte,SÍ,SÍ,SÍ,NO,SÍ,SÍ,SÍ,SÍ,SÍ,SÍ,NO,NO,NO,NO,SÍ,NO,SÍ,SÍ,NO,NO,NO,NO,SÍ,SÍ,SÍ,NO,NO,SÍ,SÍ,SÍ,SÍ,NO,NO,NO,NO,SÍ,SÍ,SÍ,NO,NO,,
2025-05-27 08:31:56,27/05/2025,Sucursal Alta Verapaz Plaza,Alta Verapaz,Distrito Norte,NO,NO,SÍ,SÍ,SÍ,SÍ,SÍ,NO,SÍ,NO,SÍ,SÍ,NO,NO,NO,NO,NO,SÍ,SÍ,SÍ,SÍ,SÍ,NO,NO,NO,NO,NO,SÍ,SÍ,NO,SÍ,NO,SÍ,NO,SÍ,SÍ,SÍ,SÍ,NO,NO,"Se notaron deficiencias considerables, especialmente en Cobro. El personal necesita capacitación.",
2025-05-14 18:45:12,14/05/2025,Sucursal Express Alta,Alta Verapaz,Distrito Norte,SÍ,SÍ,NO,NO,NO,NO,SÍ,SÍ,SÍ,NO,SÍ,NO,NO,NO,SÍ,NO,SÍ,NO,NO,SÍ,SÍ,NO,NO,SÍ,SÍ,SÍ,NO,SÍ,SÍ,SÍ,SÍ,SÍ,NO,NO,SÍ,SÍ,NO,SÍ,SÍ,SÍ,,
2025-05-09 12:12:27,09/05/2025,Sucursal Alta Verapaz Centro,Alta Verapaz,Distrito Norte,SÍ,SÍ,SÍ,SÍ,NO,SÍ,SÍ,NO,NO,NO,NO,SÍ,SÍ,SÍ,NO,NO,SÍ,SÍ,NO,SÍ,SÍ,NO,SÍ,SÍ,SÍ,NO,SÍ,SÍ,SÍ,SÍ,SÍ,SÍ,NO,NO,NO,NO,SÍ,SÍ,SÍ,SÍ,,
2025-05-16 13:35:52,16/05/2025,Sucursal Centro Peté,Petén,Distrito Norte,SÍ,SÍ,NO,NO,NO,SÍ,SÍ,NO,NO,NO,NO,NO,SÍ,NO,SÍ,SÍ,NO,SÍ,NO,NO,SÍ,NO,NO,SÍ,SÍ,SÍ,NO,SÍ,SÍ,SÍ,NO,NO,SÍ,SÍ,NO,SÍ,NO,SÍ,NO,SÍ,,
2025-05-15 08:33:38,15/05/2025,Sucursal Petén Plaza,Petén,Distrito Norte,SÍ,SÍ,SÍ,NO,SÍ,SÍ,SÍ,SÍ,SÍ,SÍ,SÍ,SÍ,SÍ,SÍ,SÍ,SÍ,SÍ,SÍ,NO,SÍ,SÍ,NO,SÍ,NO,NO,SÍ,SÍ,SÍ,SÍ,SÍ,SÍ,SÍ,SÍ,NO,SÍ,SÍ,SÍ,SÍ,SÍ,SÍ,,
2025-05-01 18:28:03,01/05/2025,Sucursal Avenida Peté,Petén,Distrito Norte,SÍ,SÍ,SÍ,SÍ,SÍ,SÍ,SÍ,SÍ,SÍ,NO,NO,SÍ,SÍ,SÍ,SÍ,SÍ,SÍ,SÍ,NO,SÍ,SÍ,NO,SÍ,NO,SÍ,SÍ,SÍ,SÍ,SÍ,SÍ,SÍ,SÍ,NO,SÍ,SÍ,SÍ,NO,SÍ,NO,SÍ,"Visita dentro del promedio, con áreas de oportunidad.",
2025-05-15 10:57:06,15/05/2025,Sucursal Izabal Centro,Izabal,Distrito Oriente,SÍ,SÍ,SÍ,SÍ,NO,SÍ,NO,SÍ,SÍ,SÍ,NO,NO,SÍ,SÍ,SÍ,SÍ,SÍ,SÍ,NO,SÍ,SÍ,NO,SÍ,SÍ,SÍ,SÍ,SÍ,NO,SÍ,SÍ,NO,SÍ,SÍ,NO,SÍ,NO,NO,SÍ,NO,NO,,
2025-05-27 15:54:29,27/05/2025,Sucursal Express Izab,Izabal,Distrito Oriente,SÍ,SÍ,SÍ,SÍ,SÍ,SÍ,SÍ,SÍ,SÍ,NO,NO,SÍ,SÍ,SÍ,NO,SÍ,SÍ,SÍ,NO,SÍ,SÍ,NO,SÍ,SÍ,SÍ,SÍ,SÍ,SÍ,SÍ,SÍ,SÍ,SÍ,SÍ,SÍ,SÍ,SÍ,SÍ,SÍ,SÍ,SÍ,Excelente servicio. La sucursal está operando en óptimas condiciones.,
2025-05-21 15:07:33,21/05/2025,Sucursal Izabal Centro,Izabal,Distrito Oriente,NO,SÍ,NO,SÍ,NO,SÍ,SÍ,SÍ,NO,NO,NO,SÍ,SÍ,SÍ,SÍ,SÍ,NO,SÍ,NO,SÍ,SÍ,NO,SÍ,NO,NO,SÍ,NO,SÍ,SÍ,SÍ,SÍ,SÍ,SÍ,SÍ,SÍ,SÍ,SÍ,SÍ,SÍ,SÍ,"Visita dentro del promedio, con áreas de oportunidad.",
2025-05-07 08:57:11,07/05/2025,Sucursal Centro San ,San Marcos,Distrito Occidente,SÍ,SÍ,SÍ,SÍ,SÍ,SÍ,SÍ,SÍ,SÍ,NO,NO,SÍ,SÍ,SÍ,SÍ,SÍ,SÍ,SÍ,SÍ,SÍ,SÍ,NO,SÍ,SÍ,SÍ,SÍ,SÍ,SÍ,SÍ,SÍ,SÍ,SÍ,SÍ,SÍ,SÍ,SÍ,SÍ,SÍ,SÍ,SÍ,Excelente servicio. La sucursal está operando en óptimas condiciones.,
2025-05-05 10:07:58,05/05/2025,Sucursal San Marcos Norte,San Marcos,Distrito Occidente,SÍ,SÍ,SÍ,NO,SÍ,SÍ,SÍ,SÍ,SÍ,NO,NO,NO,SÍ,SÍ,SÍ,SÍ,SÍ,SÍ,NO,SÍ,SÍ,NO,SÍ,SÍ,SÍ,NO,NO,SÍ,SÍ,SÍ,SÍ,NO,SÍ,SÍ,NO,SÍ,SÍ,SÍ,SÍ,SÍ,,
2025-05-09 10:33:17,09/05/2025,Sucursal Central San ,San Marcos,Distrito Occidente,SÍ,NO,SÍ,NO,SÍ,SÍ,NO,SÍ,SÍ,NO,SÍ,NO,NO,SÍ,SÍ,SÍ,SÍ,SÍ,NO,SÍ,NO,SÍ,SÍ,SÍ,SÍ,SÍ,SÍ,NO,SÍ,SÍ,SÍ,SÍ,SÍ,SÍ,SÍ,SÍ,SÍ,SÍ,SÍ,SÍ,,
2025-05-23 11:03:56,23/05/2025,Sucursal Huehuetenango Norte,Huehuetenango,Distrito Occidente,SÍ,SÍ,NO,SÍ,NO,SÍ,SÍ,SÍ,NO,NO,NO,SÍ,SÍ,SÍ,NO,SÍ,SÍ,SÍ,NO,SÍ,SÍ,NO,SÍ,SÍ,NO,NO,NO,NO,SÍ,NO,SÍ,SÍ,SÍ,NO,SÍ,SÍ,SÍ,SÍ,SÍ,SÍ,,
2025-05-12 11:11:16,12/05/2025,Sucursal Occidente Hueh,Huehuetenango,Distrito Occidente,NO,SÍ,NO,SÍ,SÍ,NO,SÍ,NO,SÍ,SÍ,NO,SÍ,SÍ,SÍ,NO,SÍ,SÍ,SÍ,NO,SÍ,SÍ,NO,SÍ,SÍ,SÍ,NO,SÍ,SÍ,SÍ,SÍ,SÍ,SÍ,SÍ,SÍ,NO,SÍ,NO,SÍ,SÍ,SÍ,,
2025-05-02 10:31:53,02/05/2025,Sucursal Huehuetenango Norte,Huehuetenango,Distrito Occidente,SÍ,SÍ,SÍ,SÍ,NO,SÍ,NO,SÍ,SÍ,SÍ,SÍ,SÍ,NO,SÍ,SÍ,SÍ,NO,SÍ,SÍ,SÍ,SÍ,SÍ,NO,SÍ,NO,NO,SÍ,NO,NO,SÍ,SÍ,NO,NO,SÍ,NO,NO,NO,NO,SÍ,SÍ,"Se notaron deficiencias considerables, especialmente en Cobro. El personal necesita capacitación.",
2025-05-11 18:01:31,11/05/2025,Sucursal Brisas Juti,Jutiapa,Distrito Oriente,SÍ,SÍ,SÍ,SÍ,SÍ,SÍ,SÍ,SÍ,SÍ,SÍ,NO,SÍ,SÍ,SÍ,SÍ,NO,SÍ,SÍ,SÍ,SÍ,SÍ,NO,SÍ,SÍ,NO,NO,SÍ,SÍ,SÍ,SÍ,SÍ,SÍ,NO,SÍ,SÍ,SÍ,NO,SÍ,SÍ,SÍ,,
2025-05-20 15:34:38,20/05/2025,Sucursal Jutiapa Plaza,Jutiapa,Distrito Oriente,SÍ,SÍ,SÍ,NO,NO,SÍ,SÍ,SÍ,SÍ,NO,NO,SÍ,SÍ,SÍ,SÍ,SÍ,SÍ,SÍ,NO,SÍ,SÍ,NO,SÍ,SÍ,SÍ,SÍ,SÍ,NO,SÍ,SÍ,NO,SÍ,SÍ,SÍ,SÍ,SÍ,SÍ,SÍ,SÍ,SÍ,Excelente servicio. La sucursal está operando en óptimas condiciones.,
2025-05-08 13:29:50,08/05/2025,Sucursal Llanos Zaca,Zacapa,Distrito Oriente,NO,SÍ,NO,NO,SÍ,SÍ,SÍ,NO,NO,NO,SÍ,SÍ,NO,NO,SÍ,SÍ,NO,NO,NO,NO,SÍ,SÍ,SÍ,NO,SÍ,NO,NO,NO,SÍ,SÍ,SÍ,SÍ,NO,NO,SÍ,NO,NO,NO,NO,NO,"Se notaron deficiencias considerables, especialmente en Cobro. El personal necesita capacitación.",
2025-05-25 08:14:18,25/05/2025,Sucursal Zacapa Plaza,Zacapa,Distrito Oriente,NO,NO,NO,SÍ,SÍ,SÍ,SÍ,NO,SÍ,NO,SÍ,NO,SÍ,SÍ,NO,NO,NO,SÍ,NO,NO,SÍ,NO,SÍ,NO,NO,SÍ,SÍ,NO,NO,NO,NO,SÍ,SÍ,SÍ,NO,SÍ,SÍ,SÍ,NO,SÍ,"Se notaron deficiencias considerables, especialmente en Cobro. El personal necesita capacitación.",Incidencia grave en Cobro: Condiciones inaceptables de servicio o infraestructura.
2025-05-22 11:35:24,22/05/2025,Sucursal Parque Reta,Retalhuleu,Distrito Sur,SÍ,SÍ,SÍ,NO,SÍ,SÍ,NO,NO,SÍ,SÍ,NO,SÍ,SÍ,SÍ,SÍ,SÍ,SÍ,NO,SÍ,SÍ,SÍ,NO,SÍ,NO,SÍ,SÍ,NO,SÍ,SÍ,SÍ,NO,NO,SÍ,SÍ,NO,SÍ,NO,SÍ,NO,SÍ,"Visita dentro del promedio, con áreas de oportunidad.",
2025-05-24 18:30:52,24/05/2025,Sucursal Retalhuleu Norte,Retalhuleu,Distrito Sur,NO,SÍ,SÍ,SÍ,NO,SÍ,NO,SÍ,NO,NO,SÍ,SÍ,SÍ,SÍ,NO,NO,SÍ,SÍ,NO,NO,NO,NO,SÍ,SÍ,SÍ,SÍ,SÍ,SÍ,SÍ,SÍ,NO,NO,NO,NO,SÍ,NO,SÍ,SÍ,SÍ,SÍ,,
2025-05-04 13:05:44,04/05/2025,Sucursal Terminal Such,Suchitepéquez,Distrito Sur,SÍ,SÍ,NO,NO,SÍ,NO,NO,SÍ,SÍ,NO,NO,NO,SÍ,SÍ,SÍ,SÍ,NO,NO,NO,SÍ,NO,NO,SÍ,SÍ,SÍ,SÍ,NO,NO,SÍ,NO,NO,SÍ,SÍ,SÍ,NO,NO,SÍ,SÍ,NO,NO,,
2025-05-15 15:39:39,15/05/2025,Sucursal Suchitepéquez Centro,Suchitepéquez,Distrito Sur,SÍ,SÍ,SÍ,SÍ,SÍ,SÍ,SÍ,SÍ,SÍ,NO,NO,SÍ,SÍ,SÍ,SÍ,SÍ,SÍ,NO,NO,SÍ,SÍ,NO,NO,SÍ,NO,SÍ,SÍ,SÍ,SÍ,SÍ,SÍ,SÍ,SÍ,SÍ,SÍ,SÍ,SÍ,SÍ,SÍ,SÍ,Excelente servicio. La sucursal está operando en óptimas condiciones.,
2025-05-14 11:10:17,14/05/2025,Sucursal Parque Sant,Santa Rosa,Distrito Sur,NO,NO,NO,SÍ,SÍ,SÍ,SÍ,SÍ,SÍ,NO,NO,SÍ,SÍ,SÍ,SÍ,NO,SÍ,SÍ,NO,SÍ,SÍ,NO,SÍ,NO,NO,SÍ,NO,NO,NO,NO,SÍ,SÍ,SÍ,NO,SÍ,SÍ,SÍ,SÍ,NO,SÍ,"Visita dentro del promedio, con áreas de oportunidad.",
2025-05-12 11:09:08,12/05/2025,Sucursal Santa Rosa Centro,Santa Rosa,Distrito Sur,SÍ,SÍ,SÍ,SÍ,NO,NO,SÍ,SÍ,SÍ,NO,SÍ,NO,NO,NO,SÍ,SÍ,NO,NO,NO,NO,SÍ,SÍ,NO,SÍ,NO,NO,NO,SÍ,SÍ,NO,SÍ,SÍ,SÍ,NO,SÍ,SÍ,SÍ,NO,NO,SÍ,"Se notaron deficiencias considerables, especialmente en Cobro. El personal necesita capacitación.",
2025-05-23 17:57:42,23/05/2025,Sucursal Parque El P,El Progreso,Distrito Oriente,SÍ,SÍ,NO,NO,SÍ,NO,NO,SÍ,SÍ,NO,SÍ,SÍ,NO,NO,SÍ,NO,SÍ,SÍ,NO,SÍ,SÍ,NO,SÍ,SÍ,SÍ,SÍ,SÍ,NO,SÍ,SÍ,SÍ,SÍ,NO,SÍ,NO,SÍ,SÍ,NO,SÍ,NO,"Visita dentro del promedio, con áreas de oportunidad.",
2025-05-09 14:06:33,09/05/2025,Sucursal El Progreso Norte,El Progreso,Distrito Oriente,SÍ,SÍ,SÍ,SÍ,SÍ,NO,SÍ,SÍ,SÍ,NO,NO,NO,SÍ,SÍ,SÍ,SÍ,SÍ,SÍ,NO,NO,SÍ,NO,SÍ,SÍ,SÍ,SÍ,SÍ,SÍ,SÍ,SÍ,SÍ,SÍ,NO,SÍ,SÍ,NO,SÍ,SÍ,SÍ,SÍ,,
2025-05-13 16:11:08,13/05/2025,Sucursal Mercado Chiq,Chiquimula,Distrito Oriente,SÍ,NO,SÍ,SÍ,SÍ,SÍ,SÍ,SÍ,NO,NO,NO,SÍ,SÍ,SÍ,SÍ,NO,SÍ,SÍ,NO,SÍ,SÍ,NO,SÍ,SÍ,SÍ,SÍ,NO,NO,NO,SÍ,SÍ,SÍ,SÍ,SÍ,SÍ,SÍ,NO,SÍ,SÍ,SÍ,,
2025-05-25 15:33:40,25/05/2025,Sucursal Chiquimula Centro,Chiquimula,Distrito Oriente,SÍ,SÍ,SÍ,SÍ,SÍ,SÍ,NO,SÍ,SÍ,SÍ,SÍ,NO,NO,SÍ,SÍ,NO,NO,SÍ,NO,SÍ,NO,SÍ,NO,NO,SÍ,SÍ,NO,SÍ,SÍ,SÍ,SÍ,SÍ,NO,SÍ,SÍ,NO,SÍ,NO,SÍ,NO,"Se notaron deficiencias considerables, especialmente en Cobro. El personal necesita capacitación.",Incidencia grave en Cobro: Condiciones inaceptables de servicio o infraestructura.
2025-05-22 13:33:28,22/05/2025,Sucursal Norte Jala,Jalapa,Distrito Oriente,NO,SÍ,NO,SÍ,SÍ,SÍ,SÍ,SÍ,SÍ,NO,NO,SÍ,NO,SÍ,NO,SÍ,SÍ,NO,NO,SÍ,SÍ,SÍ,SÍ,SÍ,NO,SÍ,SÍ,SÍ,NO,NO,SÍ,SÍ,SÍ,SÍ,NO,SÍ,SÍ,NO,NO,SÍ,"Visita dentro del promedio, con áreas de oportunidad.",
2025-05-16 17:13:11,16/05/2025,Sucursal Jalapa Plaza,Jalapa,Distrito Oriente,SÍ,NO,NO,SÍ,SÍ,SÍ,NO,NO,SÍ,NO,NO,SÍ,SÍ,SÍ,SÍ,SÍ,NO,SÍ,NO,SÍ,SÍ,NO,NO,NO,NO,SÍ,NO,NO,NO,NO,SÍ,SÍ,SÍ,SÍ,SÍ,SÍ,SÍ,SÍ,SÍ,NO,"Visita dentro del promedio, con áreas de oportunidad.",
2025-05-27 17:19:21,27/05/2025,Sucursal Terminal Solo,Sololá,Distrito Occidente,NO,SÍ,SÍ,NO,NO,SÍ,NO,SÍ,SÍ,NO,NO,SÍ,SÍ,SÍ,SÍ,NO,SÍ,NO,SÍ,NO,SÍ,NO,SÍ,SÍ,SÍ,SÍ,NO,NO,SÍ,SÍ,SÍ,NO,SÍ,SÍ,SÍ,SÍ,NO,SÍ,SÍ,NO,,
2025-05-27 08:14:36,27/05/2025,Sucursal Sololá Centro,Sololá,Distrito Occidente,SÍ,SÍ,SÍ,SÍ,SÍ,SÍ,SÍ,SÍ,SÍ,NO,NO,SÍ,SÍ,SÍ,SÍ,SÍ,SÍ,SÍ,NO,SÍ,SÍ,NO,SÍ,SÍ,SÍ,SÍ,SÍ,SÍ,SÍ,SÍ,SÍ,SÍ,SÍ,SÍ,SÍ,SÍ,SÍ,SÍ,SÍ,NO,Excelente servicio. La sucursal está operando en óptimas condiciones.,
2025-05-10 14:48:15,10/05/2025,Sucursal Express Toto,Totonicapán,Distrito Occidente,SÍ,SÍ,SÍ,NO,SÍ,SÍ,SÍ,SÍ,SÍ,NO,NO,SÍ,SÍ,SÍ,NO,NO,SÍ,SÍ,SÍ,NO,SÍ,NO,NO,NO,SÍ,NO,NO,SÍ,SÍ,SÍ,SÍ,NO,SÍ,NO,NO,SÍ,SÍ,SÍ,SÍ,SÍ,"Visita dentro del promedio, con áreas de oportunidad.",
2025-05-22 14:35:20,22/05/2025,Sucursal Totonicapán Plaza,Totonicapán,Distrito Occidente,SÍ,NO,SÍ,NO,NO,SÍ,SÍ,SÍ,NO,NO,NO,SÍ,SÍ,NO,NO,SÍ,SÍ,SÍ,NO,NO,NO,NO,SÍ,SÍ,SÍ,SÍ,SÍ,SÍ,SÍ,SÍ,SÍ,SÍ,SÍ,NO,SÍ,SÍ,NO,SÍ,SÍ,SÍ,,
2025-05-06 15:56:05,06/05/2025,Sucursal Plaza Quic,Quiché,Distrito Occidente,NO,SÍ,SÍ,NO,NO,SÍ,SÍ,NO,SÍ,NO,NO,NO,NO,NO,SÍ,SÍ,SÍ,NO,NO,NO,SÍ,SÍ,SÍ,SÍ,SÍ,NO,NO,SÍ,SÍ,NO,SÍ,SÍ,SÍ,NO,SÍ,SÍ,NO,SÍ,SÍ,SÍ,,
2025-05-10 16:21:51,10/05/2025,Sucursal Quiché Plaza,Quiché,Distrito Occidente,NO,SÍ,NO,NO,SÍ,NO,SÍ,NO,NO,SÍ,NO,NO,SÍ,NO,NO,NO,NO,SÍ,NO,SÍ,NO,SÍ,SÍ,NO,SÍ,SÍ,SÍ,NO,NO,NO,SÍ,NO,SÍ,SÍ,NO,SÍ,NO,NO,SÍ,NO,"Se notaron deficiencias considerables, especialmente en Cobro. El personal necesita capacitación.",
2025-05-05 16:31:51,05/05/2025,Sucursal Oriente Baja,Baja Verapaz,Distrito Norte,SÍ,NO,SÍ,SÍ,SÍ,SÍ,SÍ,SÍ,SÍ,NO,NO,SÍ,SÍ,SÍ,SÍ,NO,SÍ,SÍ,NO,SÍ,SÍ,NO,SÍ,SÍ,SÍ,SÍ,NO,SÍ,SÍ,SÍ,SÍ,SÍ,SÍ,SÍ,SÍ,SÍ,SÍ,SÍ,SÍ,SÍ,Excelente servicio. La sucursal está operando en óptimas condiciones.,
2025-06-11 11:18:01,11/06/2025,Sucursal Centro,Guatemala,Distrito Metro,SÍ,SÍ,SÍ,SÍ,SÍ,SÍ,SÍ,SÍ,SÍ,NO,NO,SÍ,SÍ,SÍ,SÍ,NO,SÍ,SÍ,NO,SÍ,SÍ,NO,SÍ,SÍ,SÍ,SÍ,SÍ,NO,SÍ,SÍ,NO,SÍ,SÍ,SÍ,NO,SÍ,SÍ,NO,SÍ,SÍ,,
2025-06-27 09:12:42,27/06/2025,Sucursal Norte,Guatemala,Distrito Metro,SÍ,SÍ,SÍ,SÍ,SÍ,SÍ,NO,NO,SÍ,NO,NO,SÍ,NO,SÍ,SÍ,SÍ,NO,SÍ,NO,SÍ,NO,NO,NO,SÍ,SÍ,SÍ,NO,SÍ,SÍ,SÍ,NO,NO,NO,SÍ,SÍ,SÍ,SÍ,NO,NO,NO,,
2025-06-26 14:44:10,26/06/2025,Sucursal Sur,Guatemala,Distrito Metro,SÍ,SÍ,SÍ,NO,SÍ,SÍ,SÍ,SÍ,SÍ,SÍ,NO,SÍ,NO,SÍ,NO,SÍ,SÍ,SÍ,NO,SÍ,SÍ,NO,SÍ,SÍ,SÍ,SÍ,SÍ,SÍ,SÍ,NO,SÍ,SÍ,NO,SÍ,SÍ,SÍ,NO,SÍ,SÍ,SÍ,,
2025-06-15 10:48:12,15/06/2025,Sucursal Las Palmas,Guatemala,Distrito Metro,SÍ,SÍ,NO,SÍ,SÍ,SÍ,SÍ,SÍ,SÍ,SÍ,SÍ,NO,SÍ,NO,SÍ,SÍ,NO,NO,SÍ,NO,SÍ,NO,SÍ,SÍ,SÍ,SÍ,SÍ,SÍ,SÍ,SÍ,NO,SÍ,SÍ,NO,NO,SÍ,NO,SÍ,SÍ,SÍ,,
2025-06-01 16:17:37,01/06/2025,Sucursal Pradera,Guatemala,Distrito Metro,SÍ,SÍ,NO,SÍ,SÍ,SÍ,NO,NO,SÍ,NO,SÍ,NO,SÍ,SÍ,NO,SÍ,NO,SÍ,NO,SÍ,NO,NO,NO,SÍ,SÍ,NO,NO,NO,SÍ,SÍ,SÍ,SÍ,SÍ,NO,SÍ,NO,SÍ,NO,SÍ,SÍ,,
2025-06-07 11:21:02,07/06/2025,Sucursal Majadas,Guatemala,Distrito Metro,SÍ,SÍ,NO,SÍ,SÍ,SÍ,NO,SÍ,NO,SÍ,SÍ,SÍ,SÍ,SÍ,NO,SÍ,SÍ,NO,NO,SÍ,NO,SÍ,NO,NO,SÍ,NO,SÍ,NO,NO,SÍ,SÍ,SÍ,NO,SÍ,SÍ,NO,SÍ,SÍ,SÍ,SÍ,"Se notaron deficiencias considerables, especialmente en Cobro. El personal necesita capacitación.",
2025-06-14 16:22:14,14/06/2025,Sucursal Vista Hermosa,Guatemala,Distrito Metro,SÍ,SÍ,SÍ,SÍ,SÍ,NO,SÍ,SÍ,SÍ,SÍ,NO,SÍ,SÍ,NO,SÍ,SÍ,SÍ,SÍ,NO,SÍ,SÍ,NO,SÍ,SÍ,SÍ,SÍ,SÍ,SÍ,SÍ,NO,SÍ,SÍ,SÍ,SÍ,SÍ,SÍ,SÍ,SÍ,SÍ,SÍ,,
2025-06-24 09:18:13,24/06/2025,Sucursal Cayalá,Guatemala,Distrito Metro,NO,NO,SÍ,SÍ,SÍ,NO,SÍ,SÍ,SÍ,SÍ,SÍ,SÍ,SÍ,NO,SÍ,SÍ,SÍ,SÍ,NO,SÍ,NO,NO,SÍ,SÍ,SÍ,NO,SÍ,SÍ,SÍ,SÍ,SÍ,NO,SÍ,SÍ,SÍ,SÍ,SÍ,SÍ,NO,SÍ,"Visita dentro del promedio, con áreas de oportunidad.",
2025-06-08 12:20:20,08/06/2025,Sucursal Américas,Guatemala,Distrito Metro,SÍ,SÍ,SÍ,SÍ,SÍ,SÍ,SÍ,SÍ,SÍ,NO,NO,SÍ,SÍ,SÍ,SÍ,NO,SÍ,SÍ,NO,SÍ,SÍ,NO,SÍ,SÍ,SÍ,SÍ,SÍ,SÍ,SÍ,SÍ,SÍ,SÍ,SÍ,NO,SÍ,SÍ,SÍ,SÍ,SÍ,SÍ,Excelente servicio. La sucursal está operando en óptimas condiciones.,
2025-06-24 10:53:26,24/06/2025,Sucursal Roosevelt,Guatemala,Distrito Metro,SÍ,SÍ,NO,SÍ,SÍ,NO,SÍ,NO,NO,SÍ,SÍ,NO,NO,NO,NO,NO,NO,NO,SÍ,NO,SÍ,SÍ,SÍ,NO,NO,SÍ,NO,NO,NO,SÍ,NO,NO,NO,NO,NO,NO,SÍ,NO,NO,NO,"Se notaron deficiencias considerables, especialmente en Cobro. El personal necesita capacitación.",
2025-06-25 14:22:12,25/06/2025,Sucursal Portales,Guatemala,Distrito Metro,NO,SÍ,NO,SÍ,SÍ,SÍ,NO,NO,SÍ,NO,NO,NO,SÍ,SÍ,SÍ,SÍ,SÍ,SÍ,SÍ,SÍ,SÍ,NO,SÍ,SÍ,NO,SÍ,SÍ,SÍ,SÍ,SÍ,NO,SÍ,NO,SÍ,SÍ,SÍ,SÍ,SÍ,SÍ,SÍ,,
2025-06-04 14:14:29,04/06/2025,Sucursal Naranjo,Guatemala,Distrito Metro,SÍ,SÍ,NO,NO,SÍ,SÍ,SÍ,NO,SÍ,SÍ,SÍ,SÍ,SÍ,SÍ,SÍ,SÍ,SÍ,SÍ,SÍ,SÍ,SÍ,SÍ,SÍ,SÍ,NO,SÍ,SÍ,SÍ,SÍ,SÍ,NO,SÍ,SÍ,NO,NO,SÍ,SÍ,SÍ,NO,SÍ,,
2025-06-13 13:17:39,13/06/2025,Sucursal San Cristóbal,Guatemala,Distrito Metro,NO,NO,SÍ,NO,NO,NO,SÍ,SÍ,NO,SÍ,NO,NO,SÍ,NO,SÍ,SÍ,SÍ,SÍ,SÍ,SÍ,SÍ,SÍ,SÍ,SÍ,NO,NO,NO,SÍ,NO,NO,SÍ,NO,NO,SÍ,SÍ,NO,SÍ,SÍ,SÍ,SÍ,"Se notaron deficiencias considerables, especialmente en Cobro. El personal necesita capacitación.",
2025-06-06 08:19:40,06/06/2025,Sucursal Muxbal,Guatemala,Distrito Metro,SÍ,SÍ,SÍ,SÍ,SÍ,SÍ,SÍ,SÍ,SÍ,NO,NO,SÍ,SÍ,SÍ,NO,SÍ,SÍ,SÍ,SÍ,NO,SÍ,NO,SÍ,SÍ,NO,SÍ,SÍ,SÍ,SÍ,NO,SÍ,SÍ,SÍ,SÍ,SÍ,NO,NO,SÍ,SÍ,SÍ,,
2025-06-01 18:03:18,01/06/2025,Sucursal Carretera,Guatemala,Distrito Metro,SÍ,SÍ,SÍ,SÍ,SÍ,SÍ,SÍ,SÍ,SÍ,NO,NO,SÍ,SÍ,SÍ,NO,SÍ,SÍ,SÍ,NO,SÍ,SÍ,NO,SÍ,SÍ,SÍ,SÍ,SÍ,SÍ,SÍ,SÍ,SÍ,SÍ,SÍ,NO,SÍ,SÍ,SÍ,NO,SÍ,SÍ,Excelente servicio. La sucursal está operando en óptimas condiciones.,
2025-06-07 10:49:19,07/06/2025,Sucursal Zonal,Guatemala,Distrito Metro,SÍ,NO,SÍ,SÍ,NO,SÍ,NO,NO,SÍ,NO,NO,NO,SÍ,SÍ,SÍ,SÍ,NO,NO,NO,SÍ,SÍ,NO,SÍ,SÍ,NO,SÍ,NO,SÍ,SÍ,SÍ,SÍ,SÍ,SÍ,NO,NO,SÍ,NO,SÍ,NO,SÍ,,
2025-06-11 18:43:42,11/06/2025,Sucursal Express,Guatemala,Distrito Metro,SÍ,SÍ,SÍ,SÍ,NO,SÍ,NO,SÍ,NO,SÍ,NO,SÍ,SÍ,SÍ,SÍ,NO,SÍ,SÍ,NO,SÍ,SÍ,NO,SÍ,SÍ,NO,SÍ,SÍ,NO,SÍ,SÍ,SÍ,SÍ,NO,SÍ,SÍ,SÍ,NO,SÍ,SÍ,SÍ,,
2025-06-14 14:02:38,14/06/2025,Sucursal San Miguel,Guatemala,Distrito Metro,SÍ,SÍ,NO,SÍ,NO,SÍ,SÍ,SÍ,NO,NO,SÍ,SÍ,SÍ,SÍ,NO,NO,SÍ,NO,NO,NO,NO,SÍ,SÍ,SÍ,SÍ,SÍ,SÍ,NO,SÍ,SÍ,NO,SÍ,NO,NO,NO,NO,SÍ,SÍ,SÍ,SÍ,"Se notaron deficiencias considerables, especialmente en Cobro. El personal necesita capacitación.",
2025-06-11 08:54:44,11/06/2025,Sucursal Villa Nueva,Guatemala,Distrito Metro,SÍ,SÍ,NO,NO,SÍ,SÍ,SÍ,NO,SÍ,NO,NO,SÍ,SÍ,NO,SÍ,SÍ,NO,NO,NO,NO,SÍ,NO,SÍ,SÍ,SÍ,SÍ,SÍ,SÍ,NO,SÍ,SÍ,NO,SÍ,SÍ,SÍ,SÍ,SÍ,SÍ,SÍ,SÍ,,
2025-06-04 17:47:04,04/06/2025,Sucursal Petapa,Guatemala,Distrito Metro,SÍ,SÍ,NO,NO,SÍ,NO,SÍ,SÍ,SÍ,SÍ,SÍ,SÍ,SÍ,NO,SÍ,SÍ,SÍ,SÍ,NO,SÍ,SÍ,NO,SÍ,SÍ,SÍ,SÍ,NO,SÍ,SÍ,SÍ,SÍ,NO,SÍ,SÍ,SÍ,SÍ,NO,SÍ,SÍ,NO,,
2025-06-03 12:13:14,03/06/2025,Sucursal Mixco,Guatemala,Distrito Metro,NO,SÍ,NO,NO,NO,SÍ,SÍ,NO,SÍ,SÍ,NO,NO,SÍ,NO,SÍ,NO,NO,NO,SÍ,NO,SÍ,NO,NO,SÍ,NO,SÍ,SÍ,SÍ,NO,NO,SÍ,SÍ,NO,SÍ,NO,NO,NO,NO,SÍ,NO,"Se notaron deficiencias considerables, especialmente en Cobro. El personal necesita capacitación.",
2025-06-14 13:08:00,14/06/2025,Sucursal San José,Guatemala,Distrito Metro,NO,NO,SÍ,SÍ,NO,SÍ,SÍ,NO,SÍ,NO,NO,SÍ,SÍ,SÍ,SÍ,SÍ,NO,SÍ,NO,NO,NO,NO,SÍ,NO,NO,SÍ,NO,NO,NO,SÍ,NO,SÍ,NO,SÍ,SÍ,NO,SÍ,SÍ,SÍ,SÍ,,
2025-06-13 17:36:31,13/06/2025,Sucursal Santa Catarina,Guatemala,Distrito Metro,SÍ,SÍ,SÍ,SÍ,NO,SÍ,SÍ,SÍ,SÍ,NO,NO,SÍ,SÍ,SÍ,NO,NO,SÍ,SÍ,NO,SÍ,NO,NO,SÍ,SÍ,SÍ,SÍ,SÍ,SÍ,SÍ,SÍ,NO,SÍ,SÍ,SÍ,NO,SÍ,NO,SÍ,SÍ,SÍ,,
2025-06-27 13:19:44,27/06/2025,Sucursal Pinula,Guatemala,Distrito Metro,SÍ,NO,NO,SÍ,NO,NO,SÍ,SÍ,SÍ,SÍ,NO,NO,NO,NO,NO,NO,NO,NO,SÍ,NO,SÍ,SÍ,SÍ,NO,NO,SÍ,NO,SÍ,SÍ,NO,NO,NO,NO,SÍ,NO,NO,SÍ,NO,NO,NO,"Se notaron deficiencias considerables, especialmente en Cobro. El personal necesita capacitación.",
2025-06-13 15:57:44,13/06/2025,Sucursal Boca del Monte,Guatemala,Distrito Metro,SÍ,SÍ,SÍ,SÍ,SÍ,NO,SÍ,SÍ,SÍ,NO,SÍ,SÍ,SÍ,SÍ,SÍ,SÍ,SÍ,SÍ,SÍ,SÍ,SÍ,NO,SÍ,SÍ,SÍ,NO,SÍ,SÍ,SÍ,SÍ,SÍ,SÍ,SÍ,SÍ,SÍ,SÍ,SÍ,SÍ,NO,SÍ,"Visita dentro del promedio, con áreas de oportunidad.",
2025-06-21 13:12:38,21/06/2025,Sucursal Atlántico,Guatemala,Distrito Metro,SÍ,SÍ,NO,SÍ,NO,NO,NO,NO,SÍ,NO,SÍ,NO,SÍ,SÍ,NO,SÍ,NO,NO,SÍ,NO,SÍ,NO,SÍ,NO,SÍ,SÍ,SÍ,SÍ,SÍ,NO,SÍ,NO,NO,NO,NO,SÍ,SÍ,SÍ,NO,SÍ,"Se notaron deficiencias considerables, especialmente en Cobro. El personal necesita capacitación.",
2025-06-27 08:22:24,27/06/2025,Sucursal Pacífico,Guatemala,Distrito Metro,NO,SÍ,SÍ,SÍ,SÍ,NO,SÍ,SÍ,SÍ,NO,NO,NO,NO,NO,SÍ,NO,NO,SÍ,SÍ,NO,SÍ,NO,NO,NO,SÍ,NO,SÍ,SÍ,NO,SÍ,SÍ,SÍ,SÍ,SÍ,SÍ,SÍ,NO,NO,SÍ,SÍ,,
2025-06-20 11:01:56,20/06/2025,Sucursal Aguilar Batres,Guatemala,Distrito Metro,SÍ,SÍ,SÍ,SÍ,NO,SÍ,SÍ,SÍ,NO,NO,SÍ,SÍ,SÍ,SÍ,NO,NO,SÍ,SÍ,NO,SÍ,NO,NO,SÍ,SÍ,SÍ,SÍ,SÍ,SÍ,SÍ,SÍ,SÍ,SÍ,NO,SÍ,NO,SÍ,NO,SÍ,SÍ,SÍ,"Visita dentro del promedio, con áreas de oportunidad.",
2025-06-18 12:20:14,18/06/2025,Sucursal Avenida,Guatemala,Distrito Metro,SÍ,SÍ,NO,SÍ,NO,NO,NO,NO,SÍ,SÍ,SÍ,NO,SÍ,SÍ,SÍ,NO,NO,NO,SÍ,SÍ,SÍ,SÍ,NO,NO,SÍ,NO,NO,SÍ,NO,SÍ,SÍ,NO,SÍ,SÍ,NO,NO,SÍ,NO,SÍ,NO,"Se notaron deficiencias considerables, especialmente en Cobro. El personal necesita capacitación.",
2025-06-26 17:57:16,26/06/2025,Sucursal Boulevard,Guatemala,Distrito Metro,NO,SÍ,NO,SÍ,NO,SÍ,NO,SÍ,SÍ,NO,NO,NO,SÍ,SÍ,NO,SÍ,NO,SÍ,SÍ,SÍ,SÍ,SÍ,SÍ,SÍ,NO,SÍ,NO,SÍ,SÍ,NO,NO,NO,NO,SÍ,SÍ,SÍ,SÍ,SÍ,NO,SÍ,,
2025-06-02 12:19:11,02/06/2025,Sucursal Quetzaltenango Norte,Quetzaltenango,Distrito Occidente,SÍ,NO,SÍ,NO,SÍ,SÍ,SÍ,SÍ,SÍ,NO,NO,SÍ,NO,SÍ,SÍ,SÍ,SÍ,SÍ,NO,SÍ,SÍ,SÍ,SÍ,NO,SÍ,SÍ,SÍ,SÍ,SÍ,NO,SÍ,NO,SÍ,SÍ,SÍ,SÍ,NO,NO,SÍ,SÍ,,
2025-06-08 12:48:46,08/06/2025,Sucursal Terminal Quet,Quetzaltenango,Distrito Occidente,SÍ,SÍ,NO,SÍ,SÍ,SÍ,SÍ,SÍ,SÍ,NO,NO,SÍ,SÍ,SÍ,SÍ,SÍ,SÍ,SÍ,NO,SÍ,SÍ,NO,SÍ,SÍ,SÍ,SÍ,NO,SÍ,SÍ,SÍ,SÍ,SÍ,SÍ,SÍ,SÍ,SÍ,SÍ,SÍ,SÍ,SÍ,Excelente servicio. La sucursal está operando en óptimas condiciones.,
2025-06-13 17:04:22,13/06/2025,Sucursal Quetzaltenango Centro,Quetzaltenango,Distrito Occidente,SÍ,SÍ,SÍ,SÍ,SÍ,SÍ,SÍ,SÍ,SÍ,NO,SÍ,SÍ,SÍ,SÍ,SÍ,SÍ,SÍ,SÍ,NO,SÍ,SÍ,NO,SÍ,SÍ,SÍ,SÍ,SÍ,SÍ,SÍ,SÍ,SÍ,SÍ,SÍ,SÍ,SÍ,SÍ,SÍ,SÍ,SÍ,SÍ,Excelente servicio. La sucursal está operando en óptimas condiciones.,
2025-06-07 17:01:15,07/06/2025,Sucursal Llanos Quet,Quetzaltenango,Distrito Occidente,SÍ,SÍ,SÍ,SÍ,SÍ,SÍ,SÍ,SÍ,SÍ,NO,NO,SÍ,SÍ,SÍ,SÍ,SÍ,SÍ,SÍ,NO,SÍ,SÍ,SÍ,SÍ,SÍ,SÍ,NO,NO,SÍ,SÍ,SÍ,SÍ,SÍ,SÍ,SÍ,SÍ,SÍ,SÍ,SÍ,SÍ,SÍ,Excelente servicio. La sucursal está operando en óptimas condiciones.,
2025-06-08 15:54:44,08/06/2025,Sucursal Quetzaltenango Norte,Quetzaltenango,Distrito Occidente,NO,NO,NO,NO,SÍ,SÍ,SÍ,SÍ,SÍ,NO,SÍ,NO,NO,SÍ,NO,SÍ,SÍ,SÍ,SÍ,SÍ,SÍ,NO,NO,SÍ,SÍ,SÍ,SÍ,SÍ,SÍ,SÍ,NO,NO,SÍ,SÍ,SÍ,NO,SÍ,SÍ,NO,SÍ,,
2025-06-04 13:03:05,04/06/2025,Sucursal Sur Quet,Quetzaltenango,Distrito Occidente,SÍ,SÍ,SÍ,SÍ,SÍ,SÍ,SÍ,SÍ,NO,NO,NO,SÍ,SÍ,SÍ,SÍ,NO,SÍ,SÍ,NO,SÍ,NO,NO,SÍ,SÍ,SÍ,SÍ,SÍ,NO,SÍ,NO,SÍ,SÍ,SÍ,SÍ,SÍ,SÍ,NO,SÍ,SÍ,SÍ,,
2025-06-23 13:08:26,23/06/2025,Sucursal Escuintla Centro,Escuintla,Distrito Sur,SÍ,SÍ,SÍ,SÍ,SÍ,SÍ,SÍ,SÍ,SÍ,NO,NO,SÍ,SÍ,SÍ,SÍ,SÍ,SÍ,SÍ,NO,SÍ,SÍ,NO,SÍ,SÍ,SÍ,SÍ,SÍ,SÍ,SÍ,SÍ,SÍ,SÍ,SÍ,SÍ,SÍ,NO,SÍ,SÍ,SÍ,SÍ,Excelente servicio. La sucursal está operando en óptimas condiciones.,
2025-06-08 18:33:41,08/06/2025,Sucursal Mercado Escu,Escuintla,Distrito Sur,SÍ,SÍ,SÍ,NO,SÍ,SÍ,SÍ,SÍ,NO,NO,NO,SÍ,SÍ,SÍ,SÍ,SÍ,SÍ,SÍ,NO,SÍ,SÍ,NO,SÍ,SÍ,SÍ,SÍ,NO,SÍ,SÍ,SÍ,SÍ,SÍ,SÍ,SÍ,SÍ,SÍ,SÍ,SÍ,SÍ,NO,Excelente servicio. La sucursal está operando en óptimas condiciones.,
2025-06-06 11:37:49,06/06/2025,Sucursal Escuintla Norte,Escuintla,Distrito Sur,SÍ,NO,SÍ,SÍ,SÍ,SÍ,SÍ,SÍ,SÍ,NO,NO,SÍ,NO,NO,SÍ,SÍ,SÍ,SÍ,NO,SÍ,SÍ,NO,SÍ,SÍ,NO,SÍ,SÍ,SÍ,SÍ,SÍ,SÍ,SÍ,SÍ,SÍ,SÍ,SÍ,SÍ,SÍ,SÍ,SÍ,,
2025-06-16 15:07:33,16/06/2025,Sucursal Occidente Escu,Escuintla,Distrito Sur,SÍ,SÍ,SÍ,SÍ,SÍ,NO,SÍ,SÍ,SÍ,SÍ,NO,SÍ,SÍ,SÍ,SÍ,SÍ,NO,SÍ,NO,SÍ,SÍ,NO,NO,SÍ,SÍ,SÍ,SÍ,SÍ,SÍ,NO,NO,SÍ,SÍ,SÍ,SÍ,SÍ,SÍ,SÍ,SÍ,SÍ,,
2025-06-13 10:12:56,13/06/2025,Sucursal Escuintla Norte,Escuintla,Distrito Sur,SÍ,SÍ,NO,SÍ,SÍ,NO,SÍ,SÍ,NO,SÍ,NO,SÍ,SÍ,SÍ,NO,SÍ,NO,SÍ,NO,SÍ,SÍ,NO,SÍ,NO,NO,NO,SÍ,NO,NO,SÍ,NO,NO,SÍ,SÍ,SÍ,SÍ,SÍ,NO,NO,SÍ,,
2025-06-15 10:09:23,15/06/2025,Sucursal Norte Escu,Escuintla,Distrito Sur,NO,SÍ,SÍ,SÍ,NO,SÍ,SÍ,SÍ,NO,NO,NO,SÍ,SÍ,SÍ,NO,NO,SÍ,SÍ,NO,SÍ,SÍ,NO,SÍ,SÍ,SÍ,SÍ,SÍ,SÍ,SÍ,SÍ,SÍ,SÍ,NO,NO,NO,NO,NO,SÍ,SÍ,SÍ,"Visita dentro del promedio, con áreas de oportunidad.",
2025-06-19 14:30:44,19/06/2025,Sucursal Sacatepéquez Norte,Sacatepéquez,Distrito Central,SÍ,SÍ,NO,SÍ,SÍ,SÍ,SÍ,SÍ,SÍ,NO,NO,SÍ,SÍ,NO,SÍ,SÍ,SÍ,SÍ,SÍ,SÍ,SÍ,NO,SÍ,NO,SÍ,SÍ,SÍ,SÍ,SÍ,SÍ,SÍ,SÍ,SÍ,SÍ,SÍ,SÍ,SÍ,NO,SÍ,SÍ,,
2025-06-05 11:48:41,05/06/2025,Sucursal Central Saca,Sacatepéquez,Distrito Central,NO,SÍ,SÍ,SÍ,NO,SÍ,NO,SÍ,NO,NO,SÍ,NO,SÍ,SÍ,NO,SÍ,SÍ,SÍ,NO,SÍ,NO,NO,SÍ,SÍ,SÍ,SÍ,SÍ,SÍ,SÍ,SÍ,SÍ,SÍ,NO,NO,SÍ,NO,SÍ,SÍ,SÍ,SÍ,,
2025-06-18 15:52:53,18/06/2025,Sucursal Sacatepéquez Centro,Sacatepéquez,Distrito Central,SÍ,SÍ,SÍ,SÍ,SÍ,SÍ,SÍ,NO,SÍ,NO,NO,SÍ,SÍ,SÍ,SÍ,SÍ,SÍ,SÍ,NO,SÍ,SÍ,NO,SÍ,NO,NO,NO,SÍ,SÍ,NO,NO,SÍ,SÍ,SÍ,SÍ,NO,SÍ,SÍ,SÍ,SÍ,SÍ,,
2025-06-15 10:51:44,15/06/2025,Sucursal Terminal Saca,Sacatepéquez,Distrito Central,SÍ,SÍ,NO,SÍ,SÍ,SÍ,NO,SÍ,SÍ,NO,NO,NO,SÍ,NO,SÍ,SÍ,SÍ,NO,SÍ,SÍ,SÍ,SÍ,NO,SÍ,SÍ,SÍ,SÍ,SÍ,SÍ,SÍ,SÍ,NO,SÍ,SÍ,NO,SÍ,SÍ,SÍ,SÍ,NO,"Visita dentro del promedio, con áreas de oportunidad.",
2025-06-08 11:05:10,08/06/2025,Sucursal Sacatepéquez Norte,Sacatepéquez,Distrito Central,SÍ,SÍ,SÍ,NO,SÍ,SÍ,SÍ,SÍ,SÍ,NO,NO,SÍ,SÍ,SÍ,SÍ,SÍ,SÍ,SÍ,NO,SÍ,SÍ,NO,SÍ,SÍ,SÍ,SÍ,SÍ,SÍ,SÍ,SÍ,SÍ,SÍ,NO,SÍ,SÍ,SÍ,SÍ,SÍ,SÍ,SÍ,Excelente servicio. La sucursal está operando en óptimas condiciones.,
2025-06-01 16:11:56,01/06/2025,Sucursal Avenida Chim,Chimaltenango,Distrito Central,SÍ,NO,SÍ,NO,SÍ,SÍ,SÍ,SÍ,SÍ,NO,SÍ,SÍ,SÍ,SÍ,SÍ,SÍ,NO,SÍ,SÍ,SÍ,SÍ,SÍ,SÍ,SÍ,NO,NO,NO,SÍ,NO,NO,NO,SÍ,NO,SÍ,SÍ,SÍ,NO,NO,NO,SÍ,"Se notaron deficiencias considerables, especialmente en Cobro. El personal necesita capacitación.",
2025-06-01 09:03:27,01/06/2025,Sucursal Chimaltenango Centro,Chimaltenango,Distrito Central,SÍ,NO,SÍ,SÍ,NO,SÍ,SÍ,SÍ,NO,NO,NO,SÍ,NO,SÍ,SÍ,NO,SÍ,SÍ,SÍ,SÍ,SÍ,NO,SÍ,SÍ,NO,NO,SÍ,SÍ,SÍ,NO,SÍ,SÍ,SÍ,NO,SÍ,SÍ,SÍ,SÍ,NO,SÍ,,
2025-06-21 17:40:39,21/06/2025,Sucursal Plaza Chim,Chimaltenango,Distrito Central,SÍ,SÍ,SÍ,SÍ,SÍ,NO,SÍ,SÍ,SÍ,NO,SÍ,SÍ,SÍ,SÍ,SÍ,NO,SÍ,SÍ,NO,SÍ,NO,NO,NO,NO,SÍ,SÍ,SÍ,NO,SÍ,NO,NO,NO,NO,SÍ,NO,SÍ,SÍ,SÍ,SÍ,SÍ,,
2025-06-13 11:46:17,13/06/2025,Sucursal Chimaltenango Plaza,Chimaltenango,Distrito Central,NO,SÍ,NO,SÍ,NO,NO,NO,NO,NO,SÍ,NO,NO,SÍ,SÍ,NO,NO,SÍ,NO,NO,SÍ,NO,SÍ,SÍ,NO,NO,NO,NO,NO,NO,NO,NO,NO,NO,NO,SÍ,NO,SÍ,SÍ,NO,NO,"Se notaron deficiencias considerables, especialmente en Cobro. El personal necesita capacitación.",
2025-06-18 13:46:07,18/06/2025,Sucursal Avenida Alta,Alta Verapaz,Distrito Norte,SÍ,NO,SÍ,SÍ,SÍ,SÍ,SÍ,SÍ,SÍ,NO,SÍ,SÍ,SÍ,NO,SÍ,SÍ,SÍ,SÍ,NO,SÍ,NO,SÍ,NO,SÍ,SÍ,SÍ,SÍ,SÍ,NO,SÍ,SÍ,SÍ,NO,SÍ,SÍ,NO,SÍ,SÍ,NO,NO,"Visita dentro del promedio, con áreas de oportunidad.",
2025-06-18 13:32:06,18/06/2025,Sucursal Alta Verapaz Plaza,Alta Verapaz,Distrito Norte,NO,SÍ,SÍ,NO,SÍ,SÍ,SÍ,NO,SÍ,NO,NO,SÍ,NO,SÍ,SÍ,NO,SÍ,SÍ,SÍ,NO,SÍ,NO,NO,NO,SÍ,SÍ,NO,SÍ,SÍ,SÍ,NO,NO,NO,SÍ,SÍ,SÍ,NO,NO,NO,SÍ,"Se notaron deficiencias considerables, especialmente en Cobro. El personal necesita capacitación.",
2025-06-07 08:34:10,07/06/2025,Sucursal Express Alta,Alta Verapaz,Distrito Norte,SÍ,SÍ,SÍ,NO,NO,NO,SÍ,NO,NO,NO,SÍ,SÍ,SÍ,NO,SÍ,SÍ,SÍ,NO,SÍ,SÍ,SÍ,NO,NO,SÍ,SÍ,SÍ,NO,SÍ,NO,SÍ,SÍ,SÍ,NO,NO,SÍ,NO,SÍ,SÍ,NO,SÍ,"Se notaron deficiencias considerables, especialmente en Cobro. El personal necesita capacitación.",
2025-06-16 11:07:43,16/06/2025,Sucursal Alta Verapaz Centro,Alta Verapaz,Distrito Norte,SÍ,NO,NO,SÍ,SÍ,SÍ,SÍ,SÍ,NO,NO,SÍ,NO,SÍ,SÍ,NO,SÍ,SÍ,SÍ,SÍ,SÍ,SÍ,NO,SÍ,NO,SÍ,SÍ,SÍ,NO,SÍ,SÍ,SÍ,SÍ,SÍ,NO,NO,SÍ,NO,SÍ,SÍ,SÍ,,
2025-06-09 12:03:48,09/06/2025,Sucursal Centro Peté,Petén,Distrito Norte,NO,SÍ,SÍ,SÍ,SÍ,SÍ,SÍ,SÍ,NO,SÍ,SÍ,NO,SÍ,NO,SÍ,SÍ,SÍ,SÍ,NO,SÍ,SÍ,NO,NO,SÍ,SÍ,NO,NO,SÍ,NO,SÍ,SÍ,SÍ,NO,SÍ,NO,SÍ,NO,SÍ,SÍ,SÍ,,
2025-06-02 17:46:18,02/06/2025,Sucursal Petén Plaza,Petén,Distrito Norte,SÍ,NO,SÍ,SÍ,SÍ,SÍ,SÍ,SÍ,SÍ,NO,NO,NO,SÍ,SÍ,SÍ,SÍ,SÍ,SÍ,NO,SÍ,SÍ,NO,SÍ,SÍ,SÍ,SÍ,SÍ,SÍ,SÍ,SÍ,NO,SÍ,SÍ,SÍ,NO,SÍ,SÍ,NO,SÍ,SÍ,,
2025-06-04 10:03:02,04/06/2025,Sucursal Avenida Peté,Petén,Distrito Norte,NO,SÍ,SÍ,SÍ,SÍ,SÍ,SÍ,SÍ,SÍ,SÍ,NO,NO,SÍ,NO,NO,NO,SÍ,SÍ,SÍ,SÍ,SÍ,NO,SÍ,NO,SÍ,NO,NO,NO,SÍ,SÍ,SÍ,SÍ,SÍ,SÍ,NO,SÍ,SÍ,SÍ,SÍ,SÍ,,
2025-06-03 12:30:35,03/06/2025,Sucursal Izabal Centro,Izabal,Distrito Oriente,SÍ,SÍ,SÍ,SÍ,SÍ,SÍ,SÍ,SÍ,SÍ,SÍ,NO,NO,SÍ,SÍ,SÍ,SÍ,NO,SÍ,NO,SÍ,SÍ,NO,SÍ,SÍ,NO,SÍ,NO,SÍ,SÍ,SÍ,SÍ,SÍ,SÍ,SÍ,SÍ,NO,NO,SÍ,SÍ,SÍ,"Visita dentro del promedio, con áreas de oportunidad.",
2025-06-12 13:00:21,12/06/2025,Sucursal Express Izab,Izabal,Distrito Oriente,SÍ,SÍ,SÍ,SÍ,SÍ,SÍ,SÍ,SÍ,SÍ,NO,NO,SÍ,SÍ,SÍ,SÍ,SÍ,SÍ,SÍ,NO,SÍ,SÍ,SÍ,SÍ,SÍ,SÍ,SÍ,SÍ,SÍ,SÍ,SÍ,SÍ,SÍ,SÍ,SÍ,SÍ,SÍ,SÍ,SÍ,SÍ,SÍ,Excelente servicio. La sucursal está operando en óptimas condiciones.,
2025-06-26 12:10:21,26/06/2025,Sucursal Izabal Centro,Izabal,Distrito Oriente,NO,SÍ,SÍ,SÍ,SÍ,SÍ,NO,SÍ,SÍ,NO,NO,SÍ,SÍ,NO,SÍ,SÍ,SÍ,SÍ,NO,SÍ,SÍ,NO,SÍ,SÍ,SÍ,SÍ,SÍ,SÍ,NO,SÍ,NO,SÍ,SÍ,SÍ,SÍ,SÍ,SÍ,SÍ,NO,NO,,
2025-06-08 12:32:46,08/06/2025,Sucursal Centro San ,San Marcos,Distrito Occidente,SÍ,SÍ,SÍ,SÍ,SÍ,SÍ,SÍ,SÍ,SÍ,NO,NO,SÍ,SÍ,SÍ,SÍ,SÍ,SÍ,NO,NO,NO,NO,NO,SÍ,SÍ,SÍ,SÍ,SÍ,SÍ,SÍ,NO,SÍ,SÍ,NO,SÍ,SÍ,SÍ,SÍ,SÍ,SÍ,SÍ,"Visita dentro del promedio, con áreas de oportunidad.",
2025-06-03 12:19:20,03/06/2025,Sucursal San Marcos Norte,San Marcos,Distrito Occidente,SÍ,SÍ,NO,SÍ,SÍ,NO,SÍ,SÍ,NO,NO,NO,SÍ,NO,SÍ,SÍ,NO,NO,SÍ,NO,SÍ,NO,NO,SÍ,SÍ,SÍ,SÍ,NO,NO,SÍ,NO,SÍ,SÍ,SÍ,SÍ,SÍ,NO,NO,SÍ,SÍ,SÍ,,
2025-06-12 18:08:06,12/06/2025,Sucursal Central San ,San Marcos,Distrito Occidente,SÍ,SÍ,SÍ,SÍ,SÍ,NO,NO,SÍ,SÍ,NO,SÍ,SÍ,SÍ,NO,SÍ,NO,SÍ,SÍ,NO,SÍ,SÍ,NO,SÍ,SÍ,SÍ,SÍ,SÍ,SÍ,NO,SÍ,NO,SÍ,SÍ,SÍ,SÍ,SÍ,SÍ,NO,SÍ,SÍ,,
2025-06-19 12:10:10,19/06/2025,Sucursal Huehuetenango Norte,Huehuetenango,Distrito Occidente,SÍ,SÍ,SÍ,SÍ,SÍ,SÍ,SÍ,SÍ,SÍ,NO,NO,SÍ,SÍ,NO,SÍ,SÍ,NO,SÍ,NO,SÍ,NO,NO,NO,NO,NO,NO,NO,NO,NO,NO,SÍ,SÍ,NO,SÍ,SÍ,SÍ,SÍ,SÍ,SÍ,SÍ,"Visita dentro del promedio, con áreas de oportunidad.",
2025-06-18 18:32:01,18/06/2025,Sucursal Occidente Hueh,Huehuetenango,Distrito Occidente,SÍ,SÍ,NO,SÍ,SÍ,NO,SÍ,SÍ,SÍ,NO,NO,SÍ,SÍ,SÍ,NO,SÍ,SÍ,NO,NO,SÍ,NO,SÍ,SÍ,NO,SÍ,NO,SÍ,SÍ,SÍ,SÍ,SÍ,SÍ,SÍ,SÍ,SÍ,SÍ,SÍ,NO,SÍ,SÍ,,
2025-06-09 14:28:13,09/06/2025,Sucursal Huehuetenango Norte,Huehuetenango,Distrito Occidente,SÍ,SÍ,SÍ,SÍ,SÍ,NO,SÍ,NO,NO,SÍ,NO,NO,NO,NO,NO,SÍ,NO,SÍ,NO,SÍ,NO,SÍ,SÍ,NO,NO,SÍ,SÍ,NO,SÍ,SÍ,SÍ,SÍ,NO,SÍ,SÍ,SÍ,SÍ,SÍ,NO,NO,"Se notaron deficiencias considerables, especialmente en Cobro. El personal necesita capacitación.",Incidencia grave en Cobro: Condiciones inaceptables de servicio o infraestructura.
2025-06-25 14:01:16,25/06/2025,Sucursal Brisas Juti,Jutiapa,Distrito Oriente,SÍ,SÍ,SÍ,SÍ,SÍ,SÍ,SÍ,SÍ,SÍ,NO,NO,SÍ,NO,NO,SÍ,SÍ,SÍ,SÍ,NO,SÍ,SÍ,NO,SÍ,SÍ,SÍ,SÍ,SÍ,SÍ,SÍ,SÍ,SÍ,SÍ,SÍ,SÍ,SÍ,SÍ,SÍ,NO,SÍ,SÍ,Excelente servicio. La sucursal está operando en óptimas condiciones.,
2025-06-26 09:43:51,26/06/2025,Sucursal Jutiapa Plaza,Jutiapa,Distrito Oriente,SÍ,SÍ,SÍ,SÍ,SÍ,SÍ,SÍ,SÍ,SÍ,NO,NO,SÍ,SÍ,SÍ,SÍ,SÍ,SÍ,SÍ,NO,SÍ,SÍ,NO,SÍ,NO,SÍ,SÍ,SÍ,SÍ,SÍ,SÍ,SÍ,SÍ,SÍ,SÍ,SÍ,SÍ,SÍ,SÍ,SÍ,SÍ,Excelente servicio. La sucursal está operando en óptimas condiciones.,
2025-06-09 16:52:23,09/06/2025,Sucursal Llanos Zaca,Zacapa,Distrito Oriente,NO,NO,NO,SÍ,SÍ,SÍ,NO,SÍ,SÍ,NO,NO,NO,SÍ,SÍ,SÍ,SÍ,NO,NO,NO,SÍ,NO,NO,NO,NO,SÍ,SÍ,SÍ,SÍ,NO,NO,SÍ,NO,NO,NO,NO,NO,SÍ,NO,SÍ,NO,"Se notaron deficiencias considerables, especialmente en Cobro. El personal necesita capacitación.",Incidencia grave en Cobro: Condiciones inaceptables de servicio o infraestructura.
2025-06-24 14:46:41,24/06/2025,Sucursal Zacapa Plaza,Zacapa,Distrito Oriente,NO,NO,NO,NO,SÍ,SÍ,NO,NO,SÍ,SÍ,NO,SÍ,NO,SÍ,SÍ,SÍ,NO,SÍ,NO,SÍ,SÍ,NO,SÍ,NO,SÍ,SÍ,SÍ,SÍ,NO,SÍ,SÍ,SÍ,NO,SÍ,NO,SÍ,SÍ,NO,NO,NO,,
2025-06-25 13:23:01,25/06/2025,Sucursal Parque Reta,Retalhuleu,Distrito Sur,SÍ,SÍ,SÍ,SÍ,SÍ,NO,SÍ,NO,SÍ,NO,NO,SÍ,SÍ,SÍ,NO,SÍ,NO,NO,SÍ,SÍ,SÍ,NO,NO,NO,SÍ,SÍ,SÍ,SÍ,SÍ,NO,SÍ,SÍ,SÍ,SÍ,SÍ,SÍ,NO,NO,SÍ,SÍ,"Visita dentro del promedio, con áreas de oportunidad.",
2025-06-12 10:11:21,12/06/2025,Sucursal Retalhuleu Norte,Retalhuleu,Distrito Sur,SÍ,SÍ,SÍ,SÍ,NO,SÍ,NO,SÍ,NO,SÍ,SÍ,SÍ,SÍ,SÍ,NO,NO,SÍ,SÍ,NO,NO,NO,NO,SÍ,SÍ,SÍ,SÍ,SÍ,NO,SÍ,SÍ,SÍ,SÍ,NO,SÍ,NO,NO,SÍ,SÍ,SÍ,SÍ,,
2025-06-10 12:10:50,10/06/2025,Sucursal Terminal Such,Suchitepéquez,Distrito Sur,SÍ,NO,NO,NO,NO,NO,SÍ,SÍ,NO,NO,NO,SÍ,SÍ,SÍ,SÍ,NO,NO,SÍ,SÍ,NO,SÍ,NO,NO,NO,SÍ,SÍ,NO,SÍ,SÍ,SÍ,SÍ,SÍ,SÍ,SÍ,SÍ,SÍ,SÍ,SÍ,SÍ,SÍ,,
2025-06-27 18:17:29,27/06/2025,Sucursal Suchitepéquez Centro,Suchitepéquez,Distrito Sur,NO,SÍ,NO,SÍ,SÍ,SÍ,NO,SÍ,NO,NO,NO,NO,NO,SÍ,SÍ,SÍ,SÍ,SÍ,NO,NO,SÍ,NO,SÍ,NO,SÍ,SÍ,NO,SÍ,SÍ,NO,SÍ,NO,NO,SÍ,SÍ,SÍ,NO,SÍ,SÍ,SÍ,,
2025-06-02 11:57:54,02/06/2025,Sucursal Parque Sant,Santa Rosa,Distrito Sur,SÍ,SÍ,SÍ,SÍ,SÍ,SÍ,SÍ,SÍ,NO,NO,NO,SÍ,SÍ,SÍ,NO,SÍ,NO,SÍ,NO,NO,SÍ,SÍ,SÍ,NO,NO,NO,NO,NO,NO,NO,SÍ,NO,SÍ,SÍ,SÍ,SÍ,SÍ,SÍ,SÍ,SÍ,,
2025-06-17 12:15:16,17/06/2025,Sucursal Santa Rosa Centro,Santa Rosa,Distrito Sur,NO,NO,SÍ,NO,SÍ,SÍ,SÍ,NO,NO,SÍ,NO,SÍ,NO,SÍ,SÍ,SÍ,SÍ,SÍ,SÍ,NO,SÍ,NO,SÍ,SÍ,NO,SÍ,SÍ,NO,SÍ,NO,SÍ,SÍ,SÍ,SÍ,NO,NO,SÍ,NO,NO,SÍ,"Se notaron deficiencias considerables, especialmente en Cobro. El personal necesita capacitación.",Incidencia grave en Cobro: Condiciones inaceptables de servicio o infraestructura.
2025-06-25 14:02:00,25/06/2025,Sucursal Parque El P,El Progreso,Distrito Oriente,SÍ,SÍ,SÍ,SÍ,NO,NO,SÍ,NO,SÍ,SÍ,NO,SÍ,SÍ,SÍ,SÍ,SÍ,NO,SÍ,NO,SÍ,SÍ,NO,SÍ,SÍ,SÍ,SÍ,NO,SÍ,SÍ,SÍ,SÍ,NO,SÍ,NO,SÍ,NO,NO,SÍ,NO,SÍ,,
2025-06-14 14:12:10,14/06/2025,Sucursal El Progreso Norte,El Progreso,Distrito Oriente,SÍ,SÍ,SÍ,SÍ,SÍ,SÍ,SÍ,SÍ,SÍ,NO,NO,SÍ,SÍ,SÍ,SÍ,SÍ,SÍ,SÍ,NO,SÍ,SÍ,NO,SÍ,SÍ,SÍ,SÍ,SÍ,SÍ,SÍ,SÍ,SÍ,SÍ,SÍ,SÍ,SÍ,SÍ,SÍ,SÍ,SÍ,SÍ,Excelente servicio. La sucursal está operando en óptimas condiciones.,
2025-06-04 17:30:30,04/06/2025,Sucursal Mercado Chiq,Chiquimula,Distrito Oriente,NO,SÍ,SÍ,SÍ,SÍ,NO,SÍ,SÍ,SÍ,NO,NO,SÍ,NO,SÍ,SÍ,NO,NO,SÍ,SÍ,NO,SÍ,NO,SÍ,SÍ,NO,SÍ,SÍ,SÍ,NO,SÍ,SÍ,SÍ,NO,SÍ,SÍ,SÍ,NO,SÍ,NO,SÍ,"Visita dentro del promedio, con áreas de oportunidad.",
2025-06-13 15:26:58,13/06/2025,Sucursal Chiquimula Centro,Chiquimula,Distrito Oriente,SÍ,SÍ,SÍ,SÍ,SÍ,SÍ,SÍ,SÍ,SÍ,NO,NO,SÍ,NO,SÍ,SÍ,SÍ,SÍ,SÍ,SÍ,SÍ,SÍ,NO,SÍ,SÍ,SÍ,NO,NO,SÍ,SÍ,SÍ,SÍ,SÍ,SÍ,SÍ,SÍ,NO,SÍ,NO,NO,SÍ,,
2025-06-02 16:35:12,02/06/2025,Sucursal Norte Jala,Jalapa,Distrito Oriente,NO,SÍ,SÍ,NO,SÍ,NO,SÍ,SÍ,SÍ,SÍ,SÍ,NO,SÍ,SÍ,SÍ,SÍ,NO,NO,SÍ,NO,NO,NO,NO,SÍ,SÍ,SÍ,SÍ,SÍ,SÍ,NO,SÍ,SÍ,SÍ,SÍ,SÍ,SÍ,NO,NO,SÍ,SÍ,,
2025-06-17 13:04:12,17/06/2025,Sucursal Jalapa Plaza,Jalapa,Distrito Oriente,SÍ,SÍ,SÍ,SÍ,SÍ,SÍ,SÍ,SÍ,SÍ,NO,NO,SÍ,SÍ,SÍ,SÍ,NO,NO,SÍ,NO,SÍ,SÍ,NO,SÍ,NO,NO,NO,NO,SÍ,NO,NO,SÍ,SÍ,SÍ,SÍ,SÍ,SÍ,SÍ,SÍ,SÍ,SÍ,,
2025-06-14 14:53:38,14/06/2025,Sucursal Terminal Solo,Sololá,Distrito Occidente,NO,SÍ,SÍ,SÍ,SÍ,SÍ,SÍ,SÍ,SÍ,NO,NO,SÍ,SÍ,SÍ,NO,SÍ,NO,SÍ,NO,SÍ,SÍ,SÍ,SÍ,SÍ,SÍ,SÍ,NO,NO,SÍ,SÍ,SÍ,NO,SÍ,NO,SÍ,NO,SÍ,SÍ,SÍ,NO,,
2025-06-05 15:24:22,05/06/2025,Sucursal Sololá Centro,Sololá,Distrito Occidente,SÍ,SÍ,SÍ,SÍ,SÍ,SÍ,SÍ,SÍ,SÍ,NO,NO,SÍ,SÍ,SÍ,SÍ,SÍ,SÍ,SÍ,NO,NO,SÍ,NO,SÍ,SÍ,SÍ,SÍ,SÍ,SÍ,SÍ,SÍ,SÍ,SÍ,SÍ,SÍ,SÍ,SÍ,SÍ,SÍ,SÍ,SÍ,Excelente servicio. La sucursal está operando en óptimas condiciones.,
2025-06-12 12:49:49,12/06/2025,Sucursal Express Toto,Totonicapán,Distrito Occidente,SÍ,SÍ,NO,SÍ,SÍ,SÍ,SÍ,SÍ,NO,NO,SÍ,SÍ,SÍ,SÍ,NO,NO,SÍ,SÍ,NO,SÍ,SÍ,NO,NO,NO,SÍ,NO,SÍ,SÍ,NO,SÍ,SÍ,SÍ,SÍ,SÍ,SÍ,NO,SÍ,SÍ,NO,SÍ,,
2025-06-27 13:06:25,27/06/2025,Sucursal Totonicapán Plaza,Totonicapán,Distrito Occidente,SÍ,SÍ,SÍ,SÍ,NO,SÍ,SÍ,SÍ,NO,SÍ,NO,SÍ,SÍ,SÍ,NO,NO,NO,SÍ,SÍ,NO,SÍ,NO,SÍ,NO,NO,SÍ,SÍ,SÍ,SÍ,SÍ,SÍ,SÍ,NO,SÍ,NO,NO,NO,SÍ,SÍ,SÍ,,
2025-06-24 12:42:44,24/06/2025,Sucursal Plaza Quic,Quiché,Distrito Occidente,NO,NO,SÍ,SÍ,NO,SÍ,NO,NO,SÍ,NO,SÍ,NO,NO,SÍ,SÍ,NO,SÍ,SÍ,NO,SÍ,SÍ,NO,NO,NO,SÍ,SÍ,SÍ,SÍ,SÍ,SÍ,NO,SÍ,SÍ,SÍ,NO,NO,NO,SÍ,SÍ,NO,,
2025-06-22 11:01:50,22/06/2025,Sucursal Quiché Plaza,Quiché,Distrito Occidente,NO,SÍ,NO,NO,NO,SÍ,SÍ,SÍ,NO,NO,NO,SÍ,SÍ,NO,NO,NO,NO,NO,SÍ,NO,SÍ,NO,NO,SÍ,SÍ,SÍ,SÍ,SÍ,NO,SÍ,SÍ,NO,NO,SÍ,SÍ,NO,NO,SÍ,NO,NO,"Se notaron deficiencias considerables, especialmente en Cobro. El personal necesita capacitación.",
2025-06-23 16:17:43,23/06/2025,Sucursal Oriente Baja,Baja Verapaz,Distrito Norte,SÍ,SÍ,SÍ,SÍ,SÍ,SÍ,NO,SÍ,SÍ,NO,SÍ,NO,SÍ,NO,SÍ,SÍ,SÍ,SÍ,NO,SÍ,SÍ,NO,SÍ,SÍ,SÍ,SÍ,NO,SÍ,SÍ,SÍ,SÍ,SÍ,SÍ,SÍ,SÍ,SÍ,SÍ,SÍ,SÍ,SÍ,,
2025-07-02 09:37:02,02/07/2025,Sucursal Centro,Guatemala,Distrito Metro,SÍ,SÍ,SÍ,SÍ,SÍ,SÍ,SÍ,SÍ,SÍ,NO,NO,SÍ,SÍ,SÍ,SÍ,NO,SÍ,SÍ,NO,SÍ,SÍ,NO,SÍ,SÍ,NO,SÍ,SÍ,NO,SÍ,SÍ,NO,SÍ,SÍ,SÍ,SÍ,SÍ,SÍ,SÍ,SÍ,SÍ,Excelente servicio. La sucursal está operando en óptimas condiciones.,
2025-07-13 18:24:18,13/07/2025,Sucursal Norte,Guatemala,Distrito Metro,SÍ,NO,SÍ,NO,NO,SÍ,NO,SÍ,SÍ,NO,NO,SÍ,NO,SÍ,NO,SÍ,NO,SÍ,SÍ,NO,NO,SÍ,SÍ,NO,SÍ,SÍ,SÍ,NO,NO,SÍ,SÍ,NO,SÍ,SÍ,SÍ,SÍ,NO,SÍ,SÍ,SÍ,"Se notaron deficiencias considerables, especialmente en Cobro. El personal necesita capacitación.",Incidencia grave en Cobro: Condiciones inaceptables de servicio o infraestructura.
2025-07-22 18:08:10,22/07/2025,Sucursal Sur,Guatemala,Distrito Metro,NO,NO,SÍ,SÍ,SÍ,SÍ,SÍ,SÍ,SÍ,NO,NO,SÍ,SÍ,SÍ,SÍ,SÍ,NO,SÍ,NO,SÍ,SÍ,NO,SÍ,SÍ,SÍ,SÍ,SÍ,NO,SÍ,SÍ,SÍ,SÍ,SÍ,SÍ,SÍ,SÍ,SÍ,SÍ,SÍ,SÍ,Excelente servicio. La sucursal está operando en óptimas condiciones.,
2025-07-13 11:19:48,13/07/2025,Sucursal Las Palmas,Guatemala,Distrito Metro,NO,SÍ,SÍ,SÍ,SÍ,SÍ,NO,NO,SÍ,NO,NO,NO,SÍ,SÍ,SÍ,SÍ,SÍ,SÍ,NO,SÍ,SÍ,NO,NO,SÍ,SÍ,SÍ,SÍ,NO,SÍ,SÍ,SÍ,SÍ,SÍ,SÍ,SÍ,SÍ,SÍ,SÍ,SÍ,SÍ,,
2025-07-17 09:05:28,17/07/2025,Sucursal Pradera,Guatemala,Distrito Metro,SÍ,SÍ,NO,NO,SÍ,NO,SÍ,SÍ,NO,NO,SÍ,SÍ,SÍ,SÍ,SÍ,SÍ,SÍ,SÍ,SÍ,SÍ,NO,NO,SÍ,SÍ,SÍ,SÍ,SÍ,SÍ,NO,SÍ,NO,SÍ,NO,NO,NO,SÍ,SÍ,SÍ,SÍ,NO,,
2025-07-27 14:44:20,27/07/2025,Sucursal Majadas,Guatemala,Distrito Metro,SÍ,SÍ,SÍ,SÍ,SÍ,SÍ,SÍ,SÍ,NO,NO,NO,SÍ,SÍ,SÍ,SÍ,SÍ,SÍ,SÍ,NO,SÍ,SÍ,SÍ,SÍ,SÍ,SÍ,SÍ,SÍ,SÍ,SÍ,SÍ,SÍ,SÍ,SÍ,SÍ,SÍ,SÍ,NO,NO,NO,SÍ,"Visita dentro del promedio, con áreas de oportunidad.",
2025-07-08 12:23:06,08/07/2025,Sucursal Vista Hermosa,Guatemala,Distrito Metro,SÍ,SÍ,SÍ,SÍ,SÍ,SÍ,SÍ,SÍ,NO,NO,NO,SÍ,SÍ,SÍ,SÍ,SÍ,SÍ,SÍ,NO,SÍ,NO,NO,SÍ,SÍ,SÍ,SÍ,SÍ,SÍ,SÍ,SÍ,SÍ,SÍ,SÍ,SÍ,SÍ,NO,SÍ,SÍ,SÍ,SÍ,Excelente servicio. La sucursal está operando en óptimas condiciones.,
2025-07-03 18:51:28,03/07/2025,Sucursal Cayalá,Guatemala,Distrito Metro,NO,SÍ,SÍ,SÍ,SÍ,NO,NO,SÍ,SÍ,SÍ,NO,NO,SÍ,NO,SÍ,SÍ,SÍ,SÍ,SÍ,SÍ,NO,SÍ,SÍ,NO,NO,SÍ,SÍ,NO,NO,NO,NO,SÍ,NO,SÍ,SÍ,SÍ,SÍ,SÍ,SÍ,SÍ,"Se notaron deficiencias considerables, especialmente en Cobro. El personal necesita capacitación.",Incidencia grave en Cobro: Condiciones inaceptables de servicio o infraestructura.
2025-07-12 15:42:32,12/07/2025,Sucursal Américas,Guatemala,Distrito Metro,SÍ,SÍ,SÍ,NO,SÍ,SÍ,SÍ,SÍ,SÍ,NO,NO,SÍ,SÍ,SÍ,SÍ,SÍ,SÍ,SÍ,NO,SÍ,SÍ,NO,SÍ,SÍ,NO,SÍ,SÍ,SÍ,SÍ,SÍ,SÍ,SÍ,SÍ,SÍ,SÍ,SÍ,SÍ,SÍ,SÍ,SÍ,Excelente servicio. La sucursal está operando en óptimas condiciones.,
2025-07-17 16:50:37,17/07/2025,Sucursal Roosevelt,Guatemala,Distrito Metro,SÍ,SÍ,SÍ,SÍ,SÍ,SÍ,SÍ,SÍ,SÍ,NO,NO,SÍ,SÍ,SÍ,SÍ,SÍ,SÍ,SÍ,NO,SÍ,SÍ,NO,SÍ,SÍ,SÍ,SÍ,SÍ,SÍ,NO,SÍ,SÍ,SÍ,SÍ,SÍ,SÍ,SÍ,SÍ,SÍ,SÍ,SÍ,Excelente servicio. La sucursal está operando en óptimas condiciones.,
2025-07-03 11:05:02,03/07/2025,Sucursal Portales,Guatemala,Distrito Metro,SÍ,SÍ,SÍ,SÍ,SÍ,SÍ,SÍ,SÍ,SÍ,NO,SÍ,SÍ,SÍ,SÍ,SÍ,NO,SÍ,SÍ,NO,NO,SÍ,NO,NO,SÍ,SÍ,NO,SÍ,SÍ,SÍ,SÍ,NO,SÍ,SÍ,SÍ,SÍ,NO,NO,SÍ,SÍ,NO,"Visita dentro del promedio, con áreas de oportunidad.",
2025-07-07 08:34:52,07/07/2025,Sucursal Naranjo,Guatemala,Distrito Metro,NO,SÍ,NO,SÍ,SÍ,NO,NO,NO,SÍ,SÍ,NO,SÍ,SÍ,SÍ,NO,SÍ,SÍ,SÍ,NO,SÍ,SÍ,NO,NO,SÍ,SÍ,NO,SÍ,NO,SÍ,NO,SÍ,SÍ,SÍ,SÍ,NO,SÍ,SÍ,SÍ,NO,NO,,
2025-07-03 12:11:19,03/07/2025,Sucursal San Cristóbal,Guatemala,Distrito Metro,SÍ,NO,NO,NO,NO,SÍ,NO,SÍ,SÍ,SÍ,NO,SÍ,NO,SÍ,SÍ,SÍ,SÍ,NO,NO,SÍ,NO,SÍ,SÍ,SÍ,NO,SÍ,SÍ,SÍ,SÍ,NO,NO,NO,NO,NO,NO,SÍ,SÍ,NO,NO,SÍ,"Se notaron deficiencias considerables, especialmente en Cobro. El personal necesita capacitación.",
2025-07-15 11:14:16,15/07/2025,Sucursal Muxbal,Guatemala,Distrito Metro,SÍ,SÍ,SÍ,SÍ,SÍ,SÍ,SÍ,SÍ,SÍ,SÍ,NO,SÍ,NO,NO,SÍ,SÍ,SÍ,SÍ,NO,SÍ,SÍ,NO,SÍ,SÍ,SÍ,SÍ,NO,NO,SÍ,SÍ,SÍ,SÍ,SÍ,SÍ,SÍ,SÍ,NO,SÍ,SÍ,SÍ,,
2025-07-18 11:51:32,18/07/2025,Sucursal Carretera,Guatemala,Distrito Metro,SÍ,SÍ,SÍ,SÍ,SÍ,SÍ,SÍ,SÍ,SÍ,NO,NO,SÍ,SÍ,SÍ,SÍ,SÍ,SÍ,SÍ,NO,SÍ,SÍ,NO,SÍ,SÍ,SÍ,SÍ,SÍ,SÍ,SÍ,SÍ,SÍ,SÍ,SÍ,SÍ,SÍ,SÍ,SÍ,SÍ,SÍ,SÍ,Excelente servicio. La sucursal está operando en óptimas condiciones.,
2025-07-06 15:24:46,06/07/2025,Sucursal Zonal,Guatemala,Distrito Metro,SÍ,SÍ,SÍ,SÍ,SÍ,SÍ,SÍ,SÍ,NO,NO,NO,SÍ,SÍ,NO,NO,SÍ,NO,SÍ,SÍ,SÍ,NO,NO,SÍ,NO,SÍ,SÍ,SÍ,SÍ,NO,SÍ,SÍ,SÍ,NO,SÍ,SÍ,SÍ,NO,NO,SÍ,SÍ,,
2025-07-23 12:26:15,23/07/2025,Sucursal Express,Guatemala,Distrito Metro,SÍ,NO,SÍ,SÍ,SÍ,NO,SÍ,SÍ,SÍ,NO,NO,SÍ,SÍ,SÍ,NO,SÍ,SÍ,NO,NO,SÍ,SÍ,NO,SÍ,SÍ,SÍ,SÍ,SÍ,SÍ,SÍ,SÍ,SÍ,SÍ,NO,SÍ,SÍ,NO,SÍ,SÍ,SÍ,SÍ,,
2025-07-25 10:26:10,25/07/2025,Sucursal San Miguel,Guatemala,Distrito Metro,SÍ,SÍ,SÍ,SÍ,SÍ,SÍ,SÍ,NO,SÍ,NO,NO,SÍ,SÍ,NO,NO,NO,SÍ,SÍ,NO,NO,SÍ,NO,SÍ,SÍ,SÍ,SÍ,SÍ,SÍ,SÍ,SÍ,SÍ,SÍ,NO,NO,NO,NO,NO,SÍ,SÍ,SÍ,,
2025-07-12 17:28:05,12/07/2025,Sucursal Villa Nueva,Guatemala,Distrito Metro,SÍ,SÍ,SÍ,SÍ,SÍ,SÍ,SÍ,NO,SÍ,NO,NO,SÍ,SÍ,SÍ,NO,SÍ,SÍ,SÍ,NO,SÍ,SÍ,NO,SÍ,SÍ,SÍ,NO,SÍ,SÍ,SÍ,NO,SÍ,NO,NO,NO,NO,SÍ,NO,SÍ,NO,SÍ,,
2025-07-19 09:46:22,19/07/2025,Sucursal Petapa,Guatemala,Distrito Metro,SÍ,NO,NO,SÍ,SÍ,SÍ,NO,NO,SÍ,NO,NO,NO,SÍ,SÍ,SÍ,NO,NO,SÍ,NO,SÍ,SÍ,NO,SÍ,NO,SÍ,SÍ,SÍ,SÍ,SÍ,SÍ,NO,NO,NO,SÍ,NO,SÍ,SÍ,SÍ,SÍ,NO,,
2025-07-26 16:51:16,26/07/2025,Sucursal Mixco,Guatemala,Distrito Metro,SÍ,NO,NO,SÍ,NO,SÍ,SÍ,NO,SÍ,NO,SÍ,SÍ,SÍ,SÍ,SÍ,NO,NO,SÍ,NO,NO,NO,NO,NO,NO,SÍ,SÍ,NO,NO,SÍ,SÍ,SÍ,SÍ,NO,SÍ,SÍ,NO,SÍ,SÍ,SÍ,SÍ,,
2025-07-25 08:17:57,25/07/2025,Sucursal San José,Guatemala,Distrito Metro,NO,SÍ,NO,NO,SÍ,NO,NO,SÍ,SÍ,NO,NO,NO,NO,SÍ,NO,NO,SÍ,NO,NO,SÍ,SÍ,NO,SÍ,SÍ,SÍ,NO,SÍ,SÍ,NO,NO,SÍ,SÍ,NO,SÍ,SÍ,SÍ,SÍ,SÍ,SÍ,NO,,
2025-07-21 12:26:11,21/07/2025,Sucursal Santa Catarina,Guatemala,Distrito Metro,SÍ,SÍ,SÍ,SÍ,NO,SÍ,SÍ,SÍ,SÍ,NO,SÍ,SÍ,SÍ,SÍ,NO,NO,SÍ,SÍ,NO,NO,NO,NO,SÍ,SÍ,SÍ,SÍ,SÍ,SÍ,SÍ,SÍ,SÍ,SÍ,SÍ,SÍ,NO,NO,NO,SÍ,SÍ,SÍ,,
2025-07-27 15:40:44,27/07/2025,Sucursal Pinula,Guatemala,Distrito Metro,SÍ,NO,SÍ,SÍ,SÍ,SÍ,SÍ,SÍ,SÍ,NO,NO,SÍ,SÍ,SÍ,SÍ,SÍ,SÍ,SÍ,NO,SÍ,SÍ,NO,SÍ,NO,SÍ,SÍ,SÍ,SÍ,SÍ,SÍ,SÍ,SÍ,SÍ,SÍ,SÍ,SÍ,SÍ,SÍ,NO,SÍ,Excelente servicio. La sucursal está operando en óptimas condiciones.,
2025-07-21 15:24:49,21/07/2025,Sucursal Boca del Monte,Guatemala,Distrito Metro,SÍ,SÍ,SÍ,SÍ,SÍ,NO,NO,SÍ,SÍ,SÍ,NO,NO,SÍ,SÍ,SÍ,SÍ,SÍ,SÍ,NO,SÍ,SÍ,NO,SÍ,NO,SÍ,SÍ,SÍ,SÍ,NO,SÍ,SÍ,SÍ,SÍ,SÍ,SÍ,SÍ,SÍ,SÍ,SÍ,SÍ,,
2025-07-18 12:46:34,18/07/2025,Sucursal Atlántico,Guatemala,Distrito Metro,SÍ,SÍ,SÍ,NO,SÍ,SÍ,NO,SÍ,SÍ,SÍ,SÍ,NO,NO,SÍ,NO,NO,SÍ,SÍ,SÍ,SÍ,SÍ,NO,NO,SÍ,SÍ,NO,NO,NO,NO,NO,NO,SÍ,SÍ,NO,SÍ,NO,SÍ,SÍ,SÍ,SÍ,"Se notaron deficiencias considerables, especialmente en Cobro. El personal necesita capacitación.",Incidencia grave en Cobro: Condiciones inaceptables de servicio o infraestructura.
2025-07-11 13:46:29,11/07/2025,Sucursal Pacífico,Guatemala,Distrito Metro,SÍ,NO,NO,SÍ,NO,SÍ,SÍ,NO,SÍ,NO,SÍ,NO,NO,NO,NO,NO,SÍ,NO,NO,SÍ,NO,NO,SÍ,SÍ,SÍ,SÍ,SÍ,NO,SÍ,NO,NO,SÍ,SÍ,NO,SÍ,SÍ,SÍ,SÍ,NO,NO,"Se notaron deficiencias considerables, especialmente en Cobro. El personal necesita capacitación.",
2025-07-09 12:41:31,09/07/2025,Sucursal Aguilar Batres,Guatemala,Distrito Metro,SÍ,SÍ,SÍ,SÍ,SÍ,SÍ,SÍ,SÍ,NO,NO,SÍ,SÍ,NO,SÍ,NO,SÍ,SÍ,NO,NO,NO,NO,NO,SÍ,SÍ,SÍ,SÍ,SÍ,SÍ,SÍ,SÍ,SÍ,NO,NO,NO,NO,NO,SÍ,SÍ,NO,SÍ,,
2025-07-09 12:27:09,09/07/2025,Sucursal Avenida,Guatemala,Distrito Metro,NO,SÍ,SÍ,NO,SÍ,NO,NO,NO,NO,NO,NO,NO,NO,SÍ,NO,SÍ,SÍ,SÍ,NO,SÍ,SÍ,NO,SÍ,NO,SÍ,SÍ,SÍ,SÍ,SÍ,SÍ,NO,NO,NO,SÍ,SÍ,SÍ,NO,SÍ,SÍ,SÍ,,
2025-07-09 13:28:09,09/07/2025,Sucursal Boulevard,Guatemala,Distrito Metro,SÍ,NO,SÍ,SÍ,SÍ,SÍ,NO,SÍ,SÍ,NO,SÍ,SÍ,SÍ,NO,SÍ,SÍ,SÍ,SÍ,NO,SÍ,SÍ,NO,SÍ,NO,SÍ,SÍ,SÍ,SÍ,SÍ,SÍ,SÍ,SÍ,SÍ,SÍ,SÍ,SÍ,SÍ,SÍ,NO,NO,,
2025-07-18 12:06:10,18/07/2025,Sucursal Quetzaltenango Norte,Quetzaltenango,Distrito Occidente,NO,SÍ,NO,SÍ,SÍ,NO,NO,SÍ,SÍ,NO,NO,NO,SÍ,NO,SÍ,NO,NO,SÍ,NO,SÍ,SÍ,SÍ,SÍ,SÍ,SÍ,SÍ,SÍ,SÍ,SÍ,SÍ,NO,NO,SÍ,SÍ,SÍ,SÍ,NO,SÍ,SÍ,NO,,
2025-07-07 11:36:18,07/07/2025,Sucursal Terminal Quet,Quetzaltenango,Distrito Occidente,SÍ,SÍ,SÍ,SÍ,SÍ,SÍ,SÍ,SÍ,NO,NO,NO,SÍ,SÍ,SÍ,NO,SÍ,SÍ,NO,NO,SÍ,SÍ,NO,SÍ,SÍ,SÍ,SÍ,SÍ,NO,SÍ,SÍ,SÍ,SÍ,NO,SÍ,SÍ,SÍ,SÍ,SÍ,SÍ,SÍ,,
2025-07-19 13:52:04,19/07/2025,Sucursal Quetzaltenango Centro,Quetzaltenango,Distrito Occidente,SÍ,SÍ,SÍ,SÍ,SÍ,SÍ,SÍ,SÍ,SÍ,NO,NO,SÍ,SÍ,SÍ,SÍ,SÍ,SÍ,SÍ,NO,SÍ,SÍ,NO,SÍ,SÍ,SÍ,SÍ,SÍ,SÍ,SÍ,SÍ,SÍ,SÍ,SÍ,SÍ,SÍ,SÍ,SÍ,SÍ,SÍ,SÍ,Excelente servicio. La sucursal está operando en óptimas condiciones.,
2025-07-11 14:01:03,11/07/2025,Sucursal Llanos Quet,Quetzaltenango,Distrito Occidente,SÍ,SÍ,SÍ,SÍ,SÍ,NO,NO,NO,NO,NO,NO,SÍ,NO,SÍ,SÍ,SÍ,SÍ,NO,NO,SÍ,SÍ,NO,SÍ,SÍ,SÍ,SÍ,NO,SÍ,SÍ,SÍ,SÍ,SÍ,SÍ,NO,SÍ,NO,SÍ,SÍ,SÍ,NO,,
2025-07-25 12:13:43,25/07/2025,Sucursal Quetzaltenango Norte,Quetzaltenango,Distrito Occidente,SÍ,SÍ,SÍ,NO,SÍ,SÍ,SÍ,NO,SÍ,SÍ,NO,SÍ,NO,SÍ,SÍ,NO,SÍ,SÍ,SÍ,SÍ,SÍ,SÍ,SÍ,SÍ,NO,SÍ,NO,NO,NO,SÍ,NO,SÍ,SÍ,SÍ,SÍ,SÍ,NO,SÍ,SÍ,NO,,
2025-07-19 18:28:04,19/07/2025,Sucursal Sur Quet,Quetzaltenango,Distrito Occidente,SÍ,SÍ,SÍ,SÍ,NO,SÍ,SÍ,NO,SÍ,SÍ,NO,SÍ,SÍ,NO,NO,SÍ,SÍ,SÍ,NO,SÍ,NO,NO,SÍ,NO,SÍ,NO,SÍ,SÍ,SÍ,SÍ,SÍ,NO,NO,SÍ,NO,SÍ,NO,SÍ,SÍ,SÍ,"Visita dentro del promedio, con áreas de oportunidad.",
2025-07-24 17:25:16,24/07/2025,Sucursal Escuintla Centro,Escuintla,Distrito Sur,SÍ,NO,SÍ,SÍ,SÍ,SÍ,SÍ,SÍ,SÍ,NO,NO,SÍ,SÍ,SÍ,SÍ,SÍ,SÍ,SÍ,NO,SÍ,SÍ,NO,SÍ,SÍ,SÍ,SÍ,SÍ,SÍ,SÍ,SÍ,SÍ,SÍ,SÍ,SÍ,SÍ,SÍ,SÍ,SÍ,SÍ,SÍ,Excelente servicio. La sucursal está operando en óptimas condiciones.,
2025-07-24 18:19:50,24/07/2025,Sucursal Mercado Escu,Escuintla,Distrito Sur,SÍ,SÍ,SÍ,SÍ,SÍ,SÍ,SÍ,NO,SÍ,NO,NO,SÍ,SÍ,SÍ,SÍ,SÍ,SÍ,SÍ,NO,SÍ,SÍ,NO,SÍ,SÍ,SÍ,SÍ,SÍ,NO,NO,NO,SÍ,NO,SÍ,SÍ,SÍ,SÍ,SÍ,SÍ,SÍ,SÍ,,
2025-07-06 10:42:05,06/07/2025,Sucursal Escuintla Norte,Escuintla,Distrito Sur,SÍ,SÍ,SÍ,SÍ,NO,SÍ,SÍ,SÍ,SÍ,NO,NO,SÍ,SÍ,SÍ,SÍ,SÍ,SÍ,SÍ,NO,SÍ,SÍ,NO,SÍ,SÍ,SÍ,NO,SÍ,SÍ,SÍ,SÍ,SÍ,SÍ,NO,SÍ,SÍ,SÍ,NO,SÍ,SÍ,SÍ,"Visita dentro del promedio, con áreas de oportunidad.",
2025-07-08 09:22:40,08/07/2025,Sucursal Occidente Escu,Escuintla,Distrito Sur,NO,SÍ,SÍ,NO,NO,NO,SÍ,NO,SÍ,NO,NO,NO,SÍ,NO,SÍ,NO,NO,SÍ,NO,NO,SÍ,NO,NO,SÍ,SÍ,NO,SÍ,SÍ,NO,NO,SÍ,NO,NO,SÍ,SÍ,SÍ,NO,SÍ,NO,NO,"Se notaron deficiencias considerables, especialmente en Cobro. El personal necesita capacitación.",
2025-07-20 17:25:11,20/07/2025,Sucursal Escuintla Norte,Escuintla,Distrito Sur,NO,SÍ,SÍ,SÍ,SÍ,SÍ,NO,NO,SÍ,NO,NO,SÍ,SÍ,SÍ,NO,SÍ,SÍ,SÍ,SÍ,SÍ,NO,NO,NO,NO,SÍ,SÍ,NO,SÍ,NO,SÍ,SÍ,SÍ,NO,SÍ,SÍ,NO,SÍ,SÍ,SÍ,NO,,
2025-07-10 16:34:50,10/07/2025,Sucursal Norte Escu,Escuintla,Distrito Sur,NO,SÍ,NO,SÍ,NO,SÍ,SÍ,SÍ,NO,NO,SÍ,NO,SÍ,NO,SÍ,NO,SÍ,SÍ,NO,NO,NO,NO,NO,SÍ,SÍ,NO,SÍ,SÍ,SÍ,SÍ,SÍ,SÍ,SÍ,SÍ,NO,SÍ,SÍ,SÍ,SÍ,NO,,
2025-07-22 11:57:34,22/07/2025,Sucursal Sacatepéquez Norte,Sacatepéquez,Distrito Central,NO,SÍ,SÍ,SÍ,NO,SÍ,SÍ,NO,SÍ,NO,NO,NO,NO,NO,SÍ,SÍ,SÍ,SÍ,NO,SÍ,NO,NO,SÍ,SÍ,SÍ,SÍ,SÍ,NO,SÍ,SÍ,SÍ,SÍ,SÍ,NO,SÍ,NO,SÍ,SÍ,NO,SÍ,,
2025-07-05 12:17:21,05/07/2025,Sucursal Central Saca,Sacatepéquez,Distrito Central,SÍ,SÍ,SÍ,SÍ,NO,SÍ,SÍ,SÍ,SÍ,SÍ,SÍ,SÍ,SÍ,SÍ,SÍ,NO,SÍ,SÍ,NO,NO,NO,NO,SÍ,SÍ,SÍ,SÍ,SÍ,SÍ,SÍ,SÍ,NO,SÍ,SÍ,NO,NO,SÍ,NO,SÍ,SÍ,SÍ,,
2025-07-26 13:44:35,26/07/2025,Sucursal Sacatepéquez Centro,Sacatepéquez,Distrito Central,SÍ,SÍ,SÍ,SÍ,SÍ,SÍ,SÍ,SÍ,SÍ,NO,NO,SÍ,SÍ,NO,SÍ,SÍ,SÍ,NO,NO,SÍ,SÍ,NO,SÍ,SÍ,NO,NO,SÍ,NO,NO,SÍ,SÍ,SÍ,SÍ,SÍ,NO,SÍ,SÍ,SÍ,SÍ,SÍ,"Visita dentro del promedio, con áreas de oportunidad.",
2025-07-20 15:36:18,20/07/2025,Sucursal Terminal Saca,Sacatepéquez,Distrito Central,SÍ,SÍ,SÍ,NO,SÍ,SÍ,NO,SÍ,SÍ,NO,SÍ,SÍ,SÍ,SÍ,NO,NO,SÍ,NO,SÍ,SÍ,NO,NO,SÍ,SÍ,SÍ,SÍ,SÍ,NO,SÍ,SÍ,SÍ,NO,SÍ,SÍ,SÍ,NO,SÍ,SÍ,SÍ,NO,,
2025-07-24 09:03:49,24/07/2025,Sucursal Sacatepéquez Norte,Sacatepéquez,Distrito Central,SÍ,SÍ,SÍ,SÍ,SÍ,SÍ,SÍ,SÍ,SÍ,NO,NO,SÍ,SÍ,SÍ,SÍ,SÍ,SÍ,SÍ,NO,SÍ,SÍ,SÍ,SÍ,SÍ,SÍ,SÍ,SÍ,SÍ,SÍ,SÍ,SÍ,SÍ,SÍ,SÍ,SÍ,SÍ,SÍ,NO,SÍ,SÍ,Excelente servicio. La sucursal está operando en óptimas condiciones.,
2025-07-10 15:20:56,10/07/2025,Sucursal Avenida Chim,Chimaltenango,Distrito Central,SÍ,SÍ,NO,NO,SÍ,SÍ,SÍ,SÍ,SÍ,SÍ,NO,SÍ,SÍ,NO,SÍ,SÍ,SÍ,SÍ,SÍ,SÍ,SÍ,SÍ,NO,SÍ,SÍ,NO,SÍ,SÍ,SÍ,SÍ,NO,SÍ,SÍ,SÍ,NO,NO,NO,SÍ,SÍ,NO,,
2025-07-20 18:57:18,20/07/2025,Sucursal Chimaltenango Centro,Chimaltenango,Distrito Central,SÍ,SÍ,SÍ,SÍ,SÍ,SÍ,SÍ,SÍ,SÍ,SÍ,NO,SÍ,SÍ,SÍ,SÍ,SÍ,SÍ,SÍ,NO,NO,SÍ,NO,SÍ,SÍ,SÍ,SÍ,SÍ,SÍ,NO,SÍ,SÍ,SÍ,SÍ,SÍ,SÍ,NO,NO,NO,SÍ,SÍ,,
2025-07-07 17:43:43,07/07/2025,Sucursal Plaza Chim,Chimaltenango,Distrito Central,SÍ,SÍ,SÍ,SÍ,SÍ,SÍ,SÍ,SÍ,NO,NO,NO,NO,SÍ,SÍ,SÍ,SÍ,SÍ,SÍ,NO,NO,SÍ,NO,SÍ,SÍ,SÍ,SÍ,SÍ,NO,SÍ,SÍ,SÍ,SÍ,NO,SÍ,SÍ,SÍ,SÍ,NO,NO,SÍ,,
2025-07-03 10:54:30,03/07/2025,Sucursal Chimaltenango Plaza,Chimaltenango,Distrito Central,SÍ,NO,NO,SÍ,SÍ,NO,SÍ,NO,SÍ,NO,NO,SÍ,NO,SÍ,SÍ,SÍ,SÍ,SÍ,NO,SÍ,SÍ,NO,NO,SÍ,NO,NO,SÍ,SÍ,SÍ,SÍ,NO,SÍ,NO,NO,SÍ,SÍ,SÍ,NO,NO,SÍ,"Visita dentro del promedio, con áreas de oportunidad.",
2025-07-20 10:38:40,20/07/2025,Sucursal Avenida Alta,Alta Verapaz,Distrito Norte,SÍ,SÍ,SÍ,SÍ,NO,SÍ,SÍ,SÍ,SÍ,NO,SÍ,NO,SÍ,SÍ,SÍ,SÍ,SÍ,SÍ,SÍ,SÍ,SÍ,NO,NO,SÍ,SÍ,SÍ,SÍ,NO,NO,SÍ,NO,SÍ,SÍ,NO,SÍ,SÍ,NO,SÍ,SÍ,NO,,
2025-07-08 18:57:41,08/07/2025,Sucursal Alta Verapaz Plaza,Alta Verapaz,Distrito Norte,NO,SÍ,SÍ,SÍ,SÍ,SÍ,NO,SÍ,NO,NO,NO,NO,SÍ,NO,SÍ,NO,NO,SÍ,NO,SÍ,SÍ,NO,SÍ,NO,SÍ,NO,NO,NO,NO,NO,SÍ,SÍ,NO,SÍ,SÍ,SÍ,SÍ,NO,SÍ,SÍ,"Visita dentro del promedio, con áreas de oportunidad.",
2025-07-18 11:46:53,18/07/2025,Sucursal Express Alta,Alta Verapaz,Distrito Norte,NO,SÍ,SÍ,SÍ,NO,SÍ,SÍ,NO,SÍ,NO,NO,SÍ,SÍ,SÍ,NO,NO,SÍ,NO,SÍ,SÍ,SÍ,SÍ,SÍ,SÍ,SÍ,SÍ,SÍ,NO,SÍ,SÍ,SÍ,SÍ,NO,NO,SÍ,NO,SÍ,SÍ,NO,NO,"Visita dentro del promedio, con áreas de oportunidad.",
2025-07-13 14:31:44,13/07/2025,Sucursal Alta Verapaz Centro,Alta Verapaz,Distrito Norte,SÍ,SÍ,SÍ,SÍ,SÍ,SÍ,SÍ,SÍ,NO,NO,SÍ,SÍ,SÍ,SÍ,NO,NO,SÍ,SÍ,NO,NO,SÍ,NO,SÍ,NO,SÍ,NO,SÍ,SÍ,SÍ,NO,SÍ,SÍ,NO,SÍ,NO,NO,SÍ,SÍ,SÍ,SÍ,"Visita dentro del promedio, con áreas de oportunidad.",
2025-07-06 12:52:39,06/07/2025,Sucursal Centro Peté,Petén,Distrito Norte,SÍ,SÍ,SÍ,SÍ,SÍ,SÍ,SÍ,SÍ,SÍ,NO,NO,SÍ,SÍ,SÍ,NO,SÍ,SÍ,SÍ,NO,SÍ,SÍ,NO,SÍ,SÍ,SÍ,SÍ,SÍ,SÍ,NO,SÍ,SÍ,SÍ,NO,SÍ,SÍ,SÍ,SÍ,SÍ,SÍ,SÍ,Excelente servicio. La sucursal está operando en óptimas condiciones.,
2025-07-18 18:36:25,18/07/2025,Sucursal Petén Plaza,Petén,Distrito Norte,SÍ,NO,NO,SÍ,NO,SÍ,NO,SÍ,NO,NO,NO,SÍ,SÍ,SÍ,SÍ,SÍ,SÍ,SÍ,NO,NO,SÍ,NO,SÍ,SÍ,NO,SÍ,NO,SÍ,NO,NO,SÍ,NO,SÍ,SÍ,SÍ,SÍ,SÍ,SÍ,NO,NO,,
2025-07-05 17:26:09,05/07/2025,Sucursal Avenida Peté,Petén,Distrito Norte,SÍ,NO,NO,SÍ,NO,SÍ,NO,SÍ,SÍ,NO,SÍ,SÍ,NO,SÍ,NO,SÍ,SÍ,SÍ,SÍ,SÍ,SÍ,NO,SÍ,SÍ,SÍ,SÍ,SÍ,SÍ,SÍ,SÍ,NO,NO,SÍ,SÍ,SÍ,NO,NO,NO,SÍ,NO,,
2025-07-25 18:47:18,25/07/2025,Sucursal Izabal Centro,Izabal,Distrito Oriente,NO,NO,SÍ,SÍ,NO,SÍ,SÍ,SÍ,SÍ,SÍ,NO,SÍ,SÍ,SÍ,NO,SÍ,SÍ,NO,NO,SÍ,SÍ,NO,SÍ,SÍ,SÍ,SÍ,SÍ,SÍ,NO,NO,SÍ,NO,SÍ,SÍ,NO,SÍ,SÍ,SÍ,SÍ,SÍ,,
2025-07-23 18:52:46,23/07/2025,Sucursal Express Izab,Izabal,Distrito Oriente,SÍ,SÍ,NO,SÍ,SÍ,NO,NO,SÍ,SÍ,NO,NO,SÍ,SÍ,SÍ,SÍ,SÍ,NO,NO,NO,NO,SÍ,NO,SÍ,SÍ,SÍ,SÍ,SÍ,NO,SÍ,SÍ,SÍ,SÍ,SÍ,SÍ,SÍ,SÍ,SÍ,NO,SÍ,SÍ,"Visita dentro del promedio, con áreas de oportunidad.",
2025-07-18 08:52:38,18/07/2025,Sucursal Izabal Centro,Izabal,Distrito Oriente,SÍ,NO,SÍ,SÍ,SÍ,SÍ,NO,NO,SÍ,NO,NO,NO,SÍ,SÍ,SÍ,SÍ,SÍ,NO,NO,SÍ,SÍ,NO,SÍ,NO,SÍ,SÍ,SÍ,NO,SÍ,NO,SÍ,SÍ,SÍ,NO,SÍ,SÍ,SÍ,SÍ,SÍ,SÍ,,
2025-07-06 10:03:11,06/07/2025,Sucursal Centro San ,San Marcos,Distrito Occidente,SÍ,SÍ,SÍ,SÍ,SÍ,SÍ,SÍ,SÍ,SÍ,NO,NO,SÍ,SÍ,SÍ,SÍ,SÍ,NO,SÍ,NO,SÍ,SÍ,NO,SÍ,NO,NO,SÍ,SÍ,SÍ,SÍ,SÍ,NO,SÍ,SÍ,SÍ,SÍ,SÍ,SÍ,SÍ,SÍ,SÍ,Excelente servicio. La sucursal está operando en óptimas condiciones.,
2025-07-20 17:52:27,20/07/2025,Sucursal San Marcos Norte,San Marcos,Distrito Occidente,SÍ,NO,SÍ,NO,SÍ,SÍ,NO,NO,SÍ,NO,NO,SÍ,SÍ,SÍ,SÍ,SÍ,SÍ,NO,NO,SÍ,SÍ,NO,SÍ,NO,NO,NO,SÍ,SÍ,NO,SÍ,SÍ,SÍ,NO,SÍ,NO,NO,NO,SÍ,NO,SÍ,,
2025-07-24 17:58:15,24/07/2025,Sucursal Central San ,San Marcos,Distrito Occidente,SÍ,SÍ,NO,SÍ,SÍ,SÍ,SÍ,NO,NO,SÍ,SÍ,NO,SÍ,SÍ,SÍ,NO,SÍ,SÍ,NO,SÍ,SÍ,NO,SÍ,SÍ,SÍ,NO,NO,SÍ,SÍ,NO,SÍ,SÍ,SÍ,NO,NO,NO,SÍ,SÍ,SÍ,NO,,
2025-07-04 18:16:25,04/07/2025,Sucursal Huehuetenango Norte,Huehuetenango,Distrito Occidente,SÍ,NO,SÍ,SÍ,SÍ,SÍ,SÍ,SÍ,SÍ,NO,NO,SÍ,SÍ,SÍ,SÍ,NO,SÍ,SÍ,NO,SÍ,SÍ,NO,SÍ,NO,NO,NO,SÍ,NO,NO,NO,SÍ,NO,NO,SÍ,SÍ,SÍ,SÍ,SÍ,SÍ,NO,,
2025-07-26 17:40:40,26/07/2025,Sucursal Occidente Hueh,Huehuetenango,Distrito Occidente,SÍ,NO,NO,SÍ,NO,SÍ,SÍ,SÍ,SÍ,NO,NO,SÍ,NO,SÍ,SÍ,SÍ,SÍ,NO,NO,SÍ,SÍ,NO,SÍ,SÍ,NO,SÍ,NO,SÍ,SÍ,SÍ,SÍ,NO,NO,SÍ,SÍ,NO,SÍ,NO,NO,SÍ,,
2025-07-23 17:30:11,23/07/2025,Sucursal Huehuetenango Norte,Huehuetenango,Distrito Occidente,SÍ,NO,SÍ,SÍ,NO,SÍ,SÍ,SÍ,SÍ,NO,SÍ,SÍ,SÍ,NO,NO,NO,SÍ,NO,SÍ,SÍ,SÍ,NO,NO,NO,SÍ,SÍ,NO,SÍ,SÍ,NO,SÍ,SÍ,SÍ,SÍ,SÍ,NO,SÍ,NO,SÍ,SÍ,,
2025-07-20 12:41:15,20/07/2025,Sucursal Brisas Juti,Jutiapa,Distrito Oriente,SÍ,SÍ,SÍ,NO,SÍ,SÍ,SÍ,SÍ,SÍ,SÍ,NO,SÍ,NO,SÍ,SÍ,SÍ,SÍ,SÍ,NO,SÍ,NO,NO,SÍ,SÍ,SÍ,SÍ,SÍ,SÍ,SÍ,NO,SÍ,NO,NO,SÍ,SÍ,SÍ,SÍ,SÍ,SÍ,SÍ,,
2025-07-12 09:13:54,12/07/2025,Sucursal Jutiapa Plaza,Jutiapa,Distrito Oriente,SÍ,SÍ,SÍ,SÍ,SÍ,SÍ,SÍ,SÍ,SÍ,NO,NO,SÍ,SÍ,SÍ,SÍ,SÍ,SÍ,SÍ,NO,SÍ,SÍ,NO,SÍ,SÍ,SÍ,SÍ,SÍ,SÍ,SÍ,SÍ,SÍ,SÍ,SÍ,SÍ,SÍ,SÍ,SÍ,NO,SÍ,SÍ,Excelente servicio. La sucursal está operando en óptimas condiciones.,
2025-07-27 15:01:21,27/07/2025,Sucursal Llanos Zaca,Zacapa,Distrito Oriente,NO,NO,SÍ,NO,SÍ,SÍ,SÍ,NO,NO,SÍ,SÍ,SÍ,SÍ,SÍ,NO,NO,SÍ,NO,NO,SÍ,NO,NO,NO,SÍ,SÍ,SÍ,NO,SÍ,NO,SÍ,SÍ,NO,SÍ,NO,SÍ,NO,NO,NO,SÍ,NO,"Se notaron deficiencias considerables, especialmente en Cobro. El personal necesita capacitación.",
2025-07-21 12:00:52,21/07/2025,Sucursal Zacapa Plaza,Zacapa,Distrito Oriente,NO,NO,SÍ,NO,SÍ,NO,NO,NO,SÍ,SÍ,NO,NO,SÍ,NO,SÍ,NO,SÍ,NO,SÍ,NO,SÍ,SÍ,SÍ,NO,NO,SÍ,NO,NO,SÍ,SÍ,SÍ,NO,SÍ,NO,SÍ,SÍ,NO,SÍ,NO,SÍ,"Se notaron deficiencias considerables, especialmente en Cobro. El personal necesita capacitación.",
2025-07-12 15:43:33,12/07/2025,Sucursal Parque Reta,Retalhuleu,Distrito Sur,SÍ,SÍ,NO,SÍ,SÍ,NO,SÍ,SÍ,SÍ,NO,NO,SÍ,SÍ,SÍ,SÍ,SÍ,NO,NO,NO,NO,SÍ,NO,SÍ,SÍ,NO,NO,NO,NO,SÍ,NO,SÍ,NO,SÍ,NO,NO,SÍ,SÍ,SÍ,SÍ,SÍ,,
2025-07-17 08:08:12,17/07/2025,Sucursal Retalhuleu Norte,Retalhuleu,Distrito Sur,SÍ,SÍ,SÍ,NO,NO,SÍ,SÍ,SÍ,NO,NO,SÍ,SÍ,SÍ,SÍ,NO,NO,SÍ,SÍ,NO,SÍ,NO,NO,NO,SÍ,SÍ,NO,NO,SÍ,NO,SÍ,NO,SÍ,SÍ,SÍ,NO,NO,NO,SÍ,SÍ,SÍ,,
2025-07-26 14:27:16,26/07/2025,Sucursal Terminal Such,Suchitepéquez,Distrito Sur,SÍ,SÍ,NO,SÍ,NO,SÍ,SÍ,NO,SÍ,NO,SÍ,SÍ,SÍ,SÍ,NO,SÍ,NO,SÍ,NO,SÍ,SÍ,NO,NO,SÍ,SÍ,SÍ,NO,NO,NO,SÍ,SÍ,SÍ,SÍ,NO,SÍ,NO,NO,SÍ,NO,SÍ,"Visita dentro del promedio, con áreas de oportunidad.",
2025-07-13 14:43:48,13/07/2025,Sucursal Suchitepéquez Centro,Suchitepéquez,Distrito Sur,SÍ,NO,NO,SÍ,SÍ,SÍ,SÍ,NO,SÍ,NO,NO,SÍ,SÍ,SÍ,SÍ,SÍ,SÍ,NO,NO,SÍ,NO,NO,NO,SÍ,SÍ,SÍ,NO,SÍ,SÍ,SÍ,SÍ,NO,SÍ,NO,SÍ,SÍ,SÍ,SÍ,SÍ,SÍ,,
2025-07-24 14:14:11,24/07/2025,Sucursal Parque Sant,Santa Rosa,Distrito Sur,SÍ,SÍ,SÍ,SÍ,SÍ,SÍ,SÍ,SÍ,SÍ,NO,NO,SÍ,SÍ,SÍ,SÍ,SÍ,SÍ,SÍ,NO,SÍ,SÍ,NO,SÍ,NO,NO,NO,NO,SÍ,NO,NO,SÍ,SÍ,SÍ,SÍ,SÍ,SÍ,SÍ,SÍ,SÍ,SÍ,,
2025-07-18 14:42:33,18/07/2025,Sucursal Santa Rosa Centro,Santa Rosa,Distrito Sur,SÍ,SÍ,NO,SÍ,NO,SÍ,SÍ,SÍ,SÍ,NO,NO,SÍ,NO,NO,SÍ,SÍ,SÍ,SÍ,SÍ,NO,NO,NO,NO,NO,SÍ,NO,SÍ,SÍ,SÍ,NO,NO,NO,NO,SÍ,SÍ,NO,NO,SÍ,NO,SÍ,"Se notaron deficiencias considerables, especialmente en Cobro. El personal necesita capacitación.",
2025-07-23 13:21:32,23/07/2025,Sucursal Parque El P,El Progreso,Distrito Oriente,SÍ,NO,SÍ,SÍ,SÍ,SÍ,SÍ,SÍ,NO,NO,NO,SÍ,SÍ,SÍ,SÍ,SÍ,NO,SÍ,NO,NO,SÍ,SÍ,SÍ,NO,SÍ,SÍ,NO,SÍ,SÍ,NO,SÍ,SÍ,SÍ,SÍ,NO,NO,SÍ,NO,NO,SÍ,"Visita dentro del promedio, con áreas de oportunidad.",
2025-07-13 11:56:11,13/07/2025,Sucursal El Progreso Norte,El Progreso,Distrito Oriente,SÍ,SÍ,SÍ,SÍ,SÍ,SÍ,SÍ,SÍ,SÍ,NO,NO,SÍ,SÍ,SÍ,SÍ,SÍ,SÍ,SÍ,NO,SÍ,NO,NO,SÍ,SÍ,SÍ,SÍ,SÍ,SÍ,SÍ,SÍ,SÍ,SÍ,SÍ,SÍ,SÍ,SÍ,SÍ,SÍ,SÍ,SÍ,Excelente servicio. La sucursal está operando en óptimas condiciones.,
2025-07-16 17:11:22,16/07/2025,Sucursal Mercado Chiq,Chiquimula,Distrito Oriente,SÍ,NO,SÍ,NO,NO,SÍ,SÍ,SÍ,SÍ,NO,NO,SÍ,NO,NO,SÍ,SÍ,NO,SÍ,NO,NO,SÍ,NO,SÍ,NO,NO,SÍ,NO,SÍ,SÍ,NO,SÍ,SÍ,SÍ,NO,NO,NO,SÍ,NO,SÍ,SÍ,,
2025-07-11 14:18:18,11/07/2025,Sucursal Chiquimula Centro,Chiquimula,Distrito Oriente,SÍ,SÍ,SÍ,SÍ,SÍ,NO,SÍ,SÍ,SÍ,SÍ,NO,SÍ,NO,SÍ,NO,SÍ,SÍ,SÍ,SÍ,NO,NO,SÍ,NO,SÍ,NO,SÍ,SÍ,SÍ,NO,SÍ,NO,SÍ,NO,NO,SÍ,NO,SÍ,SÍ,NO,SÍ,,
2025-07-15 11:16:39,15/07/2025,Sucursal Norte Jala,Jalapa,Distrito Oriente,SÍ,SÍ,SÍ,NO,SÍ,SÍ,SÍ,SÍ,SÍ,SÍ,SÍ,SÍ,SÍ,SÍ,SÍ,SÍ,NO,SÍ,NO,SÍ,NO,NO,SÍ,NO,SÍ,SÍ,SÍ,SÍ,SÍ,SÍ,NO,SÍ,SÍ,NO,SÍ,NO,SÍ,SÍ,SÍ,SÍ,,
2025-07-12 13:24:02,12/07/2025,Sucursal Jalapa Plaza,Jalapa,Distrito Oriente,SÍ,NO,NO,SÍ,SÍ,SÍ,SÍ,SÍ,SÍ,NO,NO,SÍ,SÍ,SÍ,SÍ,SÍ,SÍ,SÍ,SÍ,SÍ,SÍ,SÍ,SÍ,NO,SÍ,NO,NO,NO,NO,SÍ,SÍ,SÍ,SÍ,SÍ,NO,SÍ,SÍ,SÍ,SÍ,SÍ,,
2025-07-02 13:25:30,02/07/2025,Sucursal Terminal Solo,Sololá,Distrito Occidente,SÍ,SÍ,NO,SÍ,NO,NO,SÍ,SÍ,SÍ,SÍ,SÍ,SÍ,SÍ,NO,SÍ,SÍ,SÍ,NO,NO,SÍ,SÍ,NO,SÍ,SÍ,SÍ,SÍ,NO,SÍ,SÍ,SÍ,SÍ,SÍ,NO,SÍ,SÍ,NO,SÍ,NO,NO,SÍ,,
2025-07-16 18:17:12,16/07/2025,Sucursal Sololá Centro,Sololá,Distrito Occidente,SÍ,SÍ,SÍ,SÍ,SÍ,SÍ,SÍ,SÍ,SÍ,NO,NO,NO,SÍ,SÍ,SÍ,SÍ,SÍ,SÍ,NO,SÍ,SÍ,NO,SÍ,SÍ,NO,SÍ,SÍ,NO,SÍ,SÍ,SÍ,SÍ,SÍ,SÍ,SÍ,SÍ,SÍ,SÍ,SÍ,NO,,
2025-07-12 17:28:47,12/07/2025,Sucursal Express Toto,Totonicapán,Distrito Occidente,SÍ,SÍ,SÍ,SÍ,SÍ,SÍ,SÍ,SÍ,SÍ,NO,NO,NO,SÍ,SÍ,SÍ,SÍ,SÍ,SÍ,SÍ,SÍ,SÍ,NO,SÍ,SÍ,SÍ,NO,SÍ,SÍ,SÍ,SÍ,SÍ,SÍ,SÍ,SÍ,NO,SÍ,SÍ,NO,NO,SÍ,,
2025-07-18 14:55:07,18/07/2025,Sucursal Totonicapán Plaza,Totonicapán,Distrito Occidente,SÍ,SÍ,SÍ,SÍ,NO,SÍ,SÍ,SÍ,SÍ,NO,SÍ,SÍ,SÍ,SÍ,SÍ,NO,SÍ,SÍ,NO,NO,NO,NO,NO,SÍ,SÍ,SÍ,NO,SÍ,SÍ,SÍ,SÍ,SÍ,SÍ,SÍ,NO,NO,NO,SÍ,SÍ,SÍ,,
2025-07-24 11:17:22,24/07/2025,Sucursal Plaza Quic,Quiché,Distrito Occidente,SÍ,SÍ,SÍ,SÍ,SÍ,SÍ,SÍ,SÍ,SÍ,SÍ,NO,SÍ,SÍ,SÍ,SÍ,SÍ,SÍ,SÍ,NO,SÍ,SÍ,NO,NO,SÍ,SÍ,SÍ,NO,NO,NO,SÍ,NO,SÍ,SÍ,SÍ,SÍ,SÍ,SÍ,NO,NO,SÍ,,
2025-07-05 12:03:45,05/07/2025,Sucursal Quiché Plaza,Quiché,Distrito Occidente,SÍ,SÍ,SÍ,SÍ,SÍ,SÍ,SÍ,NO,SÍ,NO,SÍ,SÍ,SÍ,SÍ,NO,SÍ,NO,NO,SÍ,NO,SÍ,SÍ,SÍ,SÍ,NO,SÍ,SÍ,NO,NO,NO,SÍ,SÍ,NO,SÍ,NO,NO,NO,SÍ,SÍ,NO,"Se notaron deficiencias considerables, especialmente en Cobro. El personal necesita capacitación.",
2025-07-12 16:10:22,12/07/2025,Sucursal Oriente Baja,Baja Verapaz,Distrito Norte,SÍ,SÍ,SÍ,SÍ,SÍ,SÍ,SÍ,SÍ,SÍ,NO,NO,SÍ,SÍ,SÍ,SÍ,SÍ,SÍ,SÍ,NO,SÍ,SÍ,NO,SÍ,SÍ,NO,SÍ,SÍ,SÍ,SÍ,SÍ,SÍ,SÍ,NO,SÍ,SÍ,SÍ,SÍ,NO,SÍ,SÍ,Excelente servicio. La sucursal está operando en óptimas condiciones.,
2025-08-04 18:18:37,04/08/2025,Sucursal Centro,Guatemala,Distrito Metro,SÍ,SÍ,SÍ,SÍ,SÍ,SÍ,SÍ,NO,SÍ,NO,NO,SÍ,NO,SÍ,SÍ,SÍ,SÍ,SÍ,NO,SÍ,SÍ,NO,SÍ,SÍ,SÍ,SÍ,SÍ,SÍ,SÍ,SÍ,SÍ,SÍ,SÍ,SÍ,SÍ,SÍ,SÍ,SÍ,SÍ,SÍ,Excelente servicio. La sucursal está operando en óptimas condiciones.,
2025-08-16 12:54:50,16/08/2025,Sucursal Norte,Guatemala,Distrito Metro,SÍ,SÍ,SÍ,NO,NO,SÍ,SÍ,NO,NO,NO,SÍ,SÍ,SÍ,SÍ,SÍ,SÍ,SÍ,NO,SÍ,NO,NO,NO,SÍ,SÍ,SÍ,NO,SÍ,NO,SÍ,SÍ,SÍ,NO,SÍ,SÍ,SÍ,NO,SÍ,SÍ,SÍ,NO,,
2025-08-09 10:38:37,09/08/2025,Sucursal Sur,Guatemala,Distrito Metro,NO,SÍ,SÍ,SÍ,SÍ,NO,SÍ,SÍ,SÍ,NO,NO,SÍ,SÍ,SÍ,NO,SÍ,SÍ,NO,NO,SÍ,SÍ,NO,NO,SÍ,NO,SÍ,SÍ,SÍ,SÍ,NO,SÍ,NO,SÍ,SÍ,NO,SÍ,SÍ,SÍ,NO,SÍ,,
2025-08-13 12:27:13,13/08/2025,Sucursal Las Palmas,Guatemala,Distrito Metro,SÍ,SÍ,NO,SÍ,SÍ,SÍ,SÍ,NO,SÍ,NO,NO,SÍ,SÍ,SÍ,SÍ,SÍ,SÍ,NO,NO,SÍ,SÍ,SÍ,SÍ,SÍ,NO,NO,SÍ,SÍ,SÍ,SÍ,SÍ,SÍ,NO,SÍ,SÍ,SÍ,SÍ,SÍ,SÍ,NO,,
2025-08-14 13:24:38,14/08/2025,Sucursal Pradera,Guatemala,Distrito Metro,NO,SÍ,SÍ,SÍ,SÍ,SÍ,NO,NO,SÍ,SÍ,SÍ,NO,NO,SÍ,SÍ,SÍ,NO,SÍ,NO,SÍ,NO,NO,SÍ,SÍ,SÍ,NO,NO,SÍ,NO,SÍ,SÍ,NO,SÍ,NO,NO,NO,SÍ,SÍ,NO,NO,"Se notaron deficiencias considerables, especialmente en Cobro. El personal necesita capacitación.",
2025-08-21 13:18:13,21/08/2025,Sucursal Majadas,Guatemala,Distrito Metro,SÍ,SÍ,SÍ,SÍ,SÍ,NO,SÍ,SÍ,SÍ,SÍ,NO,SÍ,SÍ,SÍ,SÍ,SÍ,NO,SÍ,NO,SÍ,SÍ,NO,NO,SÍ,NO,NO,SÍ,SÍ,SÍ,SÍ,SÍ,SÍ,NO,SÍ,SÍ,SÍ,NO,SÍ,SÍ,SÍ,,
2025-08-18 10:58:42,18/08/2025,Sucursal Vista Hermosa,Guatemala,Distrito Metro,SÍ,SÍ,SÍ,SÍ,SÍ,SÍ,SÍ,SÍ,SÍ,NO,NO,SÍ,SÍ,SÍ,SÍ,SÍ,SÍ,SÍ,NO,SÍ,SÍ,NO,SÍ,SÍ,SÍ,SÍ,SÍ,SÍ,SÍ,SÍ,SÍ,SÍ,SÍ,SÍ,NO,SÍ,SÍ,SÍ,SÍ,SÍ,Excelente servicio. La sucursal está operando en óptimas condiciones.,
2025-08-17 13:39:13,17/08/2025,Sucursal Cayalá,Guatemala,Distrito Metro,SÍ,SÍ,NO,SÍ,NO,SÍ,SÍ,SÍ,SÍ,NO,NO,SÍ,SÍ,SÍ,SÍ,SÍ,NO,SÍ,NO,SÍ,SÍ,SÍ,NO,NO,SÍ,SÍ,NO,SÍ,NO,SÍ,NO,NO,SÍ,SÍ,SÍ,NO,NO,SÍ,SÍ,NO,,
2025-08-06 08:35:05,06/08/2025,Sucursal Américas,Guatemala,Distrito Metro,SÍ,SÍ,SÍ,SÍ,SÍ,SÍ,SÍ,SÍ,SÍ,NO,NO,SÍ,SÍ,SÍ,SÍ,SÍ,SÍ,SÍ,NO,SÍ,SÍ,NO,SÍ,SÍ,SÍ,SÍ,SÍ,NO,SÍ,SÍ,SÍ,SÍ,SÍ,SÍ,SÍ,SÍ,SÍ,SÍ,SÍ,SÍ,Excelente servicio. La sucursal está operando en óptimas condiciones.,
2025-08-06 17:30:00,06/08/2025,Sucursal Roosevelt,Guatemala,Distrito Metro,SÍ,NO,SÍ,SÍ,SÍ,SÍ,SÍ,SÍ,SÍ,NO,NO,SÍ,SÍ,SÍ,SÍ,SÍ,SÍ,SÍ,NO,SÍ,SÍ,NO,SÍ,SÍ,SÍ,SÍ,SÍ,SÍ,SÍ,SÍ,SÍ,SÍ,SÍ,SÍ,SÍ,SÍ,SÍ,SÍ,SÍ,SÍ,Excelente servicio. La sucursal está operando en óptimas condiciones.,
2025-08-11 09:56:45,11/08/2025,Sucursal Portales,Guatemala,Distrito Metro,NO,SÍ,SÍ,SÍ,SÍ,SÍ,SÍ,SÍ,SÍ,NO,NO,NO,SÍ,NO,SÍ,SÍ,SÍ,NO,NO,NO,SÍ,NO,NO,SÍ,SÍ,SÍ,SÍ,NO,SÍ,SÍ,SÍ,SÍ,NO,SÍ,SÍ,SÍ,NO,SÍ,SÍ,SÍ,,
2025-08-06 16:46:51,06/08/2025,Sucursal Naranjo,Guatemala,Distrito Metro,NO,NO,SÍ,SÍ,SÍ,NO,SÍ,NO,SÍ,SÍ,NO,SÍ,SÍ,NO,NO,SÍ,SÍ,NO,NO,SÍ,SÍ,NO,NO,SÍ,SÍ,SÍ,SÍ,SÍ,SÍ,SÍ,SÍ,SÍ,SÍ,SÍ,SÍ,SÍ,SÍ,SÍ,SÍ,SÍ,,
2025-08-11 15:47:47,11/08/2025,Sucursal San Cristóbal,Guatemala,Distrito Metro,SÍ,NO,NO,NO,NO,NO,NO,NO,SÍ,SÍ,NO,NO,SÍ,SÍ,SÍ,NO,SÍ,SÍ,SÍ,NO,NO,SÍ,NO,NO,NO,NO,SÍ,SÍ,NO,SÍ,SÍ,SÍ,NO,NO,SÍ,SÍ,SÍ,NO,SÍ,SÍ,"Se notaron deficiencias considerables, especialmente en Cobro. El personal necesita capacitación.",Incidencia grave en Cobro: Condiciones inaceptables de servicio o infraestructura.
2025-08-02 13:50:39,02/08/2025,Sucursal Muxbal,Guatemala,Distrito Metro,SÍ,SÍ,SÍ,SÍ,SÍ,SÍ,SÍ,SÍ,SÍ,NO,NO,SÍ,SÍ,SÍ,SÍ,SÍ,SÍ,SÍ,NO,SÍ,SÍ,SÍ,SÍ,SÍ,SÍ,SÍ,SÍ,SÍ,SÍ,SÍ,SÍ,SÍ,SÍ,SÍ,SÍ,SÍ,SÍ,SÍ,SÍ,SÍ,Excelente servicio. La sucursal está operando en óptimas condiciones.,
2025-08-01 13:40:24,01/08/2025,Sucursal Carretera,Guatemala,Distrito Metro,NO,SÍ,SÍ,NO,SÍ,SÍ,SÍ,SÍ,NO,SÍ,NO,SÍ,NO,NO,SÍ,SÍ,SÍ,SÍ,NO,SÍ,SÍ,NO,SÍ,SÍ,SÍ,NO,NO,NO,SÍ,NO,SÍ,SÍ,NO,NO,SÍ,SÍ,SÍ,NO,NO,SÍ,,
2025-08-16 11:20:27,16/08/2025,Sucursal Zonal,Guatemala,Distrito Metro,SÍ,SÍ,SÍ,NO,SÍ,NO,SÍ,NO,SÍ,NO,NO,SÍ,SÍ,SÍ,SÍ,SÍ,SÍ,SÍ,SÍ,SÍ,SÍ,SÍ,SÍ,SÍ,SÍ,SÍ,NO,SÍ,SÍ,NO,SÍ,SÍ,NO,SÍ,SÍ,SÍ,SÍ,SÍ,NO,SÍ,"Visita dentro del promedio, con áreas de oportunidad.",
2025-08-12 14:01:38,12/08/2025,Sucursal Express,Guatemala,Distrito Metro,SÍ,SÍ,SÍ,SÍ,NO,SÍ,SÍ,SÍ,SÍ,NO,SÍ,NO,SÍ,NO,SÍ,NO,NO,SÍ,NO,NO,NO,NO,NO,NO,SÍ,SÍ,NO,NO,SÍ,SÍ,NO,SÍ,NO,SÍ,SÍ,SÍ,NO,SÍ,SÍ,SÍ,,
2025-08-14 15:47:00,14/08/2025,Sucursal San Miguel,Guatemala,Distrito Metro,SÍ,SÍ,SÍ,NO,SÍ,SÍ,SÍ,SÍ,SÍ,NO,NO,SÍ,SÍ,SÍ,NO,SÍ,SÍ,SÍ,NO,SÍ,SÍ,SÍ,NO,SÍ,SÍ,SÍ,SÍ,SÍ,NO,SÍ,NO,SÍ,NO,NO,NO,NO,SÍ,SÍ,NO,SÍ,,
2025-08-12 13:12:48,12/08/2025,Sucursal Villa Nueva,Guatemala,Distrito Metro,SÍ,SÍ,NO,NO,SÍ,SÍ,SÍ,NO,NO,NO,SÍ,SÍ,SÍ,SÍ,NO,SÍ,NO,NO,NO,SÍ,NO,NO,SÍ,NO,NO,SÍ,NO,SÍ,SÍ,SÍ,NO,SÍ,SÍ,SÍ,NO,SÍ,SÍ,SÍ,SÍ,SÍ,,
2025-08-26 12:39:50,26/08/2025,Sucursal Petapa,Guatemala,Distrito Metro,SÍ,SÍ,SÍ,NO,NO,SÍ,SÍ,SÍ,SÍ,SÍ,SÍ,SÍ,SÍ,SÍ,NO,SÍ,SÍ,SÍ,NO,NO,NO,NO,SÍ,SÍ,NO,SÍ,NO,NO,SÍ,SÍ,NO,SÍ,SÍ,SÍ,SÍ,NO,SÍ,SÍ,NO,SÍ,,
2025-08-08 11:57:16,08/08/2025,Sucursal Mixco,Guatemala,Distrito Metro,NO,NO,SÍ,SÍ,SÍ,NO,NO,SÍ,SÍ,NO,NO,SÍ,SÍ,SÍ,NO,SÍ,SÍ,SÍ,SÍ,SÍ,SÍ,NO,SÍ,SÍ,NO,SÍ,NO,SÍ,SÍ,SÍ,NO,SÍ,SÍ,SÍ,NO,SÍ,NO,NO,NO,SÍ,,
2025-08-20 12:02:01,20/08/2025,Sucursal San José,Guatemala,Distrito Metro,SÍ,NO,SÍ,NO,SÍ,SÍ,NO,SÍ,SÍ,NO,SÍ,SÍ,SÍ,NO,SÍ,SÍ,SÍ,SÍ,SÍ,NO,SÍ,NO,SÍ,SÍ,NO,SÍ,NO,SÍ,SÍ,SÍ,SÍ,NO,SÍ,SÍ,NO,NO,NO,SÍ,NO,SÍ,,
2025-08-01 16:46:23,01/08/2025,Sucursal Santa Catarina,Guatemala,Distrito Metro,NO,SÍ,SÍ,SÍ,NO,SÍ,SÍ,SÍ,NO,NO,SÍ,SÍ,SÍ,SÍ,NO,NO,SÍ,SÍ,SÍ,NO,NO,NO,SÍ,SÍ,SÍ,SÍ,SÍ,SÍ,SÍ,NO,SÍ,SÍ,NO,NO,NO,NO,NO,SÍ,SÍ,SÍ,,
2025-08-25 16:25:09,25/08/2025,Sucursal Pinula,Guatemala,Distrito Metro,SÍ,SÍ,SÍ,SÍ,SÍ,SÍ,NO,SÍ,NO,NO,SÍ,NO,NO,NO,SÍ,SÍ,SÍ,SÍ,SÍ,SÍ,SÍ,NO,NO,NO,NO,SÍ,SÍ,NO,SÍ,NO,SÍ,SÍ,NO,NO,NO,SÍ,NO,SÍ,SÍ,SÍ,,
2025-08-17 17:29:50,17/08/2025,Sucursal Boca del Monte,Guatemala,Distrito Metro,SÍ,SÍ,NO,NO,SÍ,SÍ,NO,NO,SÍ,NO,NO,SÍ,NO,SÍ,SÍ,SÍ,SÍ,SÍ,NO,NO,SÍ,NO,SÍ,SÍ,SÍ,NO,SÍ,SÍ,SÍ,SÍ,SÍ,SÍ,SÍ,SÍ,SÍ,NO,SÍ,SÍ,SÍ,SÍ,,
2025-08-23 09:23:17,23/08/2025,Sucursal Atlántico,Guatemala,Distrito Metro,NO,NO,SÍ,NO,SÍ,SÍ,SÍ,NO,SÍ,NO,NO,NO,SÍ,SÍ,SÍ,SÍ,NO,NO,SÍ,SÍ,SÍ,NO,NO,NO,NO,SÍ,NO,NO,SÍ,NO,SÍ,NO,SÍ,NO,NO,SÍ,NO,SÍ,SÍ,NO,"Se notaron deficiencias considerables, especialmente en Cobro. El personal necesita capacitación.",Incidencia grave en Cobro: Condiciones inaceptables de servicio o infraestructura.
2025-08-05 13:48:09,05/08/2025,Sucursal Pacífico,Guatemala,Distrito Metro,NO,NO,NO,NO,SÍ,SÍ,NO,SÍ,SÍ,SÍ,SÍ,SÍ,SÍ,SÍ,SÍ,SÍ,NO,SÍ,SÍ,NO,SÍ,NO,SÍ,NO,SÍ,NO,NO,SÍ,SÍ,NO,SÍ,SÍ,SÍ,SÍ,SÍ,NO,SÍ,NO,SÍ,SÍ,,
2025-08-09 18:47:03,09/08/2025,Sucursal Aguilar Batres,Guatemala,Distrito Metro,SÍ,SÍ,SÍ,SÍ,NO,SÍ,SÍ,SÍ,SÍ,NO,SÍ,SÍ,SÍ,SÍ,SÍ,NO,SÍ,SÍ,NO,SÍ,SÍ,NO,SÍ,SÍ,SÍ,SÍ,SÍ,SÍ,SÍ,SÍ,SÍ,SÍ,SÍ,NO,NO,NO,NO,SÍ,SÍ,SÍ,,
2025-08-22 12:34:20,22/08/2025,Sucursal Avenida,Guatemala,Distrito Metro,SÍ,SÍ,SÍ,NO,NO,SÍ,NO,SÍ,SÍ,NO,NO,SÍ,SÍ,SÍ,SÍ,SÍ,NO,SÍ,SÍ,NO,SÍ,NO,SÍ,SÍ,SÍ,NO,SÍ,SÍ,SÍ,SÍ,NO,SÍ,NO,SÍ,SÍ,SÍ,SÍ,SÍ,SÍ,NO,,
2025-08-05 14:36:58,05/08/2025,Sucursal Boulevard,Guatemala,Distrito Metro,SÍ,NO,SÍ,SÍ,NO,NO,NO,SÍ,SÍ,NO,NO,SÍ,SÍ,SÍ,SÍ,SÍ,SÍ,SÍ,SÍ,NO,NO,SÍ,NO,SÍ,SÍ,NO,SÍ,SÍ,SÍ,SÍ,NO,SÍ,SÍ,SÍ,NO,NO,SÍ,NO,SÍ,NO,,
2025-08-06 08:46:26,06/08/2025,Sucursal Quetzaltenango Norte,Quetzaltenango,Distrito Occidente,SÍ,SÍ,SÍ,SÍ,SÍ,NO,SÍ,NO,NO,SÍ,SÍ,SÍ,SÍ,SÍ,SÍ,SÍ,SÍ,SÍ,NO,NO,SÍ,NO,SÍ,NO,SÍ,NO,SÍ,SÍ,SÍ,SÍ,SÍ,SÍ,SÍ,SÍ,NO,SÍ,SÍ,SÍ,NO,NO,,
2025-08-27 11:36:53,27/08/2025,Sucursal Terminal Quet,Quetzaltenango,Distrito Occidente,SÍ,SÍ,SÍ,SÍ,SÍ,SÍ,SÍ,SÍ,SÍ,NO,NO,SÍ,NO,SÍ,NO,SÍ,SÍ,SÍ,NO,SÍ,SÍ,NO,SÍ,SÍ,SÍ,NO,SÍ,SÍ,SÍ,SÍ,SÍ,SÍ,SÍ,SÍ,SÍ,SÍ,SÍ,SÍ,SÍ,SÍ,Excelente servicio. La sucursal está operando en óptimas condiciones.,
2025-08-12 14:48:14,12/08/2025,Sucursal Quetzaltenango Centro,Quetzaltenango,Distrito Occidente,SÍ,SÍ,SÍ,SÍ,SÍ,SÍ,SÍ,SÍ,SÍ,NO,SÍ,SÍ,SÍ,SÍ,SÍ,SÍ,SÍ,SÍ,NO,SÍ,SÍ,NO,SÍ,SÍ,SÍ,SÍ,SÍ,SÍ,SÍ,SÍ,SÍ,SÍ,SÍ,SÍ,SÍ,SÍ,SÍ,SÍ,SÍ,SÍ,Excelente servicio. La sucursal está operando en óptimas condiciones.,
2025-08-01 13:15:07,01/08/2025,Sucursal Llanos Quet,Quetzaltenango,Distrito Occidente,SÍ,NO,SÍ,NO,NO,SÍ,SÍ,SÍ,NO,NO,NO,NO,SÍ,NO,SÍ,SÍ,SÍ,SÍ,SÍ,SÍ,SÍ,NO,NO,SÍ,SÍ,NO,NO,SÍ,SÍ,SÍ,NO,NO,NO,SÍ,SÍ,SÍ,SÍ,SÍ,NO,SÍ,,
2025-08-20 17:16:05,20/08/2025,Sucursal Quetzaltenango Norte,Quetzaltenango,Distrito Occidente,SÍ,SÍ,SÍ,SÍ,SÍ,NO,NO,SÍ,NO,NO,NO,SÍ,SÍ,SÍ,SÍ,NO,NO,NO,NO,SÍ,SÍ,NO,NO,SÍ,NO,SÍ,SÍ,SÍ,SÍ,SÍ,SÍ,SÍ,SÍ,SÍ,SÍ,SÍ,SÍ,NO,SÍ,SÍ,,
2025-08-23 08:57:22,23/08/2025,Sucursal Sur Quet,Quetzaltenango,Distrito Occidente,SÍ,SÍ,SÍ,SÍ,SÍ,SÍ,SÍ,SÍ,SÍ,NO,NO,SÍ,SÍ,NO,SÍ,SÍ,SÍ,SÍ,SÍ,SÍ,SÍ,NO,SÍ,NO,SÍ,SÍ,SÍ,SÍ,SÍ,SÍ,SÍ,SÍ,SÍ,NO,SÍ,SÍ,SÍ,SÍ,SÍ,SÍ,Excelente servicio. La sucursal está operando en óptimas condiciones.,
2025-08-08 09:53:55,08/08/2025,Sucursal Escuintla Centro,Escuintla,Distrito Sur,SÍ,SÍ,SÍ,SÍ,SÍ,SÍ,SÍ,SÍ,SÍ,NO,NO,SÍ,NO,SÍ,SÍ,SÍ,SÍ,SÍ,NO,SÍ,SÍ,SÍ,SÍ,SÍ,SÍ,NO,SÍ,SÍ,SÍ,SÍ,SÍ,SÍ,SÍ,SÍ,SÍ,SÍ,SÍ,SÍ,NO,SÍ,Excelente servicio. La sucursal está operando en óptimas condiciones.,
2025-08-06 18:48:07,06/08/2025,Sucursal Mercado Escu,Escuintla,Distrito Sur,SÍ,SÍ,SÍ,NO,SÍ,SÍ,SÍ,SÍ,SÍ,NO,NO,SÍ,SÍ,SÍ,SÍ,SÍ,SÍ,SÍ,NO,SÍ,SÍ,NO,SÍ,SÍ,SÍ,SÍ,SÍ,SÍ,SÍ,NO,NO,SÍ,SÍ,NO,SÍ,NO,SÍ,SÍ,NO,SÍ,,
2025-08-14 14:00:32,14/08/2025,Sucursal Escuintla Norte,Escuintla,Distrito Sur,NO,SÍ,NO,SÍ,SÍ,NO,SÍ,NO,SÍ,NO,NO,SÍ,SÍ,NO,SÍ,NO,SÍ,NO,NO,NO,SÍ,NO,SÍ,SÍ,SÍ,SÍ,NO,SÍ,SÍ,SÍ,SÍ,SÍ,SÍ,SÍ,SÍ,NO,SÍ,NO,SÍ,NO,,
2025-08-16 09:45:55,16/08/2025,Sucursal Occidente Escu,Escuintla,Distrito Sur,NO,NO,SÍ,SÍ,SÍ,NO,NO,NO,SÍ,NO,NO,NO,SÍ,SÍ,NO,SÍ,NO,SÍ,NO,NO,SÍ,SÍ,SÍ,SÍ,SÍ,NO,SÍ,SÍ,NO,SÍ,SÍ,SÍ,SÍ,SÍ,NO,SÍ,SÍ,NO,SÍ,NO,,
2025-08-24 10:33:32,24/08/2025,Sucursal Escuintla Norte,Escuintla,Distrito Sur,SÍ,SÍ,NO,NO,SÍ,NO,NO,NO,SÍ,NO,NO,SÍ,NO,NO,SÍ,NO,NO,NO,SÍ,SÍ,NO,NO,SÍ,SÍ,NO,SÍ,NO,SÍ,SÍ,SÍ,SÍ,SÍ,SÍ,SÍ,NO,SÍ,NO,SÍ,SÍ,NO,"Se notaron deficiencias considerables, especialmente en Cobro. El personal necesita capacitación.",
2025-08-26 15:38:10,26/08/2025,Sucursal Norte Escu,Escuintla,Distrito Sur,SÍ,SÍ,SÍ,SÍ,NO,SÍ,SÍ,SÍ,SÍ,NO,SÍ,NO,SÍ,NO,SÍ,NO,SÍ,NO,NO,NO,SÍ,NO,SÍ,SÍ,NO,SÍ,SÍ,SÍ,SÍ,SÍ,SÍ,SÍ,NO,NO,NO,SÍ,NO,NO,SÍ,SÍ,,
2025-08-22 17:09:24,22/08/2025,Sucursal Sacatepéquez Norte,Sacatepéquez,Distrito Central,NO,SÍ,SÍ,SÍ,SÍ,SÍ,NO,SÍ,SÍ,NO,SÍ,NO,SÍ,NO,SÍ,SÍ,SÍ,SÍ,NO,SÍ,SÍ,NO,SÍ,SÍ,SÍ,NO,NO,SÍ,SÍ,SÍ,NO,SÍ,NO,SÍ,NO,SÍ,NO,SÍ,NO,SÍ,,
2025-08-14 09:13:32,14/08/2025,Sucursal Central Saca,Sacatepéquez,Distrito Central,SÍ,SÍ,SÍ,SÍ,NO,SÍ,SÍ,SÍ,NO,NO,NO,SÍ,SÍ,SÍ,SÍ,NO,SÍ,SÍ,NO,SÍ,SÍ,SÍ,SÍ,SÍ,SÍ,SÍ,SÍ,SÍ,SÍ,NO,SÍ,SÍ,NO,NO,NO,NO,SÍ,SÍ,SÍ,SÍ,,
2025-08-01 18:37:19,01/08/2025,Sucursal Sacatepéquez Centro,Sacatepéquez,Distrito Central,SÍ,SÍ,NO,SÍ,SÍ,SÍ,SÍ,SÍ,SÍ,SÍ,NO,SÍ,SÍ,SÍ,SÍ,SÍ,SÍ,SÍ,NO,SÍ,SÍ,NO,NO,NO,NO,SÍ,NO,NO,SÍ,SÍ,SÍ,SÍ,SÍ,SÍ,SÍ,SÍ,SÍ,SÍ,SÍ,SÍ,,
2025-08-02 14:14:26,02/08/2025,Sucursal Terminal Saca,Sacatepéquez,Distrito Central,SÍ,SÍ,SÍ,SÍ,NO,SÍ,NO,SÍ,SÍ,NO,NO,SÍ,NO,SÍ,SÍ,NO,SÍ,SÍ,NO,NO,SÍ,NO,SÍ,SÍ,SÍ,SÍ,SÍ,NO,SÍ,NO,SÍ,NO,SÍ,SÍ,NO,SÍ,SÍ,SÍ,SÍ,NO,,
2025-08-23 10:11:52,23/08/2025,Sucursal Sacatepéquez Norte,Sacatepéquez,Distrito Central,SÍ,SÍ,SÍ,SÍ,SÍ,SÍ,SÍ,SÍ,SÍ,NO,NO,NO,SÍ,SÍ,SÍ,SÍ,SÍ,SÍ,NO,SÍ,SÍ,NO,SÍ,SÍ,SÍ,SÍ,SÍ,SÍ,SÍ,SÍ,SÍ,SÍ,SÍ,SÍ,SÍ,SÍ,SÍ,SÍ,SÍ,SÍ,Excelente servicio. La sucursal está operando en óptimas condiciones.,
2025-08-17 08:32:55,17/08/2025,Sucursal Avenida Chim,Chimaltenango,Distrito Central,SÍ,SÍ,SÍ,SÍ,SÍ,NO,SÍ,SÍ,SÍ,SÍ,SÍ,SÍ,SÍ,NO,SÍ,SÍ,SÍ,SÍ,NO,SÍ,SÍ,NO,NO,SÍ,SÍ,SÍ,SÍ,SÍ,SÍ,NO,SÍ,NO,SÍ,NO,SÍ,SÍ,SÍ,SÍ,SÍ,NO,,
2025-08-14 09:44:43,14/08/2025,Sucursal Chimaltenango Centro,Chimaltenango,Distrito Central,SÍ,SÍ,SÍ,NO,NO,SÍ,SÍ,SÍ,SÍ,NO,NO,SÍ,SÍ,SÍ,NO,SÍ,SÍ,NO,NO,SÍ,SÍ,SÍ,SÍ,SÍ,NO,SÍ,NO,SÍ,SÍ,SÍ,SÍ,SÍ,SÍ,SÍ,SÍ,SÍ,SÍ,SÍ,SÍ,SÍ,,
2025-08-02 09:58:04,02/08/2025,Sucursal Plaza Chim,Chimaltenango,Distrito Central,SÍ,SÍ,NO,NO,SÍ,SÍ,SÍ,SÍ,SÍ,NO,SÍ,NO,SÍ,SÍ,SÍ,SÍ,SÍ,SÍ,NO,NO,NO,NO,SÍ,SÍ,SÍ,NO,SÍ,SÍ,SÍ,NO,SÍ,SÍ,NO,SÍ,SÍ,SÍ,NO,NO,SÍ,SÍ,,
2025-08-04 17:33:06,04/08/2025,Sucursal Chimaltenango Plaza,Chimaltenango,Distrito Central,SÍ,NO,SÍ,SÍ,SÍ,NO,SÍ,SÍ,NO,SÍ,SÍ,SÍ,SÍ,NO,SÍ,NO,NO,NO,SÍ,NO,NO,NO,NO,SÍ,NO,SÍ,SÍ,SÍ,SÍ,NO,SÍ,SÍ,SÍ,SÍ,NO,SÍ,SÍ,SÍ,NO,NO,"Se notaron deficiencias considerables, especialmente en Cobro. El personal necesita capacitación.",Incidencia grave en Cobro: Condiciones inaceptables de servicio o infraestructura.
2025-08-21 08:48:37,21/08/2025,Sucursal Avenida Alta,Alta Verapaz,Distrito Norte,SÍ,SÍ,SÍ,SÍ,NO,NO,SÍ,NO,SÍ,NO,NO,SÍ,SÍ,SÍ,SÍ,SÍ,NO,SÍ,SÍ,SÍ,NO,NO,NO,NO,SÍ,SÍ,SÍ,SÍ,SÍ,SÍ,SÍ,SÍ,NO,SÍ,SÍ,SÍ,SÍ,SÍ,SÍ,NO,,
2025-08-27 18:18:02,27/08/2025,Sucursal Alta Verapaz Plaza,Alta Verapaz,Distrito Norte,NO,NO,SÍ,SÍ,SÍ,NO,NO,SÍ,NO,NO,SÍ,SÍ,SÍ,SÍ,SÍ,SÍ,SÍ,NO,NO,NO,NO,NO,NO,NO,SÍ,NO,SÍ,SÍ,NO,SÍ,SÍ,SÍ,NO,NO,SÍ,NO,SÍ,NO,NO,NO,"Se notaron deficiencias considerables, especialmente en Cobro. El personal necesita capacitación.",
2025-08-03 10:10:04,03/08/2025,Sucursal Express Alta,Alta Verapaz,Distrito Norte,SÍ,SÍ,SÍ,SÍ,SÍ,NO,SÍ,SÍ,SÍ,NO,NO,SÍ,SÍ,NO,SÍ,SÍ,SÍ,SÍ,NO,NO,SÍ,NO,SÍ,NO,SÍ,SÍ,NO,NO,SÍ,SÍ,SÍ,SÍ,SÍ,SÍ,NO,SÍ,SÍ,NO,NO,SÍ,,
2025-08-09 13:40:49,09/08/2025,Sucursal Alta Verapaz Centro,Alta Verapaz,Distrito Norte,SÍ,SÍ,SÍ,SÍ,SÍ,SÍ,SÍ,SÍ,SÍ,NO,SÍ,SÍ,SÍ,NO,SÍ,NO,SÍ,SÍ,NO,NO,SÍ,NO,SÍ,SÍ,SÍ,SÍ,SÍ,SÍ,SÍ,SÍ,SÍ,NO,NO,SÍ,NO,NO,NO,SÍ,SÍ,SÍ,,
2025-08-13 14:30:50,13/08/2025,Sucursal Centro Peté,Petén,Distrito Norte,SÍ,NO,NO,NO,NO,NO,NO,NO,NO,NO,SÍ,SÍ,NO,SÍ,SÍ,NO,SÍ,NO,SÍ,NO,SÍ,SÍ,NO,NO,NO,SÍ,NO,NO,NO,NO,SÍ,NO,SÍ,SÍ,NO,NO,NO,NO,NO,SÍ,"Se notaron deficiencias considerables, especialmente en Cobro. El personal necesita capacitación.",Incidencia grave en Cobro: Condiciones inaceptables de servicio o infraestructura.
2025-08-13 15:41:50,13/08/2025,Sucursal Petén Plaza,Petén,Distrito Norte,NO,SÍ,SÍ,NO,NO,SÍ,SÍ,SÍ,SÍ,NO,NO,SÍ,SÍ,NO,SÍ,NO,NO,SÍ,NO,SÍ,SÍ,NO,SÍ,SÍ,SÍ,SÍ,SÍ,SÍ,SÍ,SÍ,SÍ,SÍ,SÍ,SÍ,SÍ,SÍ,SÍ,SÍ,SÍ,SÍ,,
2025-08-24 15:30:27,24/08/2025,Sucursal Avenida Peté,Petén,Distrito Norte,SÍ,SÍ,NO,NO,NO,SÍ,NO,NO,SÍ,NO,NO,NO,SÍ,SÍ,SÍ,NO,NO,SÍ,NO,NO,SÍ,NO,SÍ,SÍ,SÍ,NO,SÍ,SÍ,SÍ,SÍ,SÍ,SÍ,SÍ,SÍ,SÍ,SÍ,SÍ,NO,SÍ,NO,,
2025-08-21 11:00:13,21/08/2025,Sucursal Izabal Centro,Izabal,Distrito Oriente,SÍ,SÍ,SÍ,SÍ,SÍ,SÍ,SÍ,SÍ,SÍ,SÍ,NO,SÍ,SÍ,SÍ,NO,NO,NO,SÍ,SÍ,NO,SÍ,NO,SÍ,SÍ,SÍ,SÍ,NO,SÍ,NO,SÍ,SÍ,SÍ,SÍ,SÍ,NO,SÍ,NO,NO,SÍ,NO,,
2025-08-24 16:38:41,24/08/2025,Sucursal Express Izab,Izabal,Distrito Oriente,SÍ,SÍ,SÍ,SÍ,SÍ,SÍ,SÍ,SÍ,SÍ,NO,NO,SÍ,SÍ,SÍ,SÍ,SÍ,SÍ,SÍ,NO,SÍ,SÍ,NO,SÍ,SÍ,SÍ,SÍ,SÍ,SÍ,SÍ,SÍ,SÍ,NO,SÍ,SÍ,SÍ,SÍ,SÍ,SÍ,SÍ,SÍ,Excelente servicio. La sucursal está operando en óptimas condiciones.,
2025-08-15 12:22:18,15/08/2025,Sucursal Izabal Centro,Izabal,Distrito Oriente,SÍ,SÍ,SÍ,NO,SÍ,NO,SÍ,SÍ,SÍ,SÍ,NO,NO,SÍ,NO,SÍ,SÍ,SÍ,SÍ,NO,SÍ,SÍ,SÍ,SÍ,SÍ,SÍ,SÍ,NO,SÍ,SÍ,NO,NO,SÍ,SÍ,NO,SÍ,SÍ,SÍ,SÍ,SÍ,NO,,
2025-08-19 11:00:20,19/08/2025,Sucursal Centro San ,San Marcos,Distrito Occidente,SÍ,SÍ,SÍ,SÍ,SÍ,SÍ,SÍ,SÍ,SÍ,SÍ,NO,SÍ,SÍ,SÍ,SÍ,SÍ,SÍ,SÍ,NO,SÍ,SÍ,NO,SÍ,SÍ,SÍ,SÍ,SÍ,SÍ,SÍ,SÍ,SÍ,SÍ,SÍ,SÍ,SÍ,SÍ,SÍ,SÍ,SÍ,SÍ,Excelente servicio. La sucursal está operando en óptimas condiciones.,
2025-08-06 14:55:56,06/08/2025,Sucursal San Marcos Norte,San Marcos,Distrito Occidente,NO,SÍ,NO,SÍ,SÍ,SÍ,NO,SÍ,SÍ,SÍ,NO,NO,SÍ,NO,SÍ,NO,SÍ,SÍ,SÍ,SÍ,SÍ,NO,SÍ,SÍ,SÍ,SÍ,SÍ,SÍ,SÍ,NO,SÍ,NO,SÍ,SÍ,NO,SÍ,SÍ,SÍ,SÍ,SÍ,,
2025-08-19 16:54:22,19/08/2025,Sucursal Central San ,San Marcos,Distrito Occidente,NO,SÍ,SÍ,SÍ,SÍ,NO,NO,SÍ,NO,NO,NO,SÍ,SÍ,SÍ,SÍ,SÍ,NO,SÍ,NO,SÍ,NO,SÍ,SÍ,SÍ,SÍ,SÍ,SÍ,SÍ,SÍ,SÍ,SÍ,SÍ,SÍ,NO,SÍ,SÍ,SÍ,NO,SÍ,SÍ,"Visita dentro del promedio, con áreas de oportunidad.",
2025-08-02 12:15:11,02/08/2025,Sucursal Huehuetenango Norte,Huehuetenango,Distrito Occidente,NO,SÍ,NO,SÍ,SÍ,SÍ,SÍ,NO,SÍ,NO,NO,SÍ,SÍ,SÍ,SÍ,SÍ,SÍ,SÍ,NO,SÍ,SÍ,NO,SÍ,NO,SÍ,SÍ,SÍ,NO,NO,NO,SÍ,SÍ,SÍ,SÍ,SÍ,SÍ,SÍ,SÍ,SÍ,NO,,
2025-08-14 15:23:15,14/08/2025,Sucursal Occidente Hueh,Huehuetenango,Distrito Occidente,NO,NO,SÍ,SÍ,SÍ,NO,SÍ,NO,SÍ,SÍ,SÍ,SÍ,NO,SÍ,SÍ,SÍ,SÍ,SÍ,NO,SÍ,SÍ,NO,SÍ,SÍ,NO,SÍ,SÍ,SÍ,SÍ,SÍ,SÍ,SÍ,SÍ,SÍ,SÍ,SÍ,SÍ,SÍ,SÍ,SÍ,,
2025-08-03 17:29:11,03/08/2025,Sucursal Huehuetenango Norte,Huehuetenango,Distrito Occidente,SÍ,SÍ,SÍ,SÍ,SÍ,NO,SÍ,NO,SÍ,NO,NO,NO,SÍ,SÍ,NO,NO,SÍ,SÍ,SÍ,NO,SÍ,NO,SÍ,SÍ,NO,NO,SÍ,SÍ,SÍ,SÍ,SÍ,NO,SÍ,SÍ,SÍ,SÍ,SÍ,NO,SÍ,SÍ,,
2025-08-17 18:09:12,17/08/2025,Sucursal Brisas Juti,Jutiapa,Distrito Oriente,NO,NO,NO,SÍ,SÍ,SÍ,SÍ,SÍ,SÍ,SÍ,NO,NO,SÍ,SÍ,NO,SÍ,NO,SÍ,NO,SÍ,SÍ,NO,SÍ,NO,NO,SÍ,SÍ,SÍ,NO,NO,SÍ,SÍ,SÍ,SÍ,SÍ,SÍ,SÍ,SÍ,NO,SÍ,"Visita dentro del promedio, con áreas de oportunidad.",
2025-08-25 11:42:06,25/08/2025,Sucursal Jutiapa Plaza,Jutiapa,Distrito Oriente,SÍ,SÍ,SÍ,SÍ,SÍ,SÍ,SÍ,SÍ,SÍ,NO,NO,SÍ,SÍ,SÍ,SÍ,SÍ,SÍ,SÍ,NO,SÍ,SÍ,NO,SÍ,SÍ,SÍ,SÍ,SÍ,SÍ,SÍ,SÍ,SÍ,SÍ,SÍ,SÍ,SÍ,SÍ,SÍ,SÍ,SÍ,SÍ,Excelente servicio. La sucursal está operando en óptimas condiciones.,
2025-08-02 13:30:26,02/08/2025,Sucursal Llanos Zaca,Zacapa,Distrito Oriente,SÍ,SÍ,SÍ,SÍ,SÍ,SÍ,SÍ,SÍ,SÍ,SÍ,NO,NO,SÍ,SÍ,NO,SÍ,SÍ,SÍ,NO,SÍ,SÍ,SÍ,SÍ,SÍ,NO,SÍ,SÍ,NO,SÍ,NO,SÍ,SÍ,SÍ,SÍ,NO,NO,NO,SÍ,NO,NO,,
2025-08-26 16:22:42,26/08/2025,Sucursal Zacapa Plaza,Zacapa,Distrito Oriente,SÍ,SÍ,NO,SÍ,NO,SÍ,SÍ,NO,SÍ,NO,NO,SÍ,SÍ,NO,NO,SÍ,NO,SÍ,NO,NO,SÍ,NO,SÍ,SÍ,SÍ,SÍ,NO,SÍ,NO,SÍ,NO,SÍ,NO,SÍ,NO,NO,SÍ,SÍ,SÍ,SÍ,"Visita dentro del promedio, con áreas de oportunidad.",
2025-08-07 17:07:42,07/08/2025,Sucursal Parque Reta,Retalhuleu,Distrito Sur,NO,SÍ,SÍ,SÍ,SÍ,SÍ,SÍ,NO,SÍ,NO,NO,SÍ,NO,NO,SÍ,SÍ,SÍ,SÍ,NO,SÍ,SÍ,NO,SÍ,SÍ,SÍ,SÍ,SÍ,SÍ,SÍ,SÍ,SÍ,SÍ,SÍ,SÍ,NO,SÍ,SÍ,SÍ,SÍ,SÍ,,
2025-08-11 14:42:36,11/08/2025,Sucursal Retalhuleu Norte,Retalhuleu,Distrito Sur,SÍ,SÍ,SÍ,SÍ,NO,SÍ,NO,NO,NO,NO,SÍ,SÍ,SÍ,SÍ,NO,NO,SÍ,NO,NO,NO,NO,NO,SÍ,SÍ,SÍ,NO,SÍ,SÍ,NO,NO,SÍ,SÍ,NO,NO,SÍ,NO,NO,SÍ,NO,SÍ,"Se notaron deficiencias considerables, especialmente en Cobro. El personal necesita capacitación.",
2025-08-23 08:55:38,23/08/2025,Sucursal Terminal Such,Suchitepéquez,Distrito Sur,SÍ,SÍ,SÍ,NO,SÍ,SÍ,SÍ,NO,SÍ,NO,SÍ,SÍ,SÍ,SÍ,NO,SÍ,SÍ,NO,SÍ,SÍ,SÍ,SÍ,NO,SÍ,NO,SÍ,SÍ,SÍ,SÍ,SÍ,SÍ,NO,SÍ,NO,SÍ,SÍ,NO,NO,SÍ,SÍ,,
2025-08-17 15:32:40,17/08/2025,Sucursal Suchitepéquez Centro,Suchitepéquez,Distrito Sur,SÍ,NO,NO,SÍ,SÍ,SÍ,SÍ,SÍ,SÍ,NO,NO,SÍ,SÍ,SÍ,SÍ,SÍ,SÍ,SÍ,SÍ,SÍ,SÍ,NO,SÍ,SÍ,SÍ,SÍ,SÍ,SÍ,NO,NO,SÍ,NO,SÍ,NO,SÍ,SÍ,NO,NO,SÍ,SÍ,,
2025-08-01 16:20:35,01/08/2025,Sucursal Parque Sant,Santa Rosa,Distrito Sur,SÍ,SÍ,SÍ,SÍ,SÍ,SÍ,SÍ,SÍ,SÍ,SÍ,NO,SÍ,SÍ,SÍ,NO,SÍ,NO,NO,SÍ,SÍ,SÍ,NO,NO,NO,NO,SÍ,NO,NO,NO,NO,SÍ,SÍ,SÍ,NO,SÍ,SÍ,SÍ,SÍ,SÍ,NO,,
2025-08-12 16:44:47,12/08/2025,Sucursal Santa Rosa Centro,Santa Rosa,Distrito Sur,SÍ,NO,NO,SÍ,SÍ,NO,SÍ,SÍ,SÍ,NO,NO,SÍ,SÍ,SÍ,NO,NO,SÍ,SÍ,NO,NO,SÍ,SÍ,SÍ,SÍ,NO,SÍ,NO,SÍ,SÍ,NO,NO,NO,SÍ,NO,SÍ,SÍ,SÍ,NO,SÍ,NO,"Visita dentro del promedio, con áreas de oportunidad.",
2025-08-11 15:04:07,11/08/2025,Sucursal Parque El P,El Progreso,Distrito Oriente,NO,SÍ,NO,SÍ,SÍ,SÍ,SÍ,SÍ,SÍ,SÍ,NO,SÍ,SÍ,SÍ,SÍ,SÍ,SÍ,NO,SÍ,SÍ,SÍ,NO,NO,SÍ,SÍ,SÍ,NO,SÍ,SÍ,NO,NO,NO,NO,SÍ,SÍ,SÍ,NO,NO,NO,SÍ,"Visita dentro del promedio, con áreas de oportunidad.",
2025-08-24 15:44:55,24/08/2025,Sucursal El Progreso Norte,El Progreso,Distrito Oriente,SÍ,SÍ,SÍ,SÍ,SÍ,SÍ,SÍ,SÍ,SÍ,NO,NO,SÍ,NO,SÍ,SÍ,SÍ,SÍ,SÍ,NO,SÍ,SÍ,NO,SÍ,SÍ,NO,SÍ,SÍ,SÍ,SÍ,SÍ,SÍ,SÍ,SÍ,SÍ,NO,SÍ,SÍ,SÍ,SÍ,NO,Excelente servicio. La sucursal está operando en óptimas condiciones.,
2025-08-04 08:28:50,04/08/2025,Sucursal Mercado Chiq,Chiquimula,Distrito Oriente,SÍ,SÍ,NO,SÍ,SÍ,SÍ,SÍ,NO,NO,SÍ,SÍ,NO,NO,NO,SÍ,NO,NO,NO,NO,NO,NO,NO,SÍ,SÍ,NO,SÍ,NO,SÍ,NO,SÍ,SÍ,SÍ,NO,SÍ,SÍ,SÍ,SÍ,NO,SÍ,SÍ,"Se notaron deficiencias considerables, especialmente en Cobro. El personal necesita capacitación.",
2025-08-14 14:06:43,14/08/2025,Sucursal Chiquimula Centro,Chiquimula,Distrito Oriente,NO,SÍ,SÍ,SÍ,SÍ,SÍ,SÍ,SÍ,SÍ,SÍ,NO,SÍ,SÍ,SÍ,SÍ,SÍ,NO,SÍ,NO,SÍ,SÍ,SÍ,SÍ,NO,SÍ,SÍ,NO,SÍ,SÍ,SÍ,SÍ,SÍ,SÍ,SÍ,NO,SÍ,SÍ,SÍ,SÍ,SÍ,,
2025-08-16 13:37:18,16/08/2025,Sucursal Norte Jala,Jalapa,Distrito Oriente,SÍ,NO,SÍ,SÍ,SÍ,NO,SÍ,NO,NO,SÍ,SÍ,NO,SÍ,NO,SÍ,SÍ,SÍ,NO,SÍ,SÍ,SÍ,NO,SÍ,NO,SÍ,SÍ,SÍ,NO,NO,SÍ,SÍ,SÍ,SÍ,SÍ,NO,NO,SÍ,NO,SÍ,SÍ,,
2025-08-17 13:54:37,17/08/2025,Sucursal Jalapa Plaza,Jalapa,Distrito Oriente,SÍ,NO,SÍ,SÍ,SÍ,SÍ,NO,SÍ,SÍ,NO,SÍ,SÍ,NO,SÍ,SÍ,SÍ,NO,SÍ,NO,SÍ,NO,NO,NO,NO,NO,NO,NO,SÍ,SÍ,NO,SÍ,NO,SÍ,SÍ,SÍ,SÍ,SÍ,SÍ,SÍ,SÍ,"Visita dentro del promedio, con áreas de oportunidad.",
2025-08-03 08:18:34,03/08/2025,Sucursal Terminal Solo,Sololá,Distrito Occidente,NO,SÍ,SÍ,SÍ,NO,SÍ,SÍ,SÍ,SÍ,SÍ,NO,SÍ,SÍ,SÍ,SÍ,NO,SÍ,SÍ,SÍ,SÍ,SÍ,SÍ,SÍ,SÍ,SÍ,NO,SÍ,SÍ,SÍ,SÍ,SÍ,SÍ,NO,SÍ,SÍ,SÍ,SÍ,NO,SÍ,SÍ,"Visita dentro del promedio, con áreas de oportunidad.",
2025-08-01 16:42:30,01/08/2025,Sucursal Sololá Centro,Sololá,Distrito Occidente,SÍ,SÍ,SÍ,SÍ,SÍ,SÍ,SÍ,SÍ,SÍ,NO,NO,SÍ,SÍ,SÍ,SÍ,SÍ,SÍ,SÍ,NO,SÍ,SÍ,NO,SÍ,SÍ,SÍ,SÍ,SÍ,SÍ,SÍ,SÍ,SÍ,NO,SÍ,SÍ,SÍ,SÍ,NO,SÍ,SÍ,SÍ,Excelente servicio. La sucursal está operando en óptimas condiciones.,
2025-08-14 10:01:25,14/08/2025,Sucursal Express Toto,Totonicapán,Distrito Occidente,SÍ,SÍ,SÍ,SÍ,SÍ,SÍ,SÍ,SÍ,SÍ,NO,NO,SÍ,SÍ,SÍ,SÍ,SÍ,SÍ,NO,NO,SÍ,SÍ,NO,SÍ,SÍ,SÍ,SÍ,NO,SÍ,NO,NO,NO,SÍ,SÍ,NO,SÍ,SÍ,SÍ,SÍ,NO,NO,,
2025-08-09 17:12:56,09/08/2025,Sucursal Totonicapán Plaza,Totonicapán,Distrito Occidente,SÍ,SÍ,SÍ,SÍ,SÍ,SÍ,SÍ,SÍ,NO,SÍ,SÍ,SÍ,SÍ,SÍ,NO,NO,SÍ,SÍ,NO,NO,SÍ,NO,SÍ,SÍ,SÍ,SÍ,SÍ,SÍ,SÍ,SÍ,SÍ,SÍ,SÍ,NO,SÍ,NO,SÍ,SÍ,SÍ,SÍ,"Visita dentro del promedio, con áreas de oportunidad.",
2025-08-16 17:37:41,16/08/2025,Sucursal Plaza Quic,Quiché,Distrito Occidente,SÍ,SÍ,NO,SÍ,SÍ,SÍ,SÍ,SÍ,SÍ,NO,NO,SÍ,SÍ,NO,SÍ,SÍ,SÍ,NO,NO,SÍ,SÍ,NO,NO,SÍ,SÍ,NO,SÍ,SÍ,NO,NO,SÍ,SÍ,SÍ,SÍ,SÍ,SÍ,NO,SÍ,NO,SÍ,"Visita dentro del promedio, con áreas de oportunidad.",
2025-08-22 12:43:43,22/08/2025,Sucursal Quiché Plaza,Quiché,Distrito Occidente,NO,SÍ,SÍ,NO,SÍ,NO,NO,SÍ,SÍ,NO,NO,SÍ,NO,SÍ,NO,SÍ,NO,SÍ,SÍ,NO,NO,SÍ,SÍ,SÍ,SÍ,SÍ,SÍ,SÍ,SÍ,SÍ,SÍ,NO,NO,NO,SÍ,SÍ,NO,SÍ,SÍ,SÍ,,
2025-08-12 15:11:35,12/08/2025,Sucursal Oriente Baja,Baja Verapaz,Distrito Norte,SÍ,SÍ,SÍ,SÍ,SÍ,NO,SÍ,SÍ,SÍ,NO,SÍ,SÍ,SÍ,SÍ,SÍ,NO,SÍ,SÍ,NO,SÍ,SÍ,NO,SÍ,SÍ,SÍ,NO,SÍ,SÍ,SÍ,SÍ,SÍ,SÍ,SÍ,SÍ,SÍ,SÍ,SÍ,SÍ,SÍ,SÍ,,
2025-09-11 17:01:28,11/09/2025,Sucursal Centro,Guatemala,Distrito Metro,SÍ,SÍ,SÍ,NO,SÍ,SÍ,NO,SÍ,SÍ,NO,NO,SÍ,SÍ,SÍ,SÍ,NO,SÍ,SÍ,NO,SÍ,SÍ,NO,SÍ,SÍ,SÍ,SÍ,SÍ,SÍ,SÍ,SÍ,SÍ,SÍ,SÍ,SÍ,SÍ,SÍ,NO,SÍ,SÍ,SÍ,Excelente servicio. La sucursal está operando en óptimas condiciones.,
2025-09-17 13:45:35,17/09/2025,Sucursal Norte,Guatemala,Distrito Metro,SÍ,SÍ,SÍ,SÍ,SÍ,SÍ,SÍ,SÍ,SÍ,NO,NO,SÍ,SÍ,SÍ,NO,SÍ,NO,SÍ,NO,SÍ,SÍ,NO,SÍ,SÍ,SÍ,SÍ,SÍ,SÍ,SÍ,SÍ,SÍ,SÍ,SÍ,SÍ,SÍ,SÍ,SÍ,NO,SÍ,SÍ,Excelente servicio. La sucursal está operando en óptimas condiciones.,
2025-09-12 12:17:45,12/09/2025,Sucursal Sur,Guatemala,Distrito Metro,SÍ,SÍ,SÍ,SÍ,SÍ,SÍ,NO,SÍ,SÍ,NO,NO,SÍ,SÍ,SÍ,SÍ,SÍ,SÍ,SÍ,SÍ,SÍ,SÍ,SÍ,NO,SÍ,SÍ,NO,NO,NO,SÍ,SÍ,NO,NO,NO,NO,SÍ,SÍ,SÍ,NO,SÍ,NO,,
2025-09-13 12:58:02,13/09/2025,Sucursal Las Palmas,Guatemala,Distrito Metro,NO,NO,SÍ,NO,SÍ,NO,SÍ,SÍ,SÍ,NO,SÍ,NO,NO,NO,SÍ,SÍ,SÍ,NO,NO,SÍ,SÍ,SÍ,SÍ,NO,SÍ,NO,SÍ,SÍ,SÍ,SÍ,SÍ,SÍ,SÍ,SÍ,SÍ,SÍ,NO,NO,SÍ,SÍ,"Visita dentro del promedio, con áreas de oportunidad.",
2025-09-15 12:18:22,15/09/2025,Sucursal Pradera,Guatemala,Distrito Metro,SÍ,NO,SÍ,NO,NO,SÍ,SÍ,SÍ,SÍ,NO,NO,SÍ,SÍ,NO,NO,NO,SÍ,SÍ,SÍ,SÍ,SÍ,NO,SÍ,NO,SÍ,NO,SÍ,NO,SÍ,SÍ,NO,NO,NO,NO,NO,SÍ,NO,NO,SÍ,SÍ,"Se notaron deficiencias considerables, especialmente en Cobro. El personal necesita capacitación.",
2025-09-16 16:31:07,16/09/2025,Sucursal Majadas,Guatemala,Distrito Metro,NO,NO,SÍ,SÍ,NO,NO,NO,NO,NO,NO,NO,NO,SÍ,SÍ,NO,SÍ,SÍ,NO,NO,SÍ,NO,NO,NO,SÍ,SÍ,NO,SÍ,SÍ,NO,SÍ,NO,SÍ,NO,NO,SÍ,SÍ,SÍ,NO,NO,SÍ,"Se notaron deficiencias considerables, especialmente en Cobro. El personal necesita capacitación.",Incidencia grave en Cobro: Condiciones inaceptables de servicio o infraestructura.
2025-09-01 16:18:33,01/09/2025,Sucursal Vista Hermosa,Guatemala,Distrito Metro,SÍ,SÍ,SÍ,SÍ,SÍ,NO,SÍ,NO,SÍ,SÍ,SÍ,SÍ,SÍ,NO,SÍ,SÍ,SÍ,SÍ,NO,SÍ,SÍ,NO,NO,SÍ,SÍ,SÍ,SÍ,NO,SÍ,SÍ,SÍ,NO,SÍ,SÍ,SÍ,SÍ,SÍ,SÍ,SÍ,SÍ,,
2025-09-10 17:18:22,10/09/2025,Sucursal Cayalá,Guatemala,Distrito Metro,SÍ,NO,SÍ,NO,SÍ,NO,SÍ,SÍ,SÍ,SÍ,NO,SÍ,SÍ,SÍ,SÍ,SÍ,NO,NO,SÍ,SÍ,SÍ,NO,NO,NO,NO,SÍ,SÍ,NO,SÍ,SÍ,SÍ,NO,NO,SÍ,NO,NO,SÍ,SÍ,SÍ,SÍ,,
2025-09-23 13:21:01,23/09/2025,Sucursal Américas,Guatemala,Distrito Metro,SÍ,SÍ,SÍ,SÍ,SÍ,SÍ,SÍ,SÍ,SÍ,NO,NO,SÍ,SÍ,SÍ,SÍ,SÍ,SÍ,SÍ,NO,SÍ,SÍ,NO,SÍ,SÍ,SÍ,SÍ,SÍ,SÍ,SÍ,SÍ,SÍ,SÍ,SÍ,SÍ,SÍ,SÍ,SÍ,SÍ,SÍ,SÍ,Excelente servicio. La sucursal está operando en óptimas condiciones.,
2025-09-13 10:36:26,13/09/2025,Sucursal Roosevelt,Guatemala,Distrito Metro,SÍ,NO,NO,NO,SÍ,SÍ,SÍ,NO,SÍ,SÍ,NO,SÍ,SÍ,NO,NO,NO,NO,SÍ,SÍ,SÍ,SÍ,NO,SÍ,NO,NO,NO,NO,SÍ,SÍ,NO,NO,NO,NO,SÍ,SÍ,NO,SÍ,NO,SÍ,SÍ,"Se notaron deficiencias considerables, especialmente en Cobro. El personal necesita capacitación.",Incidencia grave en Cobro: Condiciones inaceptables de servicio o infraestructura.
2025-09-17 08:16:24,17/09/2025,Sucursal Portales,Guatemala,Distrito Metro,SÍ,SÍ,SÍ,SÍ,SÍ,SÍ,SÍ,SÍ,SÍ,NO,NO,NO,SÍ,SÍ,SÍ,NO,NO,SÍ,NO,SÍ,SÍ,NO,SÍ,SÍ,SÍ,SÍ,SÍ,SÍ,SÍ,SÍ,SÍ,SÍ,SÍ,SÍ,NO,SÍ,SÍ,SÍ,NO,SÍ,,
2025-09-10 13:58:38,10/09/2025,Sucursal Naranjo,Guatemala,Distrito Metro,SÍ,SÍ,SÍ,SÍ,SÍ,SÍ,NO,NO,SÍ,NO,SÍ,NO,SÍ,NO,SÍ,SÍ,SÍ,NO,SÍ,SÍ,SÍ,NO,SÍ,SÍ,SÍ,SÍ,SÍ,SÍ,NO,SÍ,SÍ,NO,SÍ,SÍ,SÍ,SÍ,SÍ,SÍ,SÍ,SÍ,,
2025-09-09 09:15:06,09/09/2025,Sucursal San Cristóbal,Guatemala,Distrito Metro,SÍ,SÍ,NO,NO,SÍ,SÍ,NO,NO,SÍ,NO,SÍ,SÍ,NO,SÍ,NO,SÍ,SÍ,SÍ,NO,SÍ,SÍ,NO,NO,SÍ,NO,NO,SÍ,SÍ,SÍ,SÍ,NO,SÍ,NO,NO,SÍ,SÍ,SÍ,NO,SÍ,NO,,
2025-09-22 17:17:12,22/09/2025,Sucursal Muxbal,Guatemala,Distrito Metro,SÍ,SÍ,SÍ,SÍ,SÍ,SÍ,SÍ,SÍ,SÍ,NO,NO,SÍ,SÍ,SÍ,SÍ,SÍ,SÍ,SÍ,NO,SÍ,SÍ,NO,SÍ,SÍ,SÍ,SÍ,NO,SÍ,SÍ,SÍ,SÍ,SÍ,SÍ,SÍ,SÍ,SÍ,SÍ,SÍ,SÍ,SÍ,Excelente servicio. La sucursal está operando en óptimas condiciones.,
2025-09-03 09:14:22,03/09/2025,Sucursal Carretera,Guatemala,Distrito Metro,SÍ,SÍ,SÍ,SÍ,SÍ,SÍ,NO,SÍ,NO,NO,NO,SÍ,NO,NO,SÍ,SÍ,NO,NO,NO,NO,SÍ,NO,SÍ,NO,SÍ,SÍ,SÍ,NO,SÍ,NO,NO,SÍ,SÍ,SÍ,NO,SÍ,SÍ,SÍ,SÍ,SÍ,,
2025-09-24 11:55:15,24/09/2025,Sucursal Zonal,Guatemala,Distrito Metro,SÍ,NO,SÍ,SÍ,SÍ,NO,SÍ,NO,SÍ,NO,SÍ,SÍ,SÍ,SÍ,SÍ,SÍ,SÍ,SÍ,NO,SÍ,SÍ,SÍ,SÍ,SÍ,SÍ,SÍ,SÍ,SÍ,SÍ,SÍ,SÍ,SÍ,SÍ,NO,NO,SÍ,NO,SÍ,SÍ,SÍ,,
2025-09-16 15:22:31,16/09/2025,Sucursal Express,Guatemala,Distrito Metro,NO,NO,NO,NO,SÍ,SÍ,SÍ,SÍ,SÍ,SÍ,SÍ,SÍ,SÍ,NO,SÍ,SÍ,NO,SÍ,SÍ,SÍ,SÍ,NO,SÍ,SÍ,NO,SÍ,SÍ,SÍ,SÍ,NO,SÍ,SÍ,SÍ,NO,SÍ,SÍ,NO,SÍ,SÍ,NO,,
2025-09-21 15:41:57,21/09/2025,Sucursal San Miguel,Guatemala,Distrito Metro,SÍ,NO,SÍ,SÍ,SÍ,SÍ,SÍ,SÍ,SÍ,NO,SÍ,NO,SÍ,SÍ,SÍ,NO,SÍ,SÍ,NO,NO,NO,NO,SÍ,SÍ,SÍ,SÍ,SÍ,SÍ,SÍ,SÍ,SÍ,SÍ,SÍ,SÍ,NO,NO,NO,SÍ,NO,SÍ,,
2025-09-05 14:11:20,05/09/2025,Sucursal Villa Nueva,Guatemala,Distrito Metro,NO,NO,SÍ,SÍ,SÍ,SÍ,SÍ,NO,NO,SÍ,NO,SÍ,SÍ,SÍ,SÍ,NO,SÍ,SÍ,SÍ,NO,SÍ,NO,SÍ,NO,SÍ,NO,NO,NO,SÍ,SÍ,NO,NO,NO,SÍ,NO,SÍ,SÍ,SÍ,SÍ,SÍ,"Se notaron deficiencias considerables, especialmente en Cobro. El personal necesita capacitación.",Incidencia grave en Cobro: Condiciones inaceptables de servicio o infraestructura.
2025-09-06 08:11:06,06/09/2025,Sucursal Petapa,Guatemala,Distrito Metro,NO,SÍ,NO,NO,SÍ,SÍ,SÍ,SÍ,SÍ,NO,NO,SÍ,NO,SÍ,NO,SÍ,SÍ,SÍ,SÍ,SÍ,SÍ,NO,SÍ,SÍ,SÍ,SÍ,SÍ,SÍ,NO,SÍ,SÍ,SÍ,SÍ,SÍ,SÍ,SÍ,SÍ,NO,NO,SÍ,"Visita dentro del promedio, con áreas de oportunidad.",
2025-09-12 15:12:03,12/09/2025,Sucursal Mixco,Guatemala,Distrito Metro,SÍ,SÍ,NO,NO,SÍ,NO,SÍ,SÍ,SÍ,NO,SÍ,NO,NO,SÍ,SÍ,SÍ,SÍ,NO,NO,SÍ,SÍ,NO,SÍ,NO,NO,SÍ,SÍ,NO,SÍ,NO,SÍ,SÍ,NO,SÍ,SÍ,SÍ,SÍ,SÍ,SÍ,SÍ,,
2025-09-21 13:38:11,21/09/2025,Sucursal San José,Guatemala,Distrito Metro,SÍ,SÍ,SÍ,NO,SÍ,SÍ,NO,SÍ,NO,NO,SÍ,NO,NO,SÍ,NO,SÍ,NO,SÍ,NO,SÍ,SÍ,SÍ,SÍ,NO,SÍ,SÍ,SÍ,SÍ,SÍ,NO,SÍ,NO,SÍ,NO,SÍ,NO,SÍ,SÍ,SÍ,SÍ,"Visita dentro del promedio, con áreas de oportunidad.",
2025-09-04 13:22:51,04/09/2025,Sucursal Santa Catarina,Guatemala,Distrito Metro,SÍ,SÍ,SÍ,SÍ,NO,NO,SÍ,SÍ,SÍ,NO,NO,SÍ,SÍ,SÍ,NO,NO,NO,SÍ,NO,NO,NO,NO,SÍ,SÍ,SÍ,SÍ,SÍ,SÍ,SÍ,NO,SÍ,SÍ,NO,NO,SÍ,NO,NO,SÍ,SÍ,SÍ,,
2025-09-08 11:39:06,08/09/2025,Sucursal Pinula,Guatemala,Distrito Metro,NO,SÍ,SÍ,SÍ,SÍ,SÍ,NO,NO,SÍ,SÍ,NO,SÍ,NO,NO,NO,SÍ,SÍ,NO,SÍ,SÍ,NO,SÍ,NO,NO,SÍ,SÍ,SÍ,SÍ,SÍ,SÍ,SÍ,NO,NO,NO,NO,NO,NO,SÍ,SÍ,SÍ,"Se notaron deficiencias considerables, especialmente en Cobro. El personal necesita capacitación.",
2025-09-13 15:40:46,13/09/2025,Sucursal Boca del Monte,Guatemala,Distrito Metro,SÍ,SÍ,SÍ,SÍ,SÍ,NO,SÍ,SÍ,NO,SÍ,NO,NO,SÍ,SÍ,SÍ,SÍ,SÍ,SÍ,NO,SÍ,NO,NO,SÍ,NO,SÍ,SÍ,SÍ,SÍ,SÍ,NO,SÍ,SÍ,SÍ,SÍ,SÍ,NO,SÍ,SÍ,SÍ,SÍ,,
2025-09-21 14:13:22,21/09/2025,Sucursal Atlántico,Guatemala,Distrito Metro,SÍ,NO,NO,SÍ,SÍ,SÍ,SÍ,NO,SÍ,NO,NO,SÍ,NO,NO,SÍ,NO,SÍ,SÍ,NO,SÍ,SÍ,SÍ,NO,NO,NO,NO,NO,NO,NO,SÍ,SÍ,SÍ,SÍ,NO,NO,SÍ,SÍ,NO,SÍ,SÍ,"Se notaron deficiencias considerables, especialmente en Cobro. El personal necesita capacitación.",
2025-09-18 17:52:28,18/09/2025,Sucursal Pacífico,Guatemala,Distrito Metro,SÍ,SÍ,NO,SÍ,SÍ,NO,NO,SÍ,NO,NO,SÍ,SÍ,SÍ,SÍ,SÍ,NO,NO,NO,NO,NO,NO,NO,SÍ,SÍ,SÍ,NO,SÍ,SÍ,NO,SÍ,SÍ,SÍ,SÍ,SÍ,NO,SÍ,SÍ,SÍ,SÍ,NO,,
2025-09-11 15:20:36,11/09/2025,Sucursal Aguilar Batres,Guatemala,Distrito Metro,SÍ,SÍ,NO,SÍ,SÍ,SÍ,SÍ,SÍ,NO,NO,SÍ,SÍ,SÍ,SÍ,NO,NO,SÍ,SÍ,NO,SÍ,SÍ,NO,SÍ,SÍ,SÍ,SÍ,SÍ,SÍ,SÍ,NO,SÍ,NO,NO,NO,NO,NO,NO,SÍ,NO,SÍ,,
2025-09-24 17:16:06,24/09/2025,Sucursal Avenida,Guatemala,Distrito Metro,NO,SÍ,SÍ,SÍ,SÍ,SÍ,SÍ,SÍ,NO,NO,NO,SÍ,SÍ,SÍ,SÍ,SÍ,SÍ,SÍ,SÍ,SÍ,NO,SÍ,NO,NO,SÍ,SÍ,NO,SÍ,SÍ,SÍ,SÍ,NO,SÍ,SÍ,SÍ,SÍ,SÍ,SÍ,SÍ,SÍ,,
2025-09-16 10:03:50,16/09/2025,Sucursal Boulevard,Guatemala,Distrito Metro,SÍ,NO,SÍ,SÍ,SÍ,SÍ,NO,SÍ,SÍ,NO,NO,NO,SÍ,SÍ,SÍ,SÍ,NO,SÍ,NO,NO,SÍ,NO,SÍ,SÍ,NO,SÍ,NO,SÍ,SÍ,NO,SÍ,SÍ,SÍ,NO,SÍ,SÍ,SÍ,SÍ,SÍ,SÍ,,
2025-09-14 13:34:48,14/09/2025,Sucursal Quetzaltenango Norte,Quetzaltenango,Distrito Occidente,SÍ,SÍ,SÍ,NO,SÍ,SÍ,SÍ,NO,SÍ,SÍ,NO,SÍ,SÍ,SÍ,SÍ,SÍ,SÍ,SÍ,NO,NO,NO,NO,SÍ,SÍ,SÍ,SÍ,SÍ,NO,SÍ,SÍ,NO,SÍ,SÍ,SÍ,NO,SÍ,SÍ,NO,SÍ,NO,,
2025-09-01 18:01:52,01/09/2025,Sucursal Terminal Quet,Quetzaltenango,Distrito Occidente,SÍ,SÍ,SÍ,SÍ,SÍ,SÍ,SÍ,SÍ,SÍ,NO,NO,SÍ,SÍ,SÍ,SÍ,SÍ,SÍ,SÍ,NO,SÍ,SÍ,NO,SÍ,SÍ,SÍ,SÍ,SÍ,SÍ,SÍ,SÍ,SÍ,SÍ,SÍ,SÍ,SÍ,SÍ,SÍ,SÍ,SÍ,SÍ,Excelente servicio. La sucursal está operando en óptimas condiciones.,
2025-09-11 13:28:00,11/09/2025,Sucursal Quetzaltenango Centro,Quetzaltenango,Distrito Occidente,SÍ,SÍ,SÍ,SÍ,SÍ,SÍ,SÍ,SÍ,SÍ,NO,NO,SÍ,SÍ,SÍ,SÍ,SÍ,SÍ,SÍ,NO,SÍ,SÍ,NO,SÍ,SÍ,SÍ,SÍ,SÍ,SÍ,SÍ,SÍ,SÍ,SÍ,SÍ,SÍ,SÍ,SÍ,NO,SÍ,SÍ,SÍ,Excelente servicio. La sucursal está operando en óptimas condiciones.,
2025-09-08 11:36:16,08/09/2025,Sucursal Llanos Quet,Quetzaltenango,Distrito Occidente,SÍ,NO,SÍ,NO,SÍ,SÍ,SÍ,SÍ,SÍ,NO,SÍ,SÍ,SÍ,SÍ,NO,SÍ,NO,SÍ,NO,NO,SÍ,NO,SÍ,SÍ,SÍ,SÍ,SÍ,NO,SÍ,SÍ,SÍ,NO,SÍ,SÍ,SÍ,SÍ,SÍ,SÍ,NO,NO,,
2025-09-26 09:12:07,26/09/2025,Sucursal Quetzaltenango Norte,Quetzaltenango,Distrito Occidente,NO,SÍ,SÍ,NO,SÍ,NO,SÍ,SÍ,SÍ,NO,NO,NO,SÍ,NO,SÍ,SÍ,SÍ,NO,NO,NO,SÍ,SÍ,NO,SÍ,SÍ,NO,SÍ,SÍ,SÍ,SÍ,NO,NO,NO,NO,SÍ,NO,SÍ,SÍ,NO,SÍ,,
2025-09-20 08:42:36,20/09/2025,Sucursal Sur Quet,Quetzaltenango,Distrito Occidente,SÍ,SÍ,SÍ,SÍ,NO,NO,SÍ,SÍ,SÍ,NO,NO,SÍ,NO,SÍ,SÍ,SÍ,SÍ,NO,NO,SÍ,NO,SÍ,SÍ,SÍ,SÍ,SÍ,NO,SÍ,NO,SÍ,SÍ,NO,SÍ,SÍ,NO,NO,NO,NO,SÍ,SÍ,,
2025-09-07 14:57:42,07/09/2025,Sucursal Escuintla Centro,Escuintla,Distrito Sur,SÍ,SÍ,SÍ,SÍ,SÍ,SÍ,SÍ,SÍ,SÍ,NO,NO,SÍ,SÍ,SÍ,SÍ,SÍ,SÍ,SÍ,NO,SÍ,SÍ,NO,SÍ,SÍ,SÍ,SÍ,SÍ,SÍ,SÍ,SÍ,SÍ,SÍ,SÍ,SÍ,SÍ,SÍ,SÍ,SÍ,SÍ,SÍ,Excelente servicio. La sucursal está operando en óptimas condiciones.,
2025-09-15 18:25:53,15/09/2025,Sucursal Mercado Escu,Escuintla,Distrito Sur,SÍ,SÍ,SÍ,NO,SÍ,SÍ,SÍ,SÍ,SÍ,NO,SÍ,SÍ,SÍ,SÍ,SÍ,SÍ,SÍ,SÍ,NO,SÍ,SÍ,NO,SÍ,SÍ,NO,SÍ,SÍ,SÍ,SÍ,SÍ,SÍ,SÍ,SÍ,SÍ,SÍ,SÍ,SÍ,NO,SÍ,SÍ,Excelente servicio. La sucursal está operando en óptimas condiciones.,
2025-09-23 17:25:47,23/09/2025,Sucursal Escuintla Norte,Escuintla,Distrito Sur,SÍ,NO,NO,NO,SÍ,SÍ,SÍ,SÍ,SÍ,SÍ,SÍ,SÍ,SÍ,NO,SÍ,SÍ,SÍ,SÍ,SÍ,SÍ,SÍ,NO,NO,SÍ,NO,SÍ,SÍ,SÍ,SÍ,NO,NO,SÍ,SÍ,NO,SÍ,SÍ,SÍ,NO,SÍ,SÍ,,
2025-09-05 10:50:24,05/09/2025,Sucursal Occidente Escu,Escuintla,Distrito Sur,NO,NO,NO,NO,NO,NO,SÍ,NO,SÍ,SÍ,NO,NO,NO,NO,NO,NO,SÍ,NO,SÍ,NO,SÍ,NO,SÍ,NO,NO,SÍ,SÍ,SÍ,SÍ,NO,NO,SÍ,SÍ,NO,SÍ,NO,NO,NO,SÍ,SÍ,"Se notaron deficiencias considerables, especialmente en Cobro. El personal necesita capacitación.",
2025-09-11 08:08:01,11/09/2025,Sucursal Escuintla Norte,Escuintla,Distrito Sur,NO,SÍ,SÍ,NO,SÍ,SÍ,NO,SÍ,SÍ,NO,NO,NO,NO,NO,NO,NO,SÍ,SÍ,NO,SÍ,SÍ,NO,SÍ,NO,SÍ,NO,SÍ,SÍ,SÍ,SÍ,NO,SÍ,SÍ,SÍ,SÍ,SÍ,SÍ,SÍ,NO,NO,,
2025-09-17 14:10:06,17/09/2025,Sucursal Norte Escu,Escuintla,Distrito Sur,NO,SÍ,SÍ,SÍ,NO,SÍ,SÍ,SÍ,NO,NO,NO,SÍ,SÍ,SÍ,NO,NO,SÍ,SÍ,SÍ,NO,SÍ,NO,SÍ,SÍ,SÍ,NO,SÍ,SÍ,SÍ,SÍ,SÍ,NO,NO,SÍ,NO,NO,NO,SÍ,SÍ,SÍ,,
2025-09-12 08:07:03,12/09/2025,Sucursal Sacatepéquez Norte,Sacatepéquez,Distrito Central,SÍ,NO,SÍ,NO,SÍ,SÍ,NO,SÍ,SÍ,SÍ,NO,SÍ,NO,SÍ,SÍ,SÍ,SÍ,SÍ,NO,NO,SÍ,NO,NO,SÍ,SÍ,SÍ,SÍ,SÍ,SÍ,SÍ,SÍ,NO,NO,SÍ,SÍ,SÍ,NO,NO,SÍ,SÍ,,
2025-09-14 10:27:53,14/09/2025,Sucursal Central Saca,Sacatepéquez,Distrito Central,SÍ,SÍ,SÍ,SÍ,SÍ,SÍ,SÍ,NO,NO,NO,SÍ,SÍ,SÍ,SÍ,NO,SÍ,SÍ,SÍ,NO,SÍ,NO,NO,SÍ,SÍ,SÍ,SÍ,NO,SÍ,SÍ,SÍ,NO,SÍ,NO,NO,SÍ,SÍ,SÍ,SÍ,SÍ,SÍ,,
2025-09-07 08:33:22,07/09/2025,Sucursal Sacatepéquez Centro,Sacatepéquez,Distrito Central,SÍ,SÍ,SÍ,SÍ,SÍ,SÍ,SÍ,SÍ,SÍ,NO,NO,SÍ,SÍ,SÍ,SÍ,SÍ,SÍ,SÍ,NO,SÍ,SÍ,SÍ,SÍ,SÍ,NO,SÍ,NO,NO,NO,NO,SÍ,SÍ,SÍ,SÍ,SÍ,NO,NO,SÍ,SÍ,SÍ,"Visita dentro del promedio, con áreas de oportunidad.",
2025-09-21 08:05:41,21/09/2025,Sucursal Terminal Saca,Sacatepéquez,Distrito Central,SÍ,SÍ,SÍ,NO,SÍ,SÍ,SÍ,SÍ,SÍ,NO,NO,SÍ,SÍ,SÍ,SÍ,SÍ,SÍ,SÍ,SÍ,NO,SÍ,NO,SÍ,NO,SÍ,SÍ,SÍ,SÍ,SÍ,SÍ,SÍ,SÍ,SÍ,SÍ,SÍ,NO,SÍ,SÍ,NO,SÍ,"Visita dentro del promedio, con áreas de oportunidad.",
2025-09-02 16:33:41,02/09/2025,Sucursal Sacatepéquez Norte,Sacatepéquez,Distrito Central,SÍ,SÍ,SÍ,SÍ,SÍ,SÍ,SÍ,SÍ,SÍ,NO,NO,SÍ,SÍ,SÍ,SÍ,NO,SÍ,SÍ,NO,NO,SÍ,NO,SÍ,NO,SÍ,SÍ,SÍ,SÍ,SÍ,SÍ,SÍ,SÍ,NO,NO,NO,SÍ,NO,SÍ,NO,SÍ,,
2025-09-26 13:37:13,26/09/2025,Sucursal Avenida Chim,Chimaltenango,Distrito Central,NO,SÍ,SÍ,NO,SÍ,NO,SÍ,SÍ,NO,NO,NO,NO,NO,NO,SÍ,NO,SÍ,SÍ,NO,SÍ,NO,SÍ,SÍ,SÍ,NO,SÍ,NO,NO,SÍ,SÍ,SÍ,SÍ,SÍ,NO,NO,SÍ,NO,SÍ,NO,SÍ,"Se notaron deficiencias considerables, especialmente en Cobro. El personal necesita capacitación.",Incidencia grave en Cobro: Condiciones inaceptables de servicio o infraestructura.
2025-09-02 13:03:13,02/09/2025,Sucursal Chimaltenango Centro,Chimaltenango,Distrito Central,SÍ,SÍ,NO,SÍ,SÍ,NO,SÍ,NO,SÍ,NO,NO,SÍ,SÍ,SÍ,NO,NO,NO,SÍ,NO,SÍ,SÍ,SÍ,SÍ,SÍ,SÍ,SÍ,NO,SÍ,SÍ,NO,NO,SÍ,SÍ,SÍ,SÍ,SÍ,SÍ,NO,SÍ,SÍ,,
2025-09-23 11:12:30,23/09/2025,Sucursal Plaza Chim,Chimaltenango,Distrito Central,NO,NO,SÍ,SÍ,SÍ,SÍ,SÍ,SÍ,SÍ,NO,NO,SÍ,SÍ,SÍ,SÍ,SÍ,SÍ,NO,NO,NO,SÍ,NO,NO,SÍ,SÍ,SÍ,SÍ,SÍ,SÍ,SÍ,SÍ,SÍ,SÍ,NO,NO,NO,SÍ,SÍ,SÍ,SÍ,,
2025-09-05 13:52:15,05/09/2025,Sucursal Chimaltenango Plaza,Chimaltenango,Distrito Central,SÍ,SÍ,SÍ,SÍ,NO,SÍ,SÍ,SÍ,SÍ,SÍ,SÍ,NO,SÍ,SÍ,NO,SÍ,SÍ,NO,SÍ,SÍ,NO,NO,SÍ,SÍ,SÍ,SÍ,SÍ,SÍ,NO,SÍ,SÍ,SÍ,SÍ,NO,NO,NO,SÍ,SÍ,NO,SÍ,,
2025-09-04 18:12:37,04/09/2025,Sucursal Avenida Alta,Alta Verapaz,Distrito Norte,NO,SÍ,SÍ,NO,SÍ,SÍ,SÍ,SÍ,NO,SÍ,NO,SÍ,SÍ,SÍ,SÍ,NO,SÍ,SÍ,SÍ,SÍ,SÍ,NO,NO,NO,NO,SÍ,SÍ,NO,NO,NO,SÍ,SÍ,SÍ,NO,NO,SÍ,NO,SÍ,SÍ,SÍ,,
2025-09-16 12:43:45,16/09/2025,Sucursal Alta Verapaz Plaza,Alta Verapaz,Distrito Norte,SÍ,SÍ,SÍ,SÍ,SÍ,SÍ,SÍ,NO,SÍ,SÍ,SÍ,SÍ,SÍ,SÍ,NO,SÍ,SÍ,SÍ,SÍ,NO,NO,SÍ,SÍ,NO,NO,SÍ,SÍ,SÍ,NO,SÍ,SÍ,SÍ,SÍ,SÍ,NO,NO,SÍ,NO,NO,SÍ,,
2025-09-08 17:48:31,08/09/2025,Sucursal Express Alta,Alta Verapaz,Distrito Norte,NO,SÍ,NO,NO,NO,SÍ,NO,SÍ,NO,NO,NO,SÍ,NO,NO,SÍ,SÍ,NO,SÍ,SÍ,NO,SÍ,NO,NO,NO,SÍ,SÍ,SÍ,NO,SÍ,SÍ,SÍ,SÍ,SÍ,SÍ,SÍ,SÍ,SÍ,NO,SÍ,NO,"Visita dentro del promedio, con áreas de oportunidad.",
2025-09-19 08:50:34,19/09/2025,Sucursal Alta Verapaz Centro,Alta Verapaz,Distrito Norte,SÍ,SÍ,SÍ,SÍ,NO,SÍ,SÍ,NO,NO,NO,NO,SÍ,SÍ,SÍ,SÍ,NO,SÍ,SÍ,SÍ,NO,NO,NO,NO,SÍ,NO,SÍ,SÍ,SÍ,NO,SÍ,SÍ,SÍ,SÍ,NO,SÍ,SÍ,NO,SÍ,SÍ,SÍ,,
2025-09-02 13:18:31,02/09/2025,Sucursal Centro Peté,Petén,Distrito Norte,SÍ,SÍ,SÍ,SÍ,SÍ,SÍ,SÍ,SÍ,SÍ,SÍ,NO,SÍ,SÍ,SÍ,SÍ,SÍ,SÍ,SÍ,NO,SÍ,SÍ,NO,SÍ,SÍ,SÍ,SÍ,SÍ,SÍ,SÍ,SÍ,SÍ,SÍ,SÍ,NO,NO,SÍ,SÍ,SÍ,SÍ,SÍ,Excelente servicio. La sucursal está operando en óptimas condiciones.,
2025-09-16 10:38:18,16/09/2025,Sucursal Petén Plaza,Petén,Distrito Norte,NO,SÍ,SÍ,NO,SÍ,SÍ,SÍ,NO,SÍ,NO,SÍ,SÍ,SÍ,SÍ,SÍ,SÍ,SÍ,SÍ,NO,SÍ,NO,NO,SÍ,NO,NO,SÍ,SÍ,SÍ,NO,NO,SÍ,NO,NO,SÍ,NO,SÍ,SÍ,NO,SÍ,SÍ,,
2025-09-11 17:54:24,11/09/2025,Sucursal Avenida Peté,Petén,Distrito Norte,NO,SÍ,NO,NO,SÍ,SÍ,SÍ,SÍ,SÍ,SÍ,NO,NO,SÍ,SÍ,SÍ,NO,NO,NO,SÍ,SÍ,SÍ,NO,SÍ,SÍ,SÍ,NO,SÍ,SÍ,SÍ,SÍ,SÍ,SÍ,NO,SÍ,NO,SÍ,SÍ,NO,SÍ,SÍ,,
2025-09-07 14:16:41,07/09/2025,Sucursal Izabal Centro,Izabal,Distrito Oriente,SÍ,SÍ,NO,SÍ,SÍ,SÍ,SÍ,SÍ,SÍ,SÍ,SÍ,SÍ,SÍ,SÍ,SÍ,SÍ,SÍ,SÍ,SÍ,SÍ,SÍ,NO,SÍ,NO,SÍ,NO,SÍ,SÍ,SÍ,NO,SÍ,NO,SÍ,SÍ,SÍ,SÍ,SÍ,NO,SÍ,SÍ,"Visita dentro del promedio, con áreas de oportunidad.",
2025-09-22 16:55:22,22/09/2025,Sucursal Express Izab,Izabal,Distrito Oriente,SÍ,SÍ,SÍ,SÍ,SÍ,SÍ,SÍ,SÍ,SÍ,NO,NO,SÍ,SÍ,SÍ,SÍ,NO,SÍ,SÍ,SÍ,SÍ,SÍ,NO,SÍ,SÍ,SÍ,SÍ,SÍ,SÍ,SÍ,NO,NO,SÍ,SÍ,SÍ,SÍ,NO,SÍ,SÍ,SÍ,SÍ,,
2025-09-18 14:54:10,18/09/2025,Sucursal Izabal Centro,Izabal,Distrito Oriente,NO,SÍ,NO,SÍ,NO,SÍ,NO,SÍ,SÍ,NO,NO,SÍ,NO,SÍ,SÍ,NO,NO,SÍ,NO,SÍ,SÍ,NO,SÍ,NO,SÍ,SÍ,NO,SÍ,SÍ,SÍ,SÍ,SÍ,SÍ,NO,NO,SÍ,SÍ,SÍ,NO,SÍ,,
2025-09-08 11:26:15,08/09/2025,Sucursal Centro San ,San Marcos,Distrito Occidente,SÍ,SÍ,SÍ,SÍ,SÍ,SÍ,SÍ,SÍ,SÍ,NO,NO,SÍ,SÍ,SÍ,NO,SÍ,SÍ,SÍ,NO,SÍ,SÍ,NO,SÍ,SÍ,SÍ,NO,SÍ,SÍ,SÍ,SÍ,SÍ,SÍ,SÍ,SÍ,SÍ,SÍ,SÍ,SÍ,SÍ,NO,Excelente servicio. La sucursal está operando en óptimas condiciones.,
2025-09-15 15:15:05,15/09/2025,Sucursal San Marcos Norte,San Marcos,Distrito Occidente,SÍ,SÍ,NO,SÍ,SÍ,SÍ,NO,SÍ,SÍ,NO,NO,SÍ,SÍ,SÍ,SÍ,SÍ,SÍ,SÍ,NO,SÍ,SÍ,NO,SÍ,SÍ,SÍ,NO,SÍ,SÍ,SÍ,SÍ,NO,SÍ,SÍ,SÍ,SÍ,SÍ,SÍ,SÍ,SÍ,SÍ,Excelente servicio. La sucursal está operando en óptimas condiciones.,
2025-09-22 15:44:01,22/09/2025,Sucursal Central San ,San Marcos,Distrito Occidente,SÍ,NO,NO,SÍ,SÍ,SÍ,SÍ,SÍ,SÍ,NO,NO,SÍ,SÍ,NO,NO,SÍ,SÍ,SÍ,SÍ,SÍ,SÍ,NO,NO,NO,SÍ,NO,SÍ,SÍ,NO,SÍ,SÍ,NO,SÍ,NO,SÍ,SÍ,SÍ,NO,SÍ,SÍ,"Visita dentro del promedio, con áreas de oportunidad.",
2025-09-26 13:17:36,26/09/2025,Sucursal Huehuetenango Norte,Huehuetenango,Distrito Occidente,SÍ,SÍ,SÍ,NO,SÍ,SÍ,NO,SÍ,SÍ,SÍ,NO,SÍ,SÍ,SÍ,SÍ,SÍ,SÍ,SÍ,NO,SÍ,NO,NO,SÍ,SÍ,NO,NO,NO,NO,SÍ,SÍ,SÍ,SÍ,SÍ,SÍ,SÍ,SÍ,SÍ,SÍ,SÍ,SÍ,"Visita dentro del promedio, con áreas de oportunidad.",
2025-09-23 13:21:39,23/09/2025,Sucursal Occidente Hueh,Huehuetenango,Distrito Occidente,NO,SÍ,SÍ,SÍ,SÍ,SÍ,SÍ,SÍ,SÍ,NO,NO,SÍ,SÍ,NO,SÍ,SÍ,SÍ,SÍ,NO,NO,NO,SÍ,NO,SÍ,NO,SÍ,NO,SÍ,NO,SÍ,SÍ,SÍ,SÍ,SÍ,NO,SÍ,NO,NO,SÍ,SÍ,"Visita dentro del promedio, con áreas de oportunidad.",
2025-09-09 12:34:10,09/09/2025,Sucursal Huehuetenango Norte,Huehuetenango,Distrito Occidente,SÍ,SÍ,SÍ,NO,SÍ,SÍ,SÍ,NO,SÍ,NO,NO,NO,NO,SÍ,NO,SÍ,SÍ,SÍ,SÍ,NO,SÍ,NO,SÍ,SÍ,NO,NO,SÍ,SÍ,NO,SÍ,NO,SÍ,SÍ,SÍ,SÍ,SÍ,NO,NO,SÍ,SÍ,,
2025-09-04 08:26:52,04/09/2025,Sucursal Brisas Juti,Jutiapa,Distrito Oriente,SÍ,SÍ,NO,NO,SÍ,SÍ,NO,SÍ,NO,NO,NO,SÍ,NO,SÍ,SÍ,SÍ,SÍ,SÍ,NO,SÍ,SÍ,NO,SÍ,SÍ,SÍ,NO,NO,NO,SÍ,SÍ,SÍ,SÍ,NO,NO,SÍ,SÍ,SÍ,SÍ,SÍ,SÍ,,
2025-09-15 11:40:20,15/09/2025,Sucursal Jutiapa Plaza,Jutiapa,Distrito Oriente,SÍ,NO,SÍ,SÍ,SÍ,SÍ,SÍ,SÍ,SÍ,NO,NO,SÍ,SÍ,SÍ,SÍ,SÍ,SÍ,SÍ,NO,SÍ,NO,NO,SÍ,NO,NO,SÍ,SÍ,SÍ,NO,SÍ,NO,SÍ,SÍ,SÍ,SÍ,NO,SÍ,SÍ,SÍ,SÍ,,
2025-09-01 14:03:09,01/09/2025,Sucursal Llanos Zaca,Zacapa,Distrito Oriente,SÍ,SÍ,NO,SÍ,SÍ,SÍ,SÍ,SÍ,NO,NO,SÍ,SÍ,NO,SÍ,SÍ,NO,SÍ,SÍ,NO,SÍ,SÍ,NO,NO,SÍ,SÍ,SÍ,SÍ,SÍ,SÍ,NO,NO,NO,NO,SÍ,SÍ,SÍ,SÍ,SÍ,SÍ,SÍ,,
2025-09-18 12:57:16,18/09/2025,Sucursal Zacapa Plaza,Zacapa,Distrito Oriente,NO,NO,NO,SÍ,SÍ,SÍ,SÍ,NO,SÍ,NO,SÍ,NO,NO,NO,SÍ,SÍ,SÍ,NO,SÍ,SÍ,SÍ,SÍ,NO,NO,SÍ,SÍ,SÍ,SÍ,SÍ,NO,SÍ,NO,SÍ,SÍ,SÍ,NO,NO,SÍ,SÍ,SÍ,"Se notaron deficiencias considerables, especialmente en Cobro. El personal necesita capacitación.",
2025-09-14 12:14:40,14/09/2025,Sucursal Parque Reta,Retalhuleu,Distrito Sur,NO,NO,SÍ,SÍ,SÍ,SÍ,SÍ,NO,SÍ,SÍ,NO,SÍ,SÍ,NO,SÍ,SÍ,SÍ,SÍ,NO,SÍ,SÍ,NO,NO,SÍ,NO,SÍ,SÍ,SÍ,SÍ,SÍ,SÍ,SÍ,SÍ,SÍ,SÍ,SÍ,SÍ,SÍ,SÍ,SÍ,,
2025-09-02 16:28:39,02/09/2025,Sucursal Retalhuleu Norte,Retalhuleu,Distrito Sur,SÍ,SÍ,SÍ,NO,NO,SÍ,SÍ,SÍ,NO,SÍ,SÍ,SÍ,NO,NO,NO,NO,SÍ,SÍ,NO,SÍ,NO,NO,SÍ,SÍ,SÍ,NO,SÍ,NO,SÍ,SÍ,SÍ,SÍ,NO,NO,NO,SÍ,NO,SÍ,SÍ,SÍ,"Se notaron deficiencias considerables, especialmente en Cobro. El personal necesita capacitación.",
2025-09-17 09:34:35,17/09/2025,Sucursal Terminal Such,Suchitepéquez,Distrito Sur,SÍ,SÍ,SÍ,SÍ,SÍ,SÍ,SÍ,NO,SÍ,NO,NO,SÍ,NO,SÍ,SÍ,NO,NO,NO,NO,NO,NO,NO,NO,SÍ,NO,SÍ,SÍ,SÍ,SÍ,SÍ,SÍ,NO,NO,SÍ,NO,SÍ,NO,SÍ,NO,NO,,
2025-09-26 10:20:35,26/09/2025,Sucursal Suchitepéquez Centro,Suchitepéquez,Distrito Sur,NO,NO,SÍ,SÍ,NO,SÍ,SÍ,SÍ,SÍ,NO,NO,NO,SÍ,SÍ,SÍ,SÍ,SÍ,SÍ,NO,SÍ,SÍ,NO,SÍ,SÍ,SÍ,SÍ,NO,NO,SÍ,SÍ,NO,NO,NO,SÍ,SÍ,NO,SÍ,SÍ,SÍ,NO,,
2025-09-22 13:40:45,22/09/2025,Sucursal Parque Sant,Santa Rosa,Distrito Sur,NO,SÍ,SÍ,NO,SÍ,SÍ,SÍ,SÍ,SÍ,NO,NO,SÍ,SÍ,SÍ,SÍ,SÍ,NO,SÍ,NO,SÍ,NO,NO,SÍ,NO,NO,NO,SÍ,NO,SÍ,SÍ,SÍ,SÍ,SÍ,SÍ,SÍ,SÍ,NO,SÍ,SÍ,SÍ,"Visita dentro del promedio, con áreas de oportunidad.",
2025-09-16 14:47:40,16/09/2025,Sucursal Santa Rosa Centro,Santa Rosa,Distrito Sur,SÍ,SÍ,NO,NO,NO,NO,SÍ,NO,SÍ,SÍ,NO,SÍ,NO,NO,NO,SÍ,SÍ,NO,SÍ,NO,NO,NO,SÍ,SÍ,SÍ,SÍ,NO,SÍ,SÍ,SÍ,SÍ,SÍ,NO,SÍ,NO,SÍ,SÍ,SÍ,SÍ,SÍ,,
2025-09-20 08:16:00,20/09/2025,Sucursal Parque El P,El Progreso,Distrito Oriente,SÍ,SÍ,SÍ,SÍ,SÍ,SÍ,SÍ,SÍ,NO,NO,NO,SÍ,NO,SÍ,SÍ,NO,SÍ,SÍ,NO,SÍ,SÍ,NO,SÍ,SÍ,SÍ,SÍ,NO,NO,SÍ,SÍ,SÍ,SÍ,NO,NO,SÍ,SÍ,NO,NO,SÍ,SÍ,,
2025-09-08 09:56:13,08/09/2025,Sucursal El Progreso Norte,El Progreso,Distrito Oriente,SÍ,SÍ,SÍ,SÍ,SÍ,SÍ,SÍ,SÍ,SÍ,NO,NO,SÍ,SÍ,SÍ,SÍ,SÍ,SÍ,SÍ,NO,SÍ,SÍ,NO,SÍ,SÍ,SÍ,SÍ,SÍ,SÍ,SÍ,SÍ,SÍ,SÍ,SÍ,SÍ,SÍ,SÍ,SÍ,SÍ,SÍ,SÍ,Excelente servicio. La sucursal está operando en óptimas condiciones.,
2025-09-04 18:28:30,04/09/2025,Sucursal Mercado Chiq,Chiquimula,Distrito Oriente,NO,SÍ,NO,NO,NO,NO,SÍ,SÍ,NO,NO,NO,SÍ,SÍ,NO,SÍ,SÍ,SÍ,SÍ,SÍ,SÍ,NO,SÍ,SÍ,NO,SÍ,SÍ,SÍ,SÍ,SÍ,SÍ,NO,SÍ,SÍ,SÍ,SÍ,SÍ,SÍ,NO,SÍ,SÍ,,
2025-09-22 12:38:36,22/09/2025,Sucursal Chiquimula Centro,Chiquimula,Distrito Oriente,SÍ,SÍ,SÍ,SÍ,SÍ,SÍ,SÍ,SÍ,SÍ,SÍ,NO,SÍ,SÍ,SÍ,SÍ,SÍ,SÍ,SÍ,SÍ,SÍ,SÍ,NO,SÍ,SÍ,SÍ,NO,SÍ,SÍ,SÍ,SÍ,NO,SÍ,SÍ,NO,SÍ,SÍ,SÍ,SÍ,NO,SÍ,,
2025-09-23 13:56:49,23/09/2025,Sucursal Norte Jala,Jalapa,Distrito Oriente,SÍ,SÍ,SÍ,SÍ,SÍ,NO,SÍ,SÍ,SÍ,NO,SÍ,SÍ,NO,NO,NO,SÍ,NO,SÍ,NO,SÍ,NO,NO,NO,SÍ,NO,SÍ,NO,NO,SÍ,SÍ,NO,SÍ,SÍ,NO,SÍ,SÍ,SÍ,SÍ,SÍ,NO,,
2025-09-01 17:41:25,01/09/2025,Sucursal Jalapa Plaza,Jalapa,Distrito Oriente,SÍ,SÍ,SÍ,SÍ,NO,SÍ,SÍ,NO,SÍ,NO,NO,SÍ,SÍ,SÍ,SÍ,SÍ,SÍ,SÍ,NO,NO,SÍ,NO,SÍ,SÍ,NO,SÍ,SÍ,SÍ,SÍ,NO,SÍ,SÍ,SÍ,SÍ,NO,SÍ,SÍ,SÍ,SÍ,SÍ,,
2025-09-19 11:13:17,19/09/2025,Sucursal Terminal Solo,Sololá,Distrito Occidente,NO,SÍ,SÍ,NO,NO,SÍ,SÍ,NO,SÍ,NO,NO,SÍ,SÍ,NO,SÍ,SÍ,SÍ,SÍ,SÍ,SÍ,SÍ,SÍ,NO,SÍ,NO,NO,SÍ,SÍ,SÍ,SÍ,NO,SÍ,NO,NO,SÍ,NO,NO,SÍ,NO,NO,"Se notaron deficiencias considerables, especialmente en Cobro. El personal necesita capacitación.",Incidencia grave en Cobro: Condiciones inaceptables de servicio o infraestructura.
2025-09-08 12:07:17,08/09/2025,Sucursal Sololá Centro,Sololá,Distrito Occidente,SÍ,SÍ,SÍ,SÍ,SÍ,SÍ,SÍ,SÍ,SÍ,NO,NO,SÍ,SÍ,SÍ,SÍ,SÍ,SÍ,SÍ,NO,SÍ,NO,NO,SÍ,SÍ,SÍ,SÍ,SÍ,SÍ,SÍ,SÍ,SÍ,SÍ,SÍ,SÍ,SÍ,SÍ,SÍ,SÍ,SÍ,SÍ,Excelente servicio. La sucursal está operando en óptimas condiciones.,
2025-09-27 14:31:25,27/09/2025,Sucursal Express Toto,Totonicapán,Distrito Occidente,SÍ,SÍ,NO,NO,SÍ,NO,SÍ,SÍ,SÍ,NO,NO,SÍ,SÍ,SÍ,SÍ,NO,SÍ,NO,NO,SÍ,SÍ,SÍ,SÍ,SÍ,SÍ,SÍ,NO,SÍ,NO,NO,NO,NO,SÍ,SÍ,SÍ,SÍ,SÍ,SÍ,SÍ,SÍ,"Visita dentro del promedio, con áreas de oportunidad.",
2025-09-04 18:16:26,04/09/2025,Sucursal Totonicapán Plaza,Totonicapán,Distrito Occidente,SÍ,SÍ,SÍ,SÍ,NO,SÍ,NO,SÍ,SÍ,NO,SÍ,SÍ,SÍ,SÍ,NO,SÍ,SÍ,SÍ,NO,NO,NO,NO,SÍ,SÍ,SÍ,SÍ,SÍ,SÍ,SÍ,SÍ,SÍ,SÍ,NO,NO,NO,NO,NO,SÍ,SÍ,SÍ,,
2025-09-26 14:56:08,26/09/2025,Sucursal Plaza Quic,Quiché,Distrito Occidente,SÍ,SÍ,SÍ,SÍ,NO,SÍ,SÍ,NO,SÍ,NO,NO,SÍ,SÍ,SÍ,SÍ,SÍ,NO,SÍ,SÍ,SÍ,SÍ,NO,SÍ,SÍ,SÍ,SÍ,SÍ,NO,SÍ,SÍ,SÍ,SÍ,SÍ,SÍ,SÍ,SÍ,SÍ,SÍ,SÍ,SÍ,,
2025-09-08 13:39:15,08/09/2025,Sucursal Quiché Plaza,Quiché,Distrito Occidente,SÍ,SÍ,SÍ,SÍ,NO,SÍ,SÍ,SÍ,SÍ,NO,SÍ,SÍ,NO,SÍ,SÍ,NO,SÍ,SÍ,NO,SÍ,NO,NO,SÍ,SÍ,SÍ,NO,SÍ,NO,NO,SÍ,SÍ,NO,NO,SÍ,NO,NO,SÍ,NO,SÍ,SÍ,,
2025-09-08 14:24:58,08/09/2025,Sucursal Oriente Baja,Baja Verapaz,Distrito Norte,SÍ,SÍ,SÍ,SÍ,SÍ,SÍ,SÍ,SÍ,SÍ,NO,NO,SÍ,SÍ,SÍ,SÍ,SÍ,SÍ,SÍ,SÍ,NO,SÍ,NO,SÍ,NO,SÍ,NO,SÍ,SÍ,SÍ,SÍ,SÍ,SÍ,SÍ,SÍ,SÍ,SÍ,SÍ,SÍ,SÍ,SÍ,Excelente servicio. La sucursal está operando en óptimas condiciones.,
2025-10-21 15:10:19,21/10/2025,Sucursal Centro,Guatemala,Distrito Metro,SÍ,SÍ,SÍ,SÍ,SÍ,SÍ,SÍ,SÍ,SÍ,NO,NO,SÍ,SÍ,SÍ,SÍ,SÍ,SÍ,SÍ,NO,SÍ,NO,NO,SÍ,SÍ,SÍ,SÍ,SÍ,SÍ,SÍ,SÍ,SÍ,SÍ,SÍ,SÍ,SÍ,SÍ,SÍ,SÍ,SÍ,SÍ,Excelente servicio. La sucursal está operando en óptimas condiciones.,
2025-10-23 16:25:03,23/10/2025,Sucursal Norte,Guatemala,Distrito Metro,SÍ,SÍ,NO,NO,NO,SÍ,NO,NO,SÍ,NO,NO,SÍ,SÍ,NO,NO,SÍ,SÍ,SÍ,NO,SÍ,SÍ,NO,SÍ,SÍ,NO,SÍ,SÍ,NO,SÍ,SÍ,SÍ,SÍ,SÍ,NO,SÍ,SÍ,SÍ,SÍ,SÍ,SÍ,,
2025-10-11 10:43:22,11/10/2025,Sucursal Sur,Guatemala,Distrito Metro,SÍ,SÍ,SÍ,SÍ,SÍ,NO,SÍ,SÍ,SÍ,NO,SÍ,SÍ,SÍ,SÍ,SÍ,SÍ,SÍ,SÍ,NO,NO,SÍ,SÍ,SÍ,SÍ,NO,SÍ,NO,SÍ,SÍ,NO,SÍ,SÍ,NO,SÍ,NO,SÍ,SÍ,SÍ,SÍ,SÍ,,
2025-10-04 14:56:58,04/10/2025,Sucursal Las Palmas,Guatemala,Distrito Metro,NO,SÍ,SÍ,SÍ,SÍ,SÍ,SÍ,NO,SÍ,NO,NO,SÍ,SÍ,NO,SÍ,SÍ,SÍ,NO,NO,SÍ,SÍ,SÍ,SÍ,SÍ,SÍ,SÍ,NO,SÍ,SÍ,SÍ,SÍ,SÍ,NO,SÍ,SÍ,NO,NO,NO,NO,SÍ,,
2025-10-27 15:15:13,27/10/2025,Sucursal Pradera,Guatemala,Distrito Metro,SÍ,SÍ,SÍ,NO,SÍ,NO,SÍ,SÍ,NO,NO,SÍ,SÍ,SÍ,NO,SÍ,NO,SÍ,NO,NO,SÍ,SÍ,SÍ,SÍ,SÍ,SÍ,NO,SÍ,SÍ,SÍ,SÍ,SÍ,SÍ,SÍ,SÍ,NO,SÍ,SÍ,NO,NO,SÍ,"Visita dentro del promedio, con áreas de oportunidad.",
2025-10-19 16:16:46,19/10/2025,Sucursal Majadas,Guatemala,Distrito Metro,NO,NO,NO,NO,NO,NO,NO,SÍ,NO,NO,NO,SÍ,SÍ,NO,SÍ,SÍ,NO,NO,SÍ,SÍ,SÍ,NO,NO,NO,SÍ,SÍ,SÍ,NO,NO,NO,NO,NO,SÍ,SÍ,SÍ,NO,NO,NO,SÍ,SÍ,"Se notaron deficiencias considerables, especialmente en Cobro. El personal necesita capacitación.",
2025-10-20 17:43:22,20/10/2025,Sucursal Vista Hermosa,Guatemala,Distrito Metro,SÍ,SÍ,SÍ,SÍ,SÍ,NO,SÍ,SÍ,SÍ,NO,NO,SÍ,SÍ,SÍ,SÍ,SÍ,SÍ,SÍ,NO,SÍ,SÍ,NO,SÍ,SÍ,SÍ,SÍ,SÍ,SÍ,NO,SÍ,SÍ,SÍ,SÍ,SÍ,SÍ,SÍ,SÍ,NO,SÍ,SÍ,Excelente servicio. La sucursal está operando en óptimas condiciones.,
2025-10-26 12:25:05,26/10/2025,Sucursal Cayalá,Guatemala,Distrito Metro,NO,NO,SÍ,SÍ,NO,NO,NO,SÍ,NO,NO,SÍ,NO,SÍ,NO,SÍ,SÍ,SÍ,SÍ,NO,NO,SÍ,SÍ,NO,SÍ,SÍ,SÍ,SÍ,SÍ,NO,NO,SÍ,NO,SÍ,SÍ,NO,SÍ,NO,SÍ,SÍ,SÍ,"Se notaron deficiencias considerables, especialmente en Cobro. El personal necesita capacitación.",Incidencia grave en Cobro: Condiciones inaceptables de servicio o infraestructura.
2025-10-17 12:43:19,17/10/2025,Sucursal Américas,Guatemala,Distrito Metro,SÍ,SÍ,SÍ,SÍ,SÍ,SÍ,SÍ,SÍ,SÍ,NO,NO,SÍ,SÍ,SÍ,SÍ,SÍ,SÍ,SÍ,NO,SÍ,SÍ,NO,SÍ,SÍ,SÍ,SÍ,SÍ,NO,SÍ,SÍ,SÍ,SÍ,SÍ,SÍ,SÍ,SÍ,SÍ,SÍ,SÍ,SÍ,Excelente servicio. La sucursal está operando en óptimas condiciones.,
2025-10-07 09:33:14,07/10/2025,Sucursal Roosevelt,Guatemala,Distrito Metro,NO,NO,NO,NO,SÍ,NO,SÍ,NO,NO,SÍ,SÍ,NO,SÍ,NO,NO,SÍ,NO,NO,SÍ,NO,SÍ,SÍ,NO,NO,NO,NO,SÍ,SÍ,SÍ,NO,NO,NO,NO,SÍ,NO,NO,NO,NO,NO,NO,"Se notaron deficiencias considerables, especialmente en Cobro. El personal necesita capacitación.",
2025-10-18 13:14:18,18/10/2025,Sucursal Portales,Guatemala,Distrito Metro,SÍ,SÍ,SÍ,SÍ,NO,SÍ,NO,SÍ,SÍ,NO,NO,SÍ,SÍ,NO,SÍ,SÍ,SÍ,SÍ,NO,SÍ,SÍ,SÍ,SÍ,NO,SÍ,SÍ,NO,SÍ,NO,SÍ,SÍ,SÍ,NO,NO,SÍ,SÍ,SÍ,SÍ,SÍ,SÍ,,
2025-10-04 10:27:44,04/10/2025,Sucursal Naranjo,Guatemala,Distrito Metro,SÍ,SÍ,SÍ,SÍ,SÍ,SÍ,SÍ,SÍ,SÍ,NO,NO,NO,SÍ,SÍ,SÍ,NO,SÍ,NO,NO,SÍ,SÍ,NO,NO,SÍ,SÍ,SÍ,SÍ,NO,NO,NO,SÍ,SÍ,SÍ,SÍ,NO,SÍ,NO,SÍ,SÍ,SÍ,"Visita dentro del promedio, con áreas de oportunidad.",
2025-10-22 16:51:00,22/10/2025,Sucursal San Cristóbal,Guatemala,Distrito Metro,SÍ,NO,NO,SÍ,SÍ,SÍ,SÍ,SÍ,SÍ,SÍ,NO,SÍ,NO,NO,SÍ,SÍ,SÍ,SÍ,NO,SÍ,SÍ,NO,SÍ,SÍ,SÍ,SÍ,SÍ,SÍ,NO,NO,SÍ,SÍ,SÍ,SÍ,SÍ,SÍ,SÍ,SÍ,SÍ,SÍ,,
2025-10-19 08:35:44,19/10/2025,Sucursal Muxbal,Guatemala,Distrito Metro,SÍ,SÍ,NO,SÍ,SÍ,NO,SÍ,NO,SÍ,NO,NO,NO,SÍ,SÍ,SÍ,SÍ,SÍ,SÍ,NO,SÍ,SÍ,NO,NO,SÍ,SÍ,SÍ,NO,SÍ,NO,SÍ,SÍ,SÍ,SÍ,SÍ,SÍ,SÍ,SÍ,SÍ,SÍ,SÍ,,
2025-10-16 16:34:12,16/10/2025,Sucursal Carretera,Guatemala,Distrito Metro,SÍ,NO,SÍ,SÍ,SÍ,SÍ,SÍ,SÍ,SÍ,NO,SÍ,SÍ,NO,SÍ,NO,NO,SÍ,SÍ,NO,SÍ,SÍ,NO,NO,SÍ,SÍ,SÍ,SÍ,SÍ,SÍ,SÍ,SÍ,SÍ,NO,SÍ,SÍ,SÍ,NO,SÍ,SÍ,SÍ,,
2025-10-27 15:26:03,27/10/2025,Sucursal Zonal,Guatemala,Distrito Metro,SÍ,SÍ,SÍ,NO,SÍ,SÍ,SÍ,SÍ,NO,NO,NO,SÍ,NO,NO,SÍ,NO,SÍ,SÍ,NO,NO,SÍ,NO,SÍ,SÍ,SÍ,SÍ,SÍ,SÍ,SÍ,SÍ,SÍ,SÍ,NO,SÍ,SÍ,SÍ,SÍ,SÍ,NO,SÍ,"Visita dentro del promedio, con áreas de oportunidad.",
2025-10-18 12:34:36,18/10/2025,Sucursal Express,Guatemala,Distrito Metro,SÍ,SÍ,SÍ,SÍ,SÍ,SÍ,SÍ,SÍ,SÍ,SÍ,NO,SÍ,SÍ,SÍ,SÍ,SÍ,NO,SÍ,SÍ,SÍ,SÍ,NO,SÍ,NO,SÍ,SÍ,NO,SÍ,SÍ,SÍ,NO,SÍ,SÍ,SÍ,NO,NO,SÍ,NO,NO,SÍ,,
2025-10-10 11:01:24,10/10/2025,Sucursal San Miguel,Guatemala,Distrito Metro,SÍ,SÍ,SÍ,SÍ,NO,SÍ,NO,SÍ,NO,SÍ,SÍ,SÍ,SÍ,SÍ,SÍ,NO,SÍ,SÍ,NO,SÍ,NO,NO,SÍ,SÍ,SÍ,SÍ,NO,NO,SÍ,SÍ,SÍ,SÍ,SÍ,NO,NO,NO,NO,NO,SÍ,SÍ,,
2025-10-17 16:25:32,17/10/2025,Sucursal Villa Nueva,Guatemala,Distrito Metro,SÍ,SÍ,SÍ,SÍ,SÍ,SÍ,SÍ,SÍ,NO,NO,NO,SÍ,SÍ,SÍ,SÍ,SÍ,SÍ,NO,SÍ,SÍ,NO,NO,SÍ,NO,SÍ,NO,SÍ,SÍ,SÍ,SÍ,SÍ,SÍ,SÍ,SÍ,NO,SÍ,SÍ,SÍ,NO,SÍ,,
2025-10-18 15:31:53,18/10/2025,Sucursal Petapa,Guatemala,Distrito Metro,SÍ,SÍ,SÍ,SÍ,SÍ,SÍ,NO,SÍ,SÍ,NO,SÍ,SÍ,NO,SÍ,SÍ,NO,NO,NO,NO,SÍ,SÍ,NO,SÍ,SÍ,SÍ,SÍ,NO,NO,SÍ,NO,SÍ,SÍ,NO,SÍ,SÍ,SÍ,SÍ,SÍ,SÍ,NO,,
2025-10-17 09:13:21,17/10/2025,Sucursal Mixco,Guatemala,Distrito Metro,SÍ,NO,SÍ,NO,SÍ,SÍ,SÍ,SÍ,SÍ,NO,NO,NO,SÍ,NO,SÍ,NO,SÍ,SÍ,SÍ,SÍ,SÍ,SÍ,NO,SÍ,SÍ,SÍ,NO,NO,SÍ,SÍ,NO,NO,SÍ,SÍ,SÍ,SÍ,SÍ,SÍ,NO,NO,"Visita dentro del promedio, con áreas de oportunidad.",
2025-10-01 11:36:57,01/10/2025,Sucursal San José,Guatemala,Distrito Metro,NO,SÍ,SÍ,SÍ,SÍ,NO,SÍ,NO,SÍ,NO,NO,SÍ,SÍ,SÍ,NO,SÍ,SÍ,SÍ,NO,SÍ,SÍ,SÍ,SÍ,SÍ,SÍ,SÍ,NO,SÍ,NO,SÍ,SÍ,NO,NO,SÍ,NO,SÍ,SÍ,SÍ,NO,SÍ,,
2025-10-05 18:14:25,05/10/2025,Sucursal Santa Catarina,Guatemala,Distrito Metro,SÍ,SÍ,SÍ,SÍ,NO,SÍ,SÍ,SÍ,NO,NO,SÍ,NO,SÍ,SÍ,NO,SÍ,SÍ,SÍ,SÍ,SÍ,NO,SÍ,SÍ,SÍ,SÍ,SÍ,SÍ,SÍ,SÍ,NO,SÍ,SÍ,NO,SÍ,NO,NO,NO,SÍ,SÍ,SÍ,,
2025-10-14 18:51:23,14/10/2025,Sucursal Pinula,Guatemala,Distrito Metro,SÍ,SÍ,SÍ,NO,SÍ,SÍ,SÍ,SÍ,SÍ,NO,NO,SÍ,SÍ,SÍ,SÍ,SÍ,SÍ,SÍ,NO,SÍ,SÍ,NO,SÍ,SÍ,SÍ,SÍ,SÍ,SÍ,SÍ,SÍ,SÍ,SÍ,SÍ,SÍ,SÍ,SÍ,SÍ,SÍ,SÍ,SÍ,Excelente servicio. La sucursal está operando en óptimas condiciones.,
2025-10-16 13:10:28,16/10/2025,Sucursal Boca del Monte,Guatemala,Distrito Metro,SÍ,NO,SÍ,NO,NO,SÍ,SÍ,SÍ,SÍ,NO,SÍ,SÍ,SÍ,SÍ,SÍ,SÍ,NO,SÍ,NO,SÍ,SÍ,NO,NO,SÍ,SÍ,SÍ,SÍ,NO,SÍ,SÍ,SÍ,SÍ,SÍ,SÍ,SÍ,SÍ,NO,SÍ,SÍ,SÍ,,
2025-10-01 18:19:54,01/10/2025,Sucursal Atlántico,Guatemala,Distrito Metro,SÍ,SÍ,NO,SÍ,SÍ,NO,NO,SÍ,SÍ,NO,NO,SÍ,SÍ,SÍ,SÍ,SÍ,SÍ,SÍ,NO,SÍ,NO,SÍ,SÍ,SÍ,NO,SÍ,NO,SÍ,NO,SÍ,SÍ,SÍ,NO,NO,NO,SÍ,SÍ,SÍ,SÍ,SÍ,,
2025-10-19 12:48:00,19/10/2025,Sucursal Pacífico,Guatemala,Distrito Metro,SÍ,NO,NO,SÍ,NO,NO,SÍ,NO,SÍ,SÍ,NO,SÍ,SÍ,SÍ,NO,SÍ,SÍ,NO,SÍ,NO,SÍ,NO,SÍ,SÍ,SÍ,SÍ,SÍ,SÍ,NO,SÍ,SÍ,NO,SÍ,NO,SÍ,SÍ,NO,NO,SÍ,SÍ,,
2025-10-12 16:02:58,12/10/2025,Sucursal Aguilar Batres,Guatemala,Distrito Metro,SÍ,SÍ,NO,SÍ,SÍ,SÍ,SÍ,SÍ,NO,NO,SÍ,SÍ,SÍ,SÍ,NO,NO,SÍ,SÍ,NO,SÍ,SÍ,NO,SÍ,SÍ,SÍ,SÍ,SÍ,SÍ,SÍ,SÍ,SÍ,SÍ,NO,NO,SÍ,SÍ,NO,SÍ,SÍ,SÍ,"Visita dentro del promedio, con áreas de oportunidad.",
2025-10-15 10:53:40,15/10/2025,Sucursal Avenida,Guatemala,Distrito Metro,NO,SÍ,NO,SÍ,SÍ,SÍ,SÍ,SÍ,SÍ,NO,SÍ,SÍ,SÍ,SÍ,SÍ,SÍ,SÍ,SÍ,NO,SÍ,NO,SÍ,NO,SÍ,NO,NO,NO,SÍ,SÍ,NO,NO,SÍ,SÍ,SÍ,SÍ,NO,SÍ,SÍ,NO,SÍ,"Visita dentro del promedio, con áreas de oportunidad.",
2025-10-27 12:45:11,27/10/2025,Sucursal Boulevard,Guatemala,Distrito Metro,SÍ,NO,NO,SÍ,SÍ,NO,SÍ,SÍ,SÍ,NO,NO,SÍ,SÍ,NO,SÍ,NO,SÍ,SÍ,SÍ,NO,NO,SÍ,SÍ,SÍ,SÍ,SÍ,SÍ,SÍ,SÍ,SÍ,SÍ,SÍ,NO,SÍ,NO,NO,SÍ,SÍ,SÍ,SÍ,,
2025-10-23 15:28:07,23/10/2025,Sucursal Quetzaltenango Norte,Quetzaltenango,Distrito Occidente,SÍ,SÍ,SÍ,NO,NO,SÍ,SÍ,SÍ,SÍ,SÍ,NO,SÍ,SÍ,SÍ,SÍ,SÍ,SÍ,NO,NO,SÍ,SÍ,NO,SÍ,SÍ,SÍ,SÍ,SÍ,NO,SÍ,SÍ,SÍ,SÍ,NO,SÍ,SÍ,SÍ,SÍ,SÍ,SÍ,SÍ,"Visita dentro del promedio, con áreas de oportunidad.",
2025-10-06 13:47:43,06/10/2025,Sucursal Terminal Quet,Quetzaltenango,Distrito Occidente,SÍ,SÍ,SÍ,SÍ,SÍ,SÍ,SÍ,SÍ,SÍ,NO,NO,SÍ,SÍ,SÍ,SÍ,SÍ,SÍ,SÍ,NO,SÍ,SÍ,NO,SÍ,SÍ,SÍ,NO,SÍ,SÍ,SÍ,SÍ,SÍ,SÍ,SÍ,SÍ,SÍ,SÍ,SÍ,SÍ,SÍ,SÍ,Excelente servicio. La sucursal está operando en óptimas condiciones.,
2025-10-19 13:48:28,19/10/2025,Sucursal Quetzaltenango Centro,Quetzaltenango,Distrito Occidente,SÍ,SÍ,SÍ,SÍ,SÍ,SÍ,SÍ,SÍ,SÍ,SÍ,NO,SÍ,SÍ,SÍ,SÍ,SÍ,SÍ,SÍ,NO,SÍ,SÍ,NO,SÍ,SÍ,SÍ,SÍ,SÍ,SÍ,SÍ,SÍ,SÍ,SÍ,SÍ,SÍ,SÍ,SÍ,SÍ,NO,SÍ,SÍ,Excelente servicio. La sucursal está operando en óptimas condiciones.,
2025-10-25 09:17:34,25/10/2025,Sucursal Llanos Quet,Quetzaltenango,Distrito Occidente,SÍ,SÍ,NO,SÍ,NO,SÍ,SÍ,SÍ,SÍ,NO,NO,SÍ,SÍ,SÍ,NO,NO,SÍ,SÍ,NO,SÍ,SÍ,SÍ,SÍ,SÍ,SÍ,NO,SÍ,SÍ,SÍ,NO,SÍ,SÍ,SÍ,SÍ,SÍ,SÍ,NO,SÍ,SÍ,NO,"Visita dentro del promedio, con áreas de oportunidad.",
2025-10-11 14:20:36,11/10/2025,Sucursal Quetzaltenango Norte,Quetzaltenango,Distrito Occidente,NO,SÍ,SÍ,SÍ,NO,SÍ,NO,SÍ,SÍ,NO,NO,NO,NO,SÍ,SÍ,SÍ,NO,NO,NO,SÍ,NO,NO,NO,NO,SÍ,NO,SÍ,SÍ,NO,SÍ,SÍ,SÍ,SÍ,NO,NO,SÍ,SÍ,SÍ,SÍ,SÍ,,
2025-10-20 15:23:27,20/10/2025,Sucursal Sur Quet,Quetzaltenango,Distrito Occidente,SÍ,SÍ,SÍ,SÍ,NO,NO,SÍ,NO,SÍ,NO,NO,SÍ,SÍ,NO,SÍ,SÍ,SÍ,SÍ,NO,SÍ,SÍ,NO,SÍ,SÍ,SÍ,SÍ,SÍ,SÍ,SÍ,SÍ,NO,NO,SÍ,SÍ,SÍ,SÍ,SÍ,SÍ,SÍ,SÍ,,
2025-10-23 18:19:31,23/10/2025,Sucursal Escuintla Centro,Escuintla,Distrito Sur,SÍ,NO,NO,SÍ,SÍ,SÍ,SÍ,SÍ,SÍ,NO,NO,SÍ,SÍ,NO,SÍ,SÍ,SÍ,NO,NO,SÍ,SÍ,NO,SÍ,SÍ,SÍ,SÍ,SÍ,SÍ,SÍ,SÍ,SÍ,SÍ,SÍ,SÍ,SÍ,NO,SÍ,SÍ,SÍ,SÍ,,
2025-10-24 08:17:20,24/10/2025,Sucursal Mercado Escu,Escuintla,Distrito Sur,SÍ,SÍ,NO,SÍ,SÍ,NO,SÍ,SÍ,SÍ,NO,NO,SÍ,SÍ,SÍ,NO,SÍ,SÍ,SÍ,NO,SÍ,NO,NO,SÍ,SÍ,SÍ,SÍ,SÍ,SÍ,SÍ,SÍ,SÍ,NO,SÍ,SÍ,NO,SÍ,SÍ,SÍ,SÍ,SÍ,,
2025-10-20 13:13:37,20/10/2025,Sucursal Escuintla Norte,Escuintla,Distrito Sur,NO,SÍ,SÍ,SÍ,SÍ,SÍ,SÍ,SÍ,NO,NO,SÍ,SÍ,SÍ,SÍ,SÍ,SÍ,SÍ,SÍ,NO,SÍ,SÍ,NO,NO,SÍ,SÍ,SÍ,SÍ,SÍ,SÍ,NO,SÍ,SÍ,SÍ,SÍ,SÍ,SÍ,SÍ,SÍ,SÍ,SÍ,,
2025-10-23 14:43:58,23/10/2025,Sucursal Occidente Escu,Escuintla,Distrito Sur,SÍ,SÍ,SÍ,SÍ,SÍ,SÍ,SÍ,NO,NO,SÍ,NO,NO,NO,NO,NO,SÍ,SÍ,NO,NO,SÍ,SÍ,SÍ,SÍ,SÍ,NO,SÍ,NO,SÍ,NO,SÍ,SÍ,SÍ,NO,SÍ,SÍ,NO,SÍ,SÍ,NO,SÍ,"Visita dentro del promedio, con áreas de oportunidad.",
2025-10-04 13:48:13,04/10/2025,Sucursal Escuintla Norte,Escuintla,Distrito Sur,SÍ,NO,SÍ,NO,SÍ,SÍ,NO,SÍ,SÍ,SÍ,NO,SÍ,SÍ,NO,SÍ,SÍ,SÍ,NO,NO,SÍ,SÍ,NO,SÍ,NO,SÍ,NO,SÍ,SÍ,NO,NO,SÍ,SÍ,SÍ,SÍ,NO,SÍ,SÍ,SÍ,SÍ,SÍ,,
2025-10-07 08:24:48,07/10/2025,Sucursal Norte Escu,Escuintla,Distrito Sur,NO,SÍ,SÍ,SÍ,NO,SÍ,SÍ,SÍ,NO,NO,NO,SÍ,SÍ,SÍ,NO,NO,NO,SÍ,NO,SÍ,SÍ,NO,SÍ,SÍ,NO,NO,SÍ,SÍ,SÍ,SÍ,SÍ,NO,NO,SÍ,SÍ,NO,NO,SÍ,SÍ,NO,,
2025-10-09 10:50:22,09/10/2025,Sucursal Sacatepéquez Norte,Sacatepéquez,Distrito Central,SÍ,SÍ,SÍ,NO,SÍ,SÍ,NO,SÍ,SÍ,NO,NO,NO,SÍ,NO,SÍ,SÍ,SÍ,NO,NO,SÍ,SÍ,NO,SÍ,NO,NO,SÍ,SÍ,SÍ,SÍ,SÍ,SÍ,NO,SÍ,SÍ,NO,NO,SÍ,SÍ,SÍ,SÍ,,
2025-10-04 16:36:54,04/10/2025,Sucursal Central Saca,Sacatepéquez,Distrito Central,SÍ,SÍ,SÍ,SÍ,NO,SÍ,SÍ,SÍ,NO,NO,NO,NO,SÍ,SÍ,SÍ,NO,SÍ,SÍ,NO,NO,SÍ,NO,SÍ,SÍ,SÍ,SÍ,SÍ,SÍ,SÍ,SÍ,SÍ,SÍ,NO,NO,NO,SÍ,SÍ,SÍ,SÍ,SÍ,,
2025-10-19 13:29:27,19/10/2025,Sucursal Sacatepéquez Centro,Sacatepéquez,Distrito Central,SÍ,SÍ,NO,SÍ,SÍ,SÍ,SÍ,SÍ,SÍ,NO,NO,SÍ,SÍ,SÍ,SÍ,SÍ,SÍ,NO,NO,SÍ,NO,NO,SÍ,NO,NO,SÍ,NO,SÍ,SÍ,SÍ,SÍ,SÍ,NO,NO,SÍ,SÍ,SÍ,SÍ,SÍ,SÍ,,
2025-10-26 17:28:28,26/10/2025,Sucursal Terminal Saca,Sacatepéquez,Distrito Central,NO,SÍ,NO,SÍ,SÍ,SÍ,SÍ,SÍ,NO,NO,NO,SÍ,SÍ,SÍ,SÍ,SÍ,NO,NO,SÍ,SÍ,SÍ,NO,SÍ,SÍ,NO,SÍ,SÍ,NO,SÍ,SÍ,NO,NO,NO,SÍ,SÍ,SÍ,SÍ,SÍ,NO,NO,,
2025-10-22 09:02:00,22/10/2025,Sucursal Sacatepéquez Norte,Sacatepéquez,Distrito Central,SÍ,SÍ,SÍ,SÍ,SÍ,SÍ,SÍ,SÍ,SÍ,NO,NO,SÍ,SÍ,NO,SÍ,SÍ,SÍ,SÍ,SÍ,SÍ,NO,NO,SÍ,SÍ,NO,SÍ,SÍ,SÍ,SÍ,SÍ,NO,SÍ,SÍ,SÍ,SÍ,SÍ,SÍ,SÍ,SÍ,SÍ,,
2025-10-19 09:50:50,19/10/2025,Sucursal Avenida Chim,Chimaltenango,Distrito Central,SÍ,SÍ,NO,SÍ,SÍ,SÍ,SÍ,NO,NO,NO,SÍ,SÍ,NO,SÍ,SÍ,SÍ,SÍ,SÍ,NO,SÍ,SÍ,NO,NO,SÍ,SÍ,SÍ,SÍ,SÍ,SÍ,SÍ,SÍ,SÍ,NO,NO,SÍ,SÍ,NO,NO,NO,SÍ,"Visita dentro del promedio, con áreas de oportunidad.",
2025-10-04 15:52:13,04/10/2025,Sucursal Chimaltenango Centro,Chimaltenango,Distrito Central,SÍ,SÍ,NO,NO,SÍ,SÍ,SÍ,NO,NO,NO,NO,NO,SÍ,SÍ,SÍ,SÍ,NO,SÍ,NO,NO,NO,NO,SÍ,SÍ,SÍ,SÍ,NO,NO,SÍ,NO,SÍ,NO,SÍ,SÍ,SÍ,SÍ,SÍ,SÍ,SÍ,NO,,
2025-10-27 16:50:06,27/10/2025,Sucursal Plaza Chim,Chimaltenango,Distrito Central,SÍ,SÍ,SÍ,SÍ,SÍ,SÍ,SÍ,SÍ,NO,NO,NO,SÍ,SÍ,NO,SÍ,NO,NO,NO,NO,SÍ,SÍ,SÍ,SÍ,SÍ,SÍ,SÍ,SÍ,SÍ,SÍ,SÍ,SÍ,SÍ,NO,SÍ,SÍ,SÍ,SÍ,SÍ,SÍ,SÍ,"Visita dentro del promedio, con áreas de oportunidad.",
2025-10-18 08:31:32,18/10/2025,Sucursal Chimaltenango Plaza,Chimaltenango,Distrito Central,SÍ,SÍ,NO,NO,SÍ,NO,NO,SÍ,NO,NO,NO,NO,SÍ,SÍ,SÍ,SÍ,SÍ,SÍ,NO,SÍ,SÍ,SÍ,SÍ,NO,SÍ,SÍ,NO,NO,SÍ,SÍ,SÍ,SÍ,NO,SÍ,NO,SÍ,SÍ,SÍ,SÍ,SÍ,"Visita dentro del promedio, con áreas de oportunidad.",
2025-10-09 18:56:51,09/10/2025,Sucursal Avenida Alta,Alta Verapaz,Distrito Norte,SÍ,SÍ,SÍ,SÍ,SÍ,SÍ,NO,SÍ,SÍ,NO,NO,SÍ,SÍ,SÍ,SÍ,SÍ,SÍ,SÍ,NO,SÍ,SÍ,NO,NO,SÍ,NO,SÍ,SÍ,SÍ,SÍ,NO,NO,SÍ,SÍ,SÍ,NO,SÍ,NO,SÍ,SÍ,SÍ,,
2025-10-18 14:18:54,18/10/2025,Sucursal Alta Verapaz Plaza,Alta Verapaz,Distrito Norte,NO,SÍ,SÍ,SÍ,SÍ,SÍ,SÍ,SÍ,SÍ,NO,NO,NO,SÍ,SÍ,SÍ,SÍ,NO,NO,NO,NO,SÍ,NO,NO,SÍ,SÍ,SÍ,SÍ,SÍ,SÍ,SÍ,NO,SÍ,SÍ,SÍ,SÍ,SÍ,NO,NO,SÍ,SÍ,,
2025-10-02 16:21:55,02/10/2025,Sucursal Express Alta,Alta Verapaz,Distrito Norte,NO,SÍ,SÍ,SÍ,SÍ,SÍ,SÍ,SÍ,NO,NO,NO,NO,SÍ,SÍ,NO,SÍ,SÍ,SÍ,NO,NO,SÍ,NO,SÍ,SÍ,NO,SÍ,SÍ,NO,SÍ,NO,NO,NO,SÍ,SÍ,SÍ,SÍ,NO,SÍ,SÍ,SÍ,,
2025-10-22 11:13:22,22/10/2025,Sucursal Alta Verapaz Centro,Alta Verapaz,Distrito Norte,SÍ,SÍ,SÍ,SÍ,SÍ,SÍ,SÍ,SÍ,NO,NO,SÍ,SÍ,NO,SÍ,NO,SÍ,SÍ,SÍ,NO,NO,NO,NO,SÍ,SÍ,SÍ,SÍ,SÍ,SÍ,SÍ,SÍ,NO,SÍ,NO,NO,SÍ,SÍ,NO,SÍ,SÍ,SÍ,"Visita dentro del promedio, con áreas de oportunidad.",
2025-10-11 14:46:47,11/10/2025,Sucursal Centro Peté,Petén,Distrito Norte,SÍ,SÍ,SÍ,SÍ,SÍ,SÍ,SÍ,SÍ,SÍ,NO,NO,SÍ,SÍ,SÍ,SÍ,SÍ,SÍ,SÍ,NO,SÍ,SÍ,NO,SÍ,SÍ,SÍ,SÍ,SÍ,SÍ,SÍ,SÍ,SÍ,SÍ,SÍ,SÍ,SÍ,SÍ,SÍ,SÍ,SÍ,SÍ,Excelente servicio. La sucursal está operando en óptimas condiciones.,
2025-10-16 10:36:42,16/10/2025,Sucursal Petén Plaza,Petén,Distrito Norte,SÍ,SÍ,SÍ,SÍ,NO,SÍ,NO,NO,NO,SÍ,NO,SÍ,SÍ,SÍ,SÍ,SÍ,SÍ,SÍ,NO,SÍ,SÍ,SÍ,SÍ,SÍ,SÍ,NO,SÍ,NO,NO,SÍ,SÍ,SÍ,SÍ,NO,SÍ,NO,SÍ,SÍ,SÍ,SÍ,,
2025-10-23 10:13:50,23/10/2025,Sucursal Avenida Peté,Petén,Distrito Norte,SÍ,SÍ,SÍ,NO,SÍ,SÍ,NO,NO,SÍ,SÍ,NO,NO,SÍ,SÍ,NO,SÍ,SÍ,SÍ,NO,SÍ,NO,NO,NO,SÍ,SÍ,SÍ,NO,SÍ,SÍ,SÍ,NO,SÍ,SÍ,NO,SÍ,NO,NO,SÍ,SÍ,SÍ,,
2025-10-16 18:09:50,16/10/2025,Sucursal Izabal Centro,Izabal,Distrito Oriente,SÍ,SÍ,SÍ,SÍ,SÍ,NO,SÍ,SÍ,SÍ,NO,NO,SÍ,SÍ,SÍ,SÍ,NO,SÍ,SÍ,SÍ,SÍ,SÍ,NO,SÍ,NO,SÍ,SÍ,SÍ,SÍ,SÍ,NO,NO,SÍ,SÍ,SÍ,SÍ,SÍ,SÍ,SÍ,SÍ,SÍ,,
2025-10-21 13:08:57,21/10/2025,Sucursal Express Izab,Izabal,Distrito Oriente,SÍ,SÍ,SÍ,SÍ,SÍ,SÍ,SÍ,SÍ,SÍ,NO,NO,SÍ,SÍ,SÍ,SÍ,SÍ,SÍ,SÍ,NO,SÍ,SÍ,NO,SÍ,SÍ,SÍ,SÍ,SÍ,SÍ,SÍ,SÍ,SÍ,SÍ,SÍ,SÍ,SÍ,SÍ,SÍ,SÍ,SÍ,SÍ,Excelente servicio. La sucursal está operando en óptimas condiciones.,
2025-10-09 17:12:33,09/10/2025,Sucursal Izabal Centro,Izabal,Distrito Oriente,NO,SÍ,SÍ,NO,SÍ,SÍ,SÍ,SÍ,NO,SÍ,SÍ,SÍ,SÍ,SÍ,SÍ,SÍ,SÍ,SÍ,NO,NO,SÍ,NO,SÍ,SÍ,SÍ,SÍ,SÍ,SÍ,SÍ,NO,NO,SÍ,SÍ,SÍ,SÍ,NO,SÍ,SÍ,SÍ,NO,,
2025-10-15 17:58:23,15/10/2025,Sucursal Centro San ,San Marcos,Distrito Occidente,SÍ,SÍ,SÍ,SÍ,SÍ,SÍ,SÍ,SÍ,SÍ,NO,NO,SÍ,SÍ,SÍ,SÍ,SÍ,SÍ,SÍ,NO,SÍ,SÍ,NO,SÍ,SÍ,SÍ,SÍ,SÍ,SÍ,SÍ,SÍ,SÍ,SÍ,SÍ,SÍ,SÍ,SÍ,SÍ,SÍ,SÍ,SÍ,Excelente servicio. La sucursal está operando en óptimas condiciones.,
2025-10-18 12:23:12,18/10/2025,Sucursal San Marcos Norte,San Marcos,Distrito Occidente,SÍ,SÍ,SÍ,SÍ,SÍ,SÍ,NO,SÍ,SÍ,NO,SÍ,SÍ,NO,NO,SÍ,SÍ,SÍ,SÍ,SÍ,SÍ,SÍ,NO,SÍ,SÍ,NO,SÍ,SÍ,SÍ,NO,SÍ,SÍ,NO,SÍ,SÍ,NO,SÍ,SÍ,SÍ,SÍ,SÍ,,
2025-10-25 12:26:40,25/10/2025,Sucursal Central San ,San Marcos,Distrito Occidente,SÍ,SÍ,SÍ,NO,SÍ,NO,SÍ,SÍ,NO,NO,NO,SÍ,SÍ,NO,SÍ,NO,SÍ,SÍ,NO,SÍ,NO,NO,NO,SÍ,SÍ,SÍ,SÍ,SÍ,NO,SÍ,SÍ,SÍ,SÍ,NO,SÍ,SÍ,SÍ,SÍ,SÍ,NO,"Visita dentro del promedio, con áreas de oportunidad.",
2025-10-10 12:24:20,10/10/2025,Sucursal Huehuetenango Norte,Huehuetenango,Distrito Occidente,SÍ,SÍ,SÍ,SÍ,SÍ,SÍ,SÍ,SÍ,SÍ,SÍ,SÍ,SÍ,NO,SÍ,SÍ,NO,SÍ,SÍ,NO,SÍ,SÍ,NO,NO,NO,NO,NO,NO,SÍ,SÍ,SÍ,SÍ,NO,SÍ,SÍ,NO,SÍ,SÍ,SÍ,NO,SÍ,,
2025-10-14 16:58:09,14/10/2025,Sucursal Occidente Hueh,Huehuetenango,Distrito Occidente,NO,SÍ,NO,NO,SÍ,SÍ,NO,NO,SÍ,NO,SÍ,SÍ,SÍ,NO,NO,SÍ,SÍ,NO,NO,SÍ,NO,NO,NO,NO,SÍ,NO,NO,SÍ,SÍ,SÍ,SÍ,NO,SÍ,NO,NO,SÍ,SÍ,SÍ,SÍ,SÍ,"Se notaron deficiencias considerables, especialmente en Cobro. El personal necesita capacitación.",Incidencia grave en Cobro: Condiciones inaceptables de servicio o infraestructura.
2025-10-17 08:58:19,17/10/2025,Sucursal Huehuetenango Norte,Huehuetenango,Distrito Occidente,SÍ,SÍ,SÍ,NO,SÍ,SÍ,SÍ,SÍ,NO,NO,SÍ,NO,NO,SÍ,NO,NO,SÍ,SÍ,NO,SÍ,SÍ,NO,SÍ,SÍ,SÍ,NO,SÍ,SÍ,SÍ,NO,SÍ,NO,SÍ,NO,SÍ,SÍ,NO,SÍ,NO,NO,"Visita dentro del promedio, con áreas de oportunidad.",
2025-10-08 11:51:12,08/10/2025,Sucursal Brisas Juti,Jutiapa,Distrito Oriente,SÍ,SÍ,SÍ,NO,NO,SÍ,SÍ,SÍ,NO,NO,NO,SÍ,SÍ,SÍ,SÍ,SÍ,SÍ,SÍ,NO,SÍ,NO,NO,NO,SÍ,SÍ,SÍ,NO,SÍ,SÍ,SÍ,SÍ,SÍ,SÍ,NO,SÍ,SÍ,NO,SÍ,SÍ,NO,,
2025-10-02 17:04:10,02/10/2025,Sucursal Jutiapa Plaza,Jutiapa,Distrito Oriente,SÍ,SÍ,SÍ,SÍ,SÍ,SÍ,SÍ,SÍ,SÍ,NO,NO,SÍ,SÍ,SÍ,SÍ,SÍ,SÍ,SÍ,NO,SÍ,SÍ,NO,NO,SÍ,SÍ,SÍ,SÍ,SÍ,SÍ,SÍ,SÍ,SÍ,SÍ,SÍ,SÍ,SÍ,SÍ,SÍ,SÍ,SÍ,Excelente servicio. La sucursal está operando en óptimas condiciones.,
2025-10-23 08:57:57,23/10/2025,Sucursal Llanos Zaca,Zacapa,Distrito Oriente,SÍ,NO,NO,SÍ,NO,SÍ,SÍ,SÍ,SÍ,SÍ,NO,SÍ,SÍ,NO,SÍ,SÍ,SÍ,NO,NO,SÍ,NO,NO,SÍ,SÍ,NO,NO,NO,SÍ,SÍ,NO,SÍ,SÍ,SÍ,NO,SÍ,SÍ,NO,SÍ,SÍ,SÍ,,
2025-10-02 09:29:37,02/10/2025,Sucursal Zacapa Plaza,Zacapa,Distrito Oriente,SÍ,NO,NO,NO,NO,NO,SÍ,SÍ,NO,NO,NO,SÍ,NO,NO,NO,SÍ,SÍ,NO,SÍ,SÍ,SÍ,SÍ,NO,NO,NO,NO,NO,NO,NO,NO,SÍ,NO,NO,SÍ,SÍ,SÍ,SÍ,SÍ,SÍ,NO,"Se notaron deficiencias considerables, especialmente en Cobro. El personal necesita capacitación.",
2025-10-26 14:46:14,26/10/2025,Sucursal Parque Reta,Retalhuleu,Distrito Sur,SÍ,SÍ,SÍ,SÍ,SÍ,SÍ,SÍ,SÍ,SÍ,SÍ,SÍ,SÍ,SÍ,SÍ,SÍ,NO,SÍ,NO,NO,SÍ,SÍ,NO,NO,SÍ,SÍ,NO,NO,SÍ,NO,SÍ,NO,SÍ,NO,SÍ,SÍ,SÍ,SÍ,SÍ,NO,NO,,
2025-10-13 18:58:39,13/10/2025,Sucursal Retalhuleu Norte,Retalhuleu,Distrito Sur,SÍ,SÍ,SÍ,NO,NO,SÍ,SÍ,SÍ,SÍ,NO,SÍ,SÍ,SÍ,SÍ,NO,SÍ,SÍ,SÍ,NO,SÍ,SÍ,NO,SÍ,SÍ,NO,SÍ,SÍ,SÍ,SÍ,SÍ,SÍ,SÍ,SÍ,NO,SÍ,NO,SÍ,SÍ,SÍ,NO,,
2025-10-10 18:50:56,10/10/2025,Sucursal Terminal Such,Suchitepéquez,Distrito Sur,SÍ,SÍ,NO,NO,SÍ,SÍ,SÍ,SÍ,SÍ,NO,NO,SÍ,SÍ,NO,SÍ,SÍ,NO,SÍ,NO,SÍ,SÍ,NO,NO,SÍ,NO,SÍ,SÍ,SÍ,SÍ,NO,SÍ,SÍ,SÍ,SÍ,NO,NO,NO,SÍ,SÍ,SÍ,,
2025-10-25 12:17:14,25/10/2025,Sucursal Suchitepéquez Centro,Suchitepéquez,Distrito Sur,NO,SÍ,SÍ,NO,NO,NO,SÍ,NO,SÍ,NO,SÍ,SÍ,SÍ,SÍ,SÍ,SÍ,SÍ,SÍ,SÍ,SÍ,NO,NO,NO,SÍ,SÍ,NO,SÍ,NO,SÍ,NO,SÍ,SÍ,SÍ,SÍ,SÍ,SÍ,SÍ,NO,NO,SÍ,,
2025-10-16 18:32:22,16/10/2025,Sucursal Parque Sant,Santa Rosa,Distrito Sur,SÍ,SÍ,SÍ,SÍ,SÍ,SÍ,SÍ,SÍ,SÍ,NO,NO,SÍ,SÍ,SÍ,SÍ,SÍ,SÍ,SÍ,SÍ,SÍ,SÍ,NO,NO,SÍ,NO,SÍ,SÍ,NO,NO,SÍ,NO,SÍ,SÍ,SÍ,SÍ,SÍ,NO,SÍ,SÍ,NO,,
2025-10-22 10:30:37,22/10/2025,Sucursal Santa Rosa Centro,Santa Rosa,Distrito Sur,SÍ,SÍ,SÍ,SÍ,NO,SÍ,SÍ,SÍ,NO,NO,NO,NO,NO,SÍ,NO,SÍ,NO,SÍ,NO,SÍ,SÍ,NO,NO,SÍ,SÍ,SÍ,SÍ,SÍ,NO,NO,SÍ,SÍ,SÍ,SÍ,SÍ,SÍ,SÍ,SÍ,SÍ,NO,,
2025-10-02 09:51:01,02/10/2025,Sucursal Parque El P,El Progreso,Distrito Oriente,SÍ,SÍ,NO,SÍ,SÍ,NO,SÍ,SÍ,SÍ,NO,NO,SÍ,SÍ,SÍ,NO,NO,SÍ,NO,NO,NO,SÍ,SÍ,NO,NO,SÍ,SÍ,SÍ,SÍ,SÍ,SÍ,NO,NO,NO,SÍ,SÍ,SÍ,SÍ,SÍ,SÍ,NO,,
2025-10-15 16:28:26,15/10/2025,Sucursal El Progreso Norte,El Progreso,Distrito Oriente,SÍ,SÍ,SÍ,SÍ,NO,SÍ,SÍ,SÍ,SÍ,SÍ,NO,SÍ,SÍ,SÍ,SÍ,SÍ,SÍ,SÍ,NO,SÍ,SÍ,NO,SÍ,SÍ,SÍ,SÍ,SÍ,SÍ,SÍ,SÍ,SÍ,SÍ,SÍ,SÍ,SÍ,SÍ,SÍ,SÍ,SÍ,SÍ,Excelente servicio. La sucursal está operando en óptimas condiciones.,
2025-10-14 15:23:23,14/10/2025,Sucursal Mercado Chiq,Chiquimula,Distrito Oriente,SÍ,SÍ,SÍ,SÍ,NO,NO,NO,SÍ,SÍ,SÍ,NO,SÍ,SÍ,NO,NO,NO,SÍ,NO,SÍ,SÍ,SÍ,NO,NO,SÍ,SÍ,SÍ,SÍ,SÍ,NO,SÍ,SÍ,SÍ,NO,NO,SÍ,SÍ,SÍ,SÍ,SÍ,NO,"Visita dentro del promedio, con áreas de oportunidad.",
2025-10-17 15:01:26,17/10/2025,Sucursal Chiquimula Centro,Chiquimula,Distrito Oriente,SÍ,SÍ,SÍ,NO,SÍ,SÍ,SÍ,SÍ,SÍ,NO,NO,SÍ,SÍ,NO,SÍ,NO,SÍ,SÍ,NO,SÍ,SÍ,NO,NO,SÍ,SÍ,SÍ,SÍ,SÍ,NO,SÍ,SÍ,SÍ,SÍ,SÍ,NO,SÍ,SÍ,SÍ,SÍ,NO,,
2025-10-14 13:12:27,14/10/2025,Sucursal Norte Jala,Jalapa,Distrito Oriente,SÍ,SÍ,NO,SÍ,SÍ,NO,SÍ,SÍ,SÍ,NO,NO,NO,SÍ,NO,SÍ,SÍ,SÍ,SÍ,NO,SÍ,SÍ,SÍ,NO,SÍ,SÍ,SÍ,SÍ,NO,SÍ,NO,SÍ,NO,NO,NO,SÍ,SÍ,NO,SÍ,SÍ,NO,,
2025-10-04 10:27:01,04/10/2025,Sucursal Jalapa Plaza,Jalapa,Distrito Oriente,SÍ,SÍ,SÍ,SÍ,SÍ,SÍ,SÍ,NO,SÍ,SÍ,NO,SÍ,SÍ,SÍ,NO,SÍ,SÍ,SÍ,NO,SÍ,SÍ,NO,SÍ,NO,NO,SÍ,NO,SÍ,SÍ,NO,SÍ,SÍ,SÍ,SÍ,SÍ,NO,SÍ,SÍ,SÍ,SÍ,"Visita dentro del promedio, con áreas de oportunidad.",
2025-10-26 16:29:02,26/10/2025,Sucursal Terminal Solo,Sololá,Distrito Occidente,SÍ,SÍ,SÍ,SÍ,SÍ,SÍ,SÍ,NO,SÍ,NO,NO,SÍ,NO,NO,SÍ,NO,NO,NO,SÍ,SÍ,SÍ,SÍ,SÍ,SÍ,SÍ,SÍ,SÍ,SÍ,SÍ,NO,SÍ,SÍ,SÍ,SÍ,SÍ,NO,NO,SÍ,SÍ,NO,,
2025-10-09 17:57:21,09/10/2025,Sucursal Sololá Centro,Sololá,Distrito Occidente,SÍ,SÍ,SÍ,SÍ,SÍ,SÍ,SÍ,SÍ,SÍ,NO,NO,SÍ,SÍ,SÍ,SÍ,SÍ,SÍ,SÍ,NO,SÍ,NO,NO,SÍ,SÍ,SÍ,SÍ,SÍ,SÍ,SÍ,SÍ,SÍ,NO,SÍ,SÍ,SÍ,SÍ,SÍ,SÍ,SÍ,SÍ,Excelente servicio. La sucursal está operando en óptimas condiciones.,
2025-10-15 11:28:50,15/10/2025,Sucursal Express Toto,Totonicapán,Distrito Occidente,SÍ,SÍ,SÍ,SÍ,SÍ,SÍ,SÍ,NO,SÍ,NO,NO,NO,SÍ,SÍ,SÍ,SÍ,SÍ,NO,NO,SÍ,NO,NO,NO,SÍ,SÍ,SÍ,SÍ,SÍ,NO,NO,SÍ,SÍ,SÍ,NO,NO,SÍ,SÍ,NO,SÍ,NO,,
2025-10-21 16:09:38,21/10/2025,Sucursal Totonicapán Plaza,Totonicapán,Distrito Occidente,SÍ,SÍ,SÍ,SÍ,NO,SÍ,SÍ,SÍ,SÍ,SÍ,NO,SÍ,SÍ,SÍ,NO,SÍ,SÍ,SÍ,NO,NO,SÍ,NO,NO,NO,SÍ,SÍ,NO,SÍ,SÍ,SÍ,SÍ,SÍ,NO,NO,NO,SÍ,NO,SÍ,SÍ,SÍ,,
2025-10-27 16:29:05,27/10/2025,Sucursal Plaza Quic,Quiché,Distrito Occidente,SÍ,SÍ,SÍ,NO,SÍ,SÍ,SÍ,SÍ,SÍ,NO,NO,NO,SÍ,SÍ,SÍ,SÍ,SÍ,SÍ,NO,NO,NO,SÍ,SÍ,SÍ,SÍ,SÍ,SÍ,NO,SÍ,SÍ,SÍ,NO,SÍ,NO,SÍ,SÍ,SÍ,NO,SÍ,SÍ,,
2025-10-08 09:38:13,08/10/2025,Sucursal Quiché Plaza,Quiché,Distrito Occidente,SÍ,NO,SÍ,NO,SÍ,NO,SÍ,SÍ,SÍ,NO,SÍ,SÍ,NO,NO,SÍ,SÍ,NO,SÍ,SÍ,SÍ,SÍ,NO,NO,SÍ,NO,SÍ,SÍ,NO,SÍ,SÍ,SÍ,NO,SÍ,NO,SÍ,SÍ,SÍ,NO,NO,NO,,
2025-10-05 09:47:46,05/10/2025,Sucursal Oriente Baja,Baja Verapaz,Distrito Norte,SÍ,SÍ,SÍ,SÍ,NO,SÍ,SÍ,SÍ,NO,NO,SÍ,SÍ,SÍ,SÍ,SÍ,SÍ,NO,SÍ,NO,SÍ,SÍ,NO,SÍ,SÍ,SÍ,SÍ,SÍ,SÍ,SÍ,SÍ,SÍ,NO,SÍ,SÍ,SÍ,SÍ,SÍ,SÍ,SÍ,SÍ,"Visita dentro del promedio, con áreas de oportunidad.",
2025-11-04 11:53:30,04/11/2025,Sucursal Centro,Guatemala,Distrito Metro,SÍ,SÍ,SÍ,SÍ,SÍ,SÍ,SÍ,NO,SÍ,NO,NO,SÍ,SÍ,NO,SÍ,SÍ,SÍ,SÍ,NO,SÍ,SÍ,SÍ,SÍ,SÍ,SÍ,SÍ,SÍ,SÍ,SÍ,SÍ,SÍ,SÍ,NO,SÍ,SÍ,SÍ,SÍ,SÍ,SÍ,SÍ,Excelente servicio. La sucursal está operando en óptimas condiciones.,
2025-11-27 15:48:27,27/11/2025,Sucursal Norte,Guatemala,Distrito Metro,SÍ,SÍ,SÍ,SÍ,SÍ,NO,SÍ,SÍ,SÍ,SÍ,SÍ,SÍ,NO,NO,NO,SÍ,SÍ,NO,SÍ,SÍ,SÍ,NO,SÍ,SÍ,NO,SÍ,SÍ,SÍ,SÍ,SÍ,NO,NO,SÍ,SÍ,SÍ,SÍ,SÍ,SÍ,SÍ,SÍ,,
2025-11-24 11:49:11,24/11/2025,Sucursal Sur,Guatemala,Distrito Metro,SÍ,SÍ,SÍ,SÍ,SÍ,NO,NO,NO,SÍ,SÍ,SÍ,SÍ,SÍ,SÍ,SÍ,SÍ,SÍ,NO,SÍ,SÍ,NO,NO,SÍ,SÍ,SÍ,NO,SÍ,SÍ,SÍ,SÍ,SÍ,SÍ,NO,NO,NO,SÍ,SÍ,SÍ,SÍ,SÍ,,
2025-11-09 12:52:44,09/11/2025,Sucursal Las Palmas,Guatemala,Distrito Metro,NO,NO,SÍ,SÍ,SÍ,SÍ,NO,SÍ,SÍ,NO,NO,SÍ,SÍ,SÍ,SÍ,SÍ,NO,SÍ,NO,SÍ,NO,SÍ,SÍ,SÍ,SÍ,SÍ,NO,SÍ,SÍ,SÍ,SÍ,SÍ,NO,SÍ,NO,SÍ,NO,SÍ,SÍ,SÍ,"Visita dentro del promedio, con áreas de oportunidad.",
2025-11-12 15:46:27,12/11/2025,Sucursal Pradera,Guatemala,Distrito Metro,SÍ,SÍ,SÍ,NO,SÍ,SÍ,NO,NO,SÍ,SÍ,SÍ,SÍ,SÍ,SÍ,SÍ,NO,NO,SÍ,SÍ,SÍ,NO,SÍ,SÍ,NO,SÍ,SÍ,SÍ,NO,NO,SÍ,SÍ,SÍ,SÍ,SÍ,NO,NO,SÍ,SÍ,NO,NO,"Se notaron deficiencias considerables, especialmente en Cobro. El personal necesita capacitación.",Incidencia grave en Cobro: Condiciones inaceptables de servicio o infraestructura.
2025-11-07 09:36:36,07/11/2025,Sucursal Majadas,Guatemala,Distrito Metro,SÍ,SÍ,SÍ,SÍ,SÍ,SÍ,SÍ,SÍ,SÍ,NO,SÍ,SÍ,NO,SÍ,NO,NO,NO,SÍ,NO,SÍ,SÍ,SÍ,NO,SÍ,NO,NO,NO,NO,SÍ,SÍ,NO,SÍ,NO,NO,NO,SÍ,SÍ,SÍ,NO,SÍ,,
2025-11-27 13:16:47,27/11/2025,Sucursal Vista Hermosa,Guatemala,Distrito Metro,SÍ,SÍ,NO,SÍ,SÍ,SÍ,SÍ,NO,NO,NO,NO,SÍ,SÍ,SÍ,SÍ,SÍ,SÍ,SÍ,NO,SÍ,SÍ,NO,SÍ,NO,SÍ,SÍ,SÍ,SÍ,SÍ,SÍ,SÍ,SÍ,SÍ,SÍ,NO,NO,NO,NO,SÍ,SÍ,,
2025-11-22 17:22:03,22/11/2025,Sucursal Cayalá,Guatemala,Distrito Metro,SÍ,SÍ,SÍ,NO,NO,SÍ,SÍ,SÍ,NO,SÍ,NO,SÍ,SÍ,SÍ,NO,SÍ,SÍ,SÍ,NO,SÍ,NO,NO,SÍ,SÍ,SÍ,SÍ,SÍ,NO,NO,SÍ,NO,SÍ,NO,SÍ,SÍ,SÍ,SÍ,SÍ,SÍ,SÍ,,
2025-11-04 08:45:08,04/11/2025,Sucursal Américas,Guatemala,Distrito Metro,SÍ,SÍ,SÍ,SÍ,SÍ,SÍ,SÍ,SÍ,SÍ,SÍ,NO,SÍ,SÍ,NO,NO,SÍ,SÍ,SÍ,NO,SÍ,SÍ,NO,SÍ,SÍ,SÍ,SÍ,SÍ,NO,SÍ,SÍ,SÍ,SÍ,SÍ,NO,SÍ,SÍ,SÍ,SÍ,SÍ,SÍ,,
2025-11-02 16:17:58,02/11/2025,Sucursal Roosevelt,Guatemala,Distrito Metro,SÍ,SÍ,NO,NO,SÍ,NO,NO,NO,SÍ,SÍ,NO,SÍ,SÍ,SÍ,NO,SÍ,NO,NO,SÍ,NO,NO,NO,SÍ,NO,SÍ,SÍ,SÍ,SÍ,NO,NO,SÍ,SÍ,SÍ,SÍ,SÍ,NO,SÍ,NO,SÍ,SÍ,"Se notaron deficiencias considerables, especialmente en Cobro. El personal necesita capacitación.",Incidencia grave en Cobro: Condiciones inaceptables de servicio o infraestructura.
2025-11-18 12:16:10,18/11/2025,Sucursal Portales,Guatemala,Distrito Metro,SÍ,SÍ,NO,SÍ,SÍ,SÍ,NO,SÍ,SÍ,NO,NO,SÍ,SÍ,SÍ,SÍ,SÍ,SÍ,SÍ,SÍ,NO,SÍ,NO,SÍ,NO,NO,SÍ,SÍ,SÍ,SÍ,NO,NO,NO,SÍ,SÍ,SÍ,NO,SÍ,SÍ,SÍ,SÍ,,
2025-11-09 10:04:46,09/11/2025,Sucursal Naranjo,Guatemala,Distrito Metro,SÍ,SÍ,SÍ,SÍ,SÍ,NO,SÍ,SÍ,SÍ,NO,NO,NO,SÍ,NO,SÍ,SÍ,NO,SÍ,NO,SÍ,SÍ,NO,NO,NO,SÍ,SÍ,SÍ,NO,NO,SÍ,SÍ,SÍ,NO,SÍ,SÍ,SÍ,SÍ,SÍ,SÍ,NO,,
2025-11-24 10:18:11,24/11/2025,Sucursal San Cristóbal,Guatemala,Distrito Metro,SÍ,NO,SÍ,NO,SÍ,SÍ,NO,NO,SÍ,NO,NO,NO,SÍ,SÍ,SÍ,SÍ,NO,NO,NO,NO,SÍ,NO,SÍ,SÍ,NO,SÍ,SÍ,NO,SÍ,SÍ,NO,SÍ,SÍ,SÍ,SÍ,NO,SÍ,NO,SÍ,NO,,
2025-11-21 08:42:25,21/11/2025,Sucursal Muxbal,Guatemala,Distrito Metro,NO,NO,SÍ,SÍ,SÍ,SÍ,SÍ,SÍ,SÍ,NO,NO,SÍ,SÍ,SÍ,SÍ,SÍ,SÍ,SÍ,NO,SÍ,SÍ,NO,SÍ,SÍ,SÍ,SÍ,SÍ,SÍ,SÍ,SÍ,SÍ,SÍ,SÍ,SÍ,SÍ,SÍ,SÍ,SÍ,SÍ,SÍ,Excelente servicio. La sucursal está operando en óptimas condiciones.,
2025-11-08 13:37:00,08/11/2025,Sucursal Carretera,Guatemala,Distrito Metro,SÍ,NO,NO,SÍ,SÍ,NO,NO,SÍ,SÍ,NO,NO,SÍ,SÍ,NO,SÍ,SÍ,SÍ,SÍ,NO,SÍ,SÍ,SÍ,SÍ,NO,NO,NO,SÍ,NO,SÍ,NO,SÍ,SÍ,NO,SÍ,SÍ,SÍ,SÍ,NO,SÍ,NO,,
2025-11-16 18:53:58,16/11/2025,Sucursal Zonal,Guatemala,Distrito Metro,NO,SÍ,SÍ,SÍ,SÍ,SÍ,NO,NO,SÍ,SÍ,NO,SÍ,SÍ,SÍ,SÍ,SÍ,SÍ,SÍ,NO,SÍ,SÍ,NO,SÍ,NO,NO,SÍ,NO,SÍ,SÍ,SÍ,SÍ,SÍ,SÍ,SÍ,SÍ,SÍ,SÍ,SÍ,SÍ,SÍ,,
2025-11-25 10:47:56,25/11/2025,Sucursal Express,Guatemala,Distrito Metro,NO,SÍ,SÍ,SÍ,SÍ,SÍ,SÍ,SÍ,SÍ,NO,NO,SÍ,NO,NO,NO,SÍ,SÍ,NO,SÍ,SÍ,SÍ,SÍ,SÍ,NO,SÍ,SÍ,SÍ,SÍ,NO,NO,NO,NO,SÍ,SÍ,SÍ,SÍ,SÍ,SÍ,SÍ,SÍ,"Visita dentro del promedio, con áreas de oportunidad.",
2025-11-16 12:28:58,16/11/2025,Sucursal San Miguel,Guatemala,Distrito Metro,SÍ,NO,SÍ,SÍ,NO,SÍ,SÍ,SÍ,NO,SÍ,NO,NO,SÍ,NO,NO,SÍ,SÍ,NO,NO,NO,NO,SÍ,NO,SÍ,NO,NO,SÍ,NO,SÍ,NO,NO,SÍ,SÍ,SÍ,NO,NO,NO,SÍ,SÍ,SÍ,"Se notaron deficiencias considerables, especialmente en Cobro. El personal necesita capacitación.",
2025-11-05 08:53:54,05/11/2025,Sucursal Villa Nueva,Guatemala,Distrito Metro,SÍ,SÍ,SÍ,SÍ,NO,SÍ,SÍ,SÍ,SÍ,NO,SÍ,SÍ,SÍ,NO,SÍ,SÍ,SÍ,SÍ,NO,SÍ,NO,NO,NO,SÍ,SÍ,NO,SÍ,SÍ,SÍ,NO,SÍ,SÍ,SÍ,NO,SÍ,SÍ,NO,NO,SÍ,SÍ,,
2025-11-26 11:35:34,26/11/2025,Sucursal Petapa,Guatemala,Distrito Metro,SÍ,SÍ,SÍ,SÍ,SÍ,NO,SÍ,NO,NO,NO,NO,SÍ,SÍ,SÍ,SÍ,SÍ,SÍ,SÍ,SÍ,NO,SÍ,NO,SÍ,NO,SÍ,SÍ,SÍ,SÍ,SÍ,NO,NO,NO,SÍ,SÍ,NO,SÍ,NO,SÍ,NO,SÍ,"Visita dentro del promedio, con áreas de oportunidad.",
2025-11-22 10:27:11,22/11/2025,Sucursal Mixco,Guatemala,Distrito Metro,SÍ,SÍ,SÍ,SÍ,NO,SÍ,NO,SÍ,NO,NO,SÍ,SÍ,NO,SÍ,SÍ,SÍ,SÍ,SÍ,NO,SÍ,SÍ,NO,SÍ,SÍ,NO,NO,SÍ,NO,NO,NO,NO,SÍ,NO,NO,SÍ,NO,SÍ,SÍ,SÍ,NO,,
2025-11-06 14:08:54,06/11/2025,Sucursal San José,Guatemala,Distrito Metro,NO,NO,SÍ,NO,NO,SÍ,SÍ,SÍ,SÍ,SÍ,NO,NO,SÍ,NO,SÍ,NO,SÍ,NO,NO,SÍ,SÍ,SÍ,SÍ,SÍ,SÍ,SÍ,SÍ,NO,NO,NO,SÍ,SÍ,NO,SÍ,SÍ,SÍ,SÍ,SÍ,NO,NO,,
2025-11-20 16:53:11,20/11/2025,Sucursal Santa Catarina,Guatemala,Distrito Metro,NO,SÍ,SÍ,SÍ,SÍ,NO,NO,SÍ,SÍ,SÍ,SÍ,SÍ,SÍ,SÍ,NO,NO,SÍ,NO,SÍ,NO,NO,NO,SÍ,SÍ,NO,SÍ,SÍ,SÍ,SÍ,SÍ,NO,SÍ,NO,SÍ,NO,SÍ,SÍ,NO,SÍ,NO,"Se notaron deficiencias considerables, especialmente en Cobro. El personal necesita capacitación.",
2025-11-02 18:34:29,02/11/2025,Sucursal Pinula,Guatemala,Distrito Metro,NO,NO,SÍ,NO,NO,SÍ,NO,NO,SÍ,NO,NO,NO,NO,NO,NO,NO,SÍ,NO,NO,SÍ,SÍ,NO,SÍ,SÍ,SÍ,NO,NO,NO,NO,NO,NO,SÍ,NO,SÍ,SÍ,NO,SÍ,NO,NO,SÍ,"Se notaron deficiencias considerables, especialmente en Cobro. El personal necesita capacitación.",Incidencia grave en Cobro: Condiciones inaceptables de servicio o infraestructura.
2025-11-11 16:48:35,11/11/2025,Sucursal Boca del Monte,Guatemala,Distrito Metro,SÍ,NO,SÍ,SÍ,SÍ,SÍ,NO,NO,NO,SÍ,SÍ,SÍ,SÍ,SÍ,SÍ,NO,NO,SÍ,NO,SÍ,SÍ,NO,SÍ,SÍ,SÍ,SÍ,NO,SÍ,NO,SÍ,SÍ,NO,NO,NO,SÍ,SÍ,SÍ,SÍ,NO,SÍ,,
2025-11-24 15:21:42,24/11/2025,Sucursal Atlántico,Guatemala,Distrito Metro,SÍ,NO,SÍ,NO,SÍ,NO,SÍ,SÍ,SÍ,SÍ,NO,SÍ,SÍ,SÍ,SÍ,SÍ,SÍ,SÍ,NO,SÍ,SÍ,NO,NO,SÍ,NO,SÍ,NO,SÍ,SÍ,SÍ,NO,SÍ,SÍ,SÍ,NO,NO,SÍ,NO,SÍ,NO,,
2025-11-01 12:27:52,01/11/2025,Sucursal Pacífico,Guatemala,Distrito Metro,NO,NO,SÍ,SÍ,SÍ,NO,NO,SÍ,SÍ,SÍ,NO,SÍ,SÍ,SÍ,NO,SÍ,SÍ,SÍ,SÍ,SÍ,SÍ,SÍ,NO,NO,NO,SÍ,NO,SÍ,SÍ,SÍ,SÍ,SÍ,NO,SÍ,NO,SÍ,SÍ,SÍ,NO,SÍ,,
2025-11-16 16:08:01,16/11/2025,Sucursal Aguilar Batres,Guatemala,Distrito Metro,SÍ,NO,SÍ,SÍ,NO,SÍ,SÍ,SÍ,SÍ,NO,NO,SÍ,SÍ,SÍ,NO,NO,SÍ,SÍ,NO,NO,SÍ,NO,SÍ,NO,SÍ,SÍ,SÍ,SÍ,SÍ,SÍ,SÍ,SÍ,SÍ,SÍ,NO,NO,SÍ,SÍ,SÍ,SÍ,"Visita dentro del promedio, con áreas de oportunidad.",
2025-11-07 11:02:18,07/11/2025,Sucursal Avenida,Guatemala,Distrito Metro,SÍ,NO,SÍ,SÍ,SÍ,SÍ,NO,SÍ,SÍ,NO,SÍ,NO,SÍ,NO,SÍ,SÍ,SÍ,SÍ,NO,NO,NO,NO,SÍ,NO,SÍ,SÍ,NO,SÍ,SÍ,SÍ,SÍ,SÍ,SÍ,SÍ,SÍ,SÍ,SÍ,SÍ,SÍ,NO,,
2025-11-07 10:51:33,07/11/2025,Sucursal Boulevard,Guatemala,Distrito Metro,SÍ,SÍ,SÍ,SÍ,NO,NO,SÍ,SÍ,NO,NO,SÍ,NO,SÍ,SÍ,NO,SÍ,SÍ,SÍ,SÍ,SÍ,SÍ,SÍ,NO,NO,SÍ,NO,SÍ,NO,SÍ,NO,SÍ,SÍ,SÍ,NO,NO,SÍ,SÍ,NO,SÍ,SÍ,,
2025-11-04 16:14:43,04/11/2025,Sucursal Quetzaltenango Norte,Quetzaltenango,Distrito Occidente,NO,SÍ,SÍ,SÍ,SÍ,SÍ,SÍ,SÍ,SÍ,NO,NO,NO,SÍ,NO,NO,SÍ,SÍ,SÍ,NO,SÍ,NO,SÍ,SÍ,SÍ,SÍ,SÍ,SÍ,SÍ,NO,SÍ,SÍ,NO,SÍ,SÍ,SÍ,SÍ,NO,SÍ,SÍ,SÍ,,
2025-11-15 17:02:38,15/11/2025,Sucursal Terminal Quet,Quetzaltenango,Distrito Occidente,SÍ,SÍ,SÍ,SÍ,SÍ,SÍ,SÍ,SÍ,SÍ,NO,NO,SÍ,SÍ,SÍ,SÍ,SÍ,SÍ,SÍ,SÍ,SÍ,SÍ,NO,SÍ,SÍ,SÍ,SÍ,SÍ,SÍ,SÍ,SÍ,SÍ,SÍ,SÍ,SÍ,SÍ,SÍ,SÍ,SÍ,SÍ,SÍ,Excelente servicio. La sucursal está operando en óptimas condiciones.,
2025-11-11 16:23:07,11/11/2025,Sucursal Quetzaltenango Centro,Quetzaltenango,Distrito Occidente,NO,SÍ,SÍ,SÍ,SÍ,SÍ,SÍ,SÍ,SÍ,NO,SÍ,SÍ,SÍ,SÍ,SÍ,SÍ,SÍ,SÍ,NO,SÍ,SÍ,NO,SÍ,SÍ,SÍ,SÍ,SÍ,SÍ,SÍ,SÍ,SÍ,SÍ,SÍ,SÍ,SÍ,SÍ,SÍ,SÍ,SÍ,SÍ,Excelente servicio. La sucursal está operando en óptimas condiciones.,
2025-11-11 18:17:53,11/11/2025,Sucursal Llanos Quet,Quetzaltenango,Distrito Occidente,SÍ,SÍ,SÍ,SÍ,SÍ,NO,SÍ,SÍ,SÍ,NO,NO,SÍ,NO,SÍ,NO,SÍ,SÍ,SÍ,NO,SÍ,SÍ,NO,NO,NO,SÍ,SÍ,SÍ,SÍ,SÍ,SÍ,SÍ,NO,NO,NO,NO,NO,SÍ,SÍ,NO,SÍ,,
2025-11-03 08:50:23,03/11/2025,Sucursal Quetzaltenango Norte,Quetzaltenango,Distrito Occidente,NO,SÍ,SÍ,SÍ,NO,SÍ,NO,SÍ,SÍ,NO,NO,SÍ,SÍ,SÍ,SÍ,SÍ,SÍ,SÍ,NO,SÍ,SÍ,NO,SÍ,SÍ,SÍ,SÍ,SÍ,NO,NO,NO,SÍ,SÍ,NO,SÍ,SÍ,SÍ,SÍ,SÍ,NO,NO,"Visita dentro del promedio, con áreas de oportunidad.",
2025-11-03 10:11:25,03/11/2025,Sucursal Sur Quet,Quetzaltenango,Distrito Occidente,SÍ,SÍ,SÍ,SÍ,SÍ,SÍ,NO,SÍ,SÍ,NO,SÍ,SÍ,SÍ,SÍ,SÍ,NO,NO,SÍ,NO,SÍ,SÍ,NO,SÍ,SÍ,NO,SÍ,SÍ,SÍ,SÍ,SÍ,SÍ,SÍ,NO,SÍ,SÍ,SÍ,SÍ,SÍ,SÍ,SÍ,,
2025-11-26 16:21:15,26/11/2025,Sucursal Escuintla Centro,Escuintla,Distrito Sur,SÍ,SÍ,SÍ,SÍ,SÍ,SÍ,SÍ,SÍ,SÍ,NO,NO,SÍ,SÍ,SÍ,SÍ,NO,SÍ,SÍ,NO,SÍ,SÍ,NO,SÍ,SÍ,SÍ,SÍ,SÍ,SÍ,SÍ,SÍ,SÍ,SÍ,SÍ,SÍ,SÍ,SÍ,SÍ,SÍ,SÍ,SÍ,Excelente servicio. La sucursal está operando en óptimas condiciones.,
2025-11-16 14:49:02,16/11/2025,Sucursal Mercado Escu,Escuintla,Distrito Sur,SÍ,SÍ,SÍ,SÍ,SÍ,SÍ,SÍ,SÍ,SÍ,NO,NO,SÍ,SÍ,SÍ,SÍ,SÍ,SÍ,SÍ,NO,SÍ,SÍ,NO,SÍ,SÍ,SÍ,SÍ,SÍ,SÍ,SÍ,SÍ,SÍ,SÍ,SÍ,SÍ,SÍ,SÍ,SÍ,SÍ,NO,SÍ,Excelente servicio. La sucursal está operando en óptimas condiciones.,
2025-11-24 11:45:27,24/11/2025,Sucursal Escuintla Norte,Escuintla,Distrito Sur,NO,NO,SÍ,SÍ,SÍ,SÍ,SÍ,SÍ,SÍ,NO,SÍ,SÍ,NO,SÍ,SÍ,SÍ,NO,NO,NO,SÍ,SÍ,NO,SÍ,SÍ,SÍ,SÍ,SÍ,SÍ,SÍ,NO,SÍ,SÍ,SÍ,SÍ,SÍ,SÍ,NO,NO,NO,SÍ,,
2025-11-02 18:31:28,02/11/2025,Sucursal Occidente Escu,Escuintla,Distrito Sur,SÍ,SÍ,SÍ,SÍ,SÍ,SÍ,SÍ,SÍ,SÍ,NO,NO,SÍ,SÍ,SÍ,SÍ,SÍ,SÍ,SÍ,NO,SÍ,SÍ,NO,SÍ,SÍ,SÍ,SÍ,SÍ,SÍ,SÍ,SÍ,SÍ,SÍ,SÍ,SÍ,NO,SÍ,SÍ,SÍ,SÍ,SÍ,Excelente servicio. La sucursal está operando en óptimas condiciones.,
2025-11-24 14:19:06,24/11/2025,Sucursal Escuintla Norte,Escuintla,Distrito Sur,NO,SÍ,SÍ,SÍ,SÍ,SÍ,NO,NO,SÍ,SÍ,NO,SÍ,SÍ,NO,SÍ,SÍ,SÍ,SÍ,SÍ,SÍ,NO,NO,SÍ,SÍ,NO,SÍ,SÍ,SÍ,SÍ,SÍ,NO,NO,SÍ,NO,SÍ,SÍ,SÍ,SÍ,NO,SÍ,"Visita dentro del promedio, con áreas de oportunidad.",
2025-11-13 09:33:17,13/11/2025,Sucursal Norte Escu,Escuintla,Distrito Sur,SÍ,SÍ,NO,SÍ,NO,SÍ,NO,SÍ,NO,NO,SÍ,NO,SÍ,SÍ,NO,NO,SÍ,SÍ,NO,NO,NO,NO,SÍ,SÍ,SÍ,SÍ,SÍ,NO,SÍ,SÍ,SÍ,SÍ,NO,NO,NO,NO,NO,SÍ,NO,SÍ,"Se notaron deficiencias considerables, especialmente en Cobro. El personal necesita capacitación.",Incidencia grave en Cobro: Condiciones inaceptables de servicio o infraestructura.
2025-11-08 18:02:30,08/11/2025,Sucursal Sacatepéquez Norte,Sacatepéquez,Distrito Central,SÍ,SÍ,NO,NO,SÍ,SÍ,SÍ,SÍ,NO,SÍ,NO,NO,NO,SÍ,SÍ,SÍ,SÍ,SÍ,SÍ,NO,SÍ,NO,SÍ,NO,NO,SÍ,NO,SÍ,SÍ,SÍ,SÍ,SÍ,SÍ,SÍ,NO,SÍ,SÍ,SÍ,SÍ,SÍ,"Visita dentro del promedio, con áreas de oportunidad.",
2025-11-23 17:30:14,23/11/2025,Sucursal Central Saca,Sacatepéquez,Distrito Central,SÍ,SÍ,SÍ,SÍ,NO,SÍ,SÍ,NO,SÍ,NO,NO,SÍ,SÍ,SÍ,SÍ,NO,SÍ,SÍ,NO,NO,NO,NO,SÍ,SÍ,NO,SÍ,SÍ,SÍ,SÍ,SÍ,SÍ,SÍ,NO,NO,SÍ,SÍ,NO,SÍ,SÍ,SÍ,,
2025-11-22 17:51:34,22/11/2025,Sucursal Sacatepéquez Centro,Sacatepéquez,Distrito Central,SÍ,SÍ,SÍ,SÍ,SÍ,SÍ,SÍ,SÍ,SÍ,NO,NO,SÍ,NO,SÍ,SÍ,SÍ,SÍ,SÍ,NO,SÍ,SÍ,NO,SÍ,NO,SÍ,NO,SÍ,NO,SÍ,NO,SÍ,SÍ,NO,SÍ,SÍ,SÍ,SÍ,SÍ,SÍ,SÍ,,
2025-11-26 14:39:47,26/11/2025,Sucursal Terminal Saca,Sacatepéquez,Distrito Central,NO,SÍ,SÍ,SÍ,SÍ,NO,NO,SÍ,SÍ,NO,SÍ,SÍ,SÍ,NO,NO,SÍ,SÍ,SÍ,SÍ,SÍ,SÍ,NO,NO,SÍ,SÍ,NO,NO,SÍ,SÍ,SÍ,SÍ,NO,NO,SÍ,NO,NO,SÍ,NO,SÍ,SÍ,,
2025-11-13 08:08:01,13/11/2025,Sucursal Sacatepéquez Norte,Sacatepéquez,Distrito Central,SÍ,NO,SÍ,SÍ,SÍ,SÍ,SÍ,SÍ,SÍ,NO,NO,SÍ,NO,SÍ,SÍ,SÍ,SÍ,SÍ,NO,SÍ,SÍ,SÍ,SÍ,SÍ,SÍ,SÍ,SÍ,SÍ,SÍ,SÍ,SÍ,SÍ,SÍ,SÍ,SÍ,SÍ,NO,NO,NO,SÍ,,
2025-11-25 17:54:40,25/11/2025,Sucursal Avenida Chim,Chimaltenango,Distrito Central,SÍ,SÍ,SÍ,NO,SÍ,NO,SÍ,SÍ,NO,SÍ,SÍ,SÍ,NO,SÍ,NO,NO,SÍ,SÍ,NO,SÍ,SÍ,NO,SÍ,SÍ,SÍ,SÍ,SÍ,SÍ,NO,SÍ,NO,NO,SÍ,SÍ,NO,SÍ,SÍ,SÍ,SÍ,SÍ,,
2025-11-21 08:52:39,21/11/2025,Sucursal Chimaltenango Centro,Chimaltenango,Distrito Central,SÍ,SÍ,NO,SÍ,SÍ,NO,NO,SÍ,SÍ,NO,NO,SÍ,SÍ,SÍ,SÍ,NO,NO,NO,NO,SÍ,NO,NO,SÍ,SÍ,SÍ,NO,SÍ,SÍ,SÍ,NO,SÍ,NO,SÍ,NO,SÍ,SÍ,NO,NO,NO,SÍ,,
2025-11-21 11:39:46,21/11/2025,Sucursal Plaza Chim,Chimaltenango,Distrito Central,NO,SÍ,SÍ,SÍ,SÍ,NO,SÍ,NO,NO,SÍ,SÍ,SÍ,SÍ,SÍ,SÍ,SÍ,NO,SÍ,NO,SÍ,SÍ,SÍ,NO,SÍ,SÍ,SÍ,SÍ,NO,SÍ,SÍ,NO,SÍ,SÍ,NO,NO,SÍ,SÍ,SÍ,SÍ,SÍ,,
2025-11-24 17:29:16,24/11/2025,Sucursal Chimaltenango Plaza,Chimaltenango,Distrito Central,SÍ,SÍ,SÍ,SÍ,SÍ,NO,SÍ,SÍ,SÍ,NO,NO,NO,SÍ,NO,SÍ,SÍ,NO,SÍ,NO,NO,SÍ,NO,SÍ,SÍ,SÍ,SÍ,SÍ,NO,SÍ,NO,SÍ,SÍ,NO,SÍ,SÍ,SÍ,SÍ,NO,SÍ,NO,,
2025-11-22 15:18:37,22/11/2025,Sucursal Avenida Alta,Alta Verapaz,Distrito Norte,SÍ,NO,SÍ,SÍ,SÍ,SÍ,NO,SÍ,SÍ,SÍ,SÍ,SÍ,SÍ,SÍ,NO,NO,SÍ,SÍ,SÍ,NO,SÍ,SÍ,SÍ,SÍ,NO,NO,NO,NO,NO,SÍ,SÍ,SÍ,SÍ,NO,NO,SÍ,NO,SÍ,NO,NO,"Se notaron deficiencias considerables, especialmente en Cobro. El personal necesita capacitación.",Incidencia grave en Cobro: Condiciones inaceptables de servicio o infraestructura.
2025-11-09 17:58:20,09/11/2025,Sucursal Alta Verapaz Plaza,Alta Verapaz,Distrito Norte,SÍ,SÍ,SÍ,NO,NO,SÍ,SÍ,SÍ,SÍ,NO,NO,SÍ,SÍ,SÍ,SÍ,NO,NO,SÍ,SÍ,SÍ,SÍ,NO,SÍ,SÍ,SÍ,NO,SÍ,NO,NO,NO,NO,SÍ,SÍ,SÍ,NO,NO,SÍ,SÍ,SÍ,SÍ,,
2025-11-02 18:53:46,02/11/2025,Sucursal Express Alta,Alta Verapaz,Distrito Norte,SÍ,NO,NO,SÍ,SÍ,NO,SÍ,SÍ,SÍ,NO,NO,NO,SÍ,SÍ,NO,NO,NO,NO,SÍ,NO,NO,NO,NO,NO,NO,NO,SÍ,NO,SÍ,SÍ,NO,SÍ,SÍ,SÍ,SÍ,SÍ,SÍ,NO,SÍ,SÍ,"Se notaron deficiencias considerables, especialmente en Cobro. El personal necesita capacitación.",
2025-11-07 16:13:49,07/11/2025,Sucursal Alta Verapaz Centro,Alta Verapaz,Distrito Norte,SÍ,SÍ,NO,SÍ,SÍ,SÍ,SÍ,SÍ,SÍ,NO,SÍ,SÍ,SÍ,SÍ,NO,SÍ,SÍ,SÍ,NO,NO,NO,NO,SÍ,SÍ,SÍ,SÍ,SÍ,SÍ,SÍ,SÍ,SÍ,SÍ,NO,SÍ,SÍ,SÍ,NO,SÍ,SÍ,SÍ,,
2025-11-03 15:24:35,03/11/2025,Sucursal Centro Peté,Petén,Distrito Norte,SÍ,SÍ,NO,NO,NO,NO,NO,SÍ,SÍ,SÍ,NO,SÍ,NO,NO,NO,NO,NO,NO,NO,SÍ,SÍ,SÍ,NO,NO,SÍ,NO,NO,NO,NO,NO,SÍ,NO,SÍ,SÍ,NO,SÍ,SÍ,NO,NO,NO,"Se notaron deficiencias considerables, especialmente en Cobro. El personal necesita capacitación.",
2025-11-22 18:36:22,22/11/2025,Sucursal Petén Plaza,Petén,Distrito Norte,NO,SÍ,NO,SÍ,SÍ,SÍ,SÍ,SÍ,SÍ,NO,NO,SÍ,SÍ,NO,SÍ,SÍ,SÍ,SÍ,SÍ,SÍ,NO,SÍ,SÍ,NO,SÍ,NO,SÍ,SÍ,NO,SÍ,NO,SÍ,SÍ,SÍ,NO,SÍ,SÍ,SÍ,NO,SÍ,,
2025-11-17 14:10:32,17/11/2025,Sucursal Avenida Peté,Petén,Distrito Norte,SÍ,SÍ,SÍ,SÍ,SÍ,NO,SÍ,SÍ,SÍ,SÍ,NO,NO,SÍ,SÍ,SÍ,SÍ,NO,SÍ,NO,SÍ,NO,SÍ,SÍ,SÍ,SÍ,NO,NO,NO,SÍ,SÍ,SÍ,SÍ,SÍ,SÍ,SÍ,SÍ,SÍ,SÍ,NO,SÍ,,
2025-11-23 12:20:27,23/11/2025,Sucursal Izabal Centro,Izabal,Distrito Oriente,SÍ,NO,SÍ,SÍ,NO,SÍ,SÍ,NO,NO,NO,SÍ,SÍ,SÍ,SÍ,SÍ,SÍ,NO,SÍ,NO,SÍ,SÍ,NO,NO,NO,SÍ,SÍ,SÍ,SÍ,SÍ,SÍ,SÍ,SÍ,NO,SÍ,SÍ,SÍ,SÍ,SÍ,SÍ,SÍ,,
2025-11-03 08:28:55,03/11/2025,Sucursal Express Izab,Izabal,Distrito Oriente,SÍ,SÍ,SÍ,SÍ,SÍ,SÍ,SÍ,SÍ,SÍ,NO,NO,SÍ,SÍ,SÍ,SÍ,SÍ,SÍ,SÍ,NO,SÍ,SÍ,NO,SÍ,NO,SÍ,SÍ,SÍ,SÍ,NO,NO,SÍ,SÍ,SÍ,SÍ,SÍ,SÍ,SÍ,SÍ,SÍ,NO,Excelente servicio. La sucursal está operando en óptimas condiciones.,
2025-11-26 16:23:04,26/11/2025,Sucursal Izabal Centro,Izabal,Distrito Oriente,SÍ,NO,SÍ,SÍ,NO,NO,NO,SÍ,SÍ,NO,NO,SÍ,SÍ,NO,NO,SÍ,SÍ,SÍ,SÍ,SÍ,SÍ,NO,NO,NO,NO,SÍ,SÍ,SÍ,SÍ,SÍ,NO,SÍ,SÍ,NO,SÍ,SÍ,SÍ,NO,SÍ,SÍ,,
2025-11-10 08:22:50,10/11/2025,Sucursal Centro San ,San Marcos,Distrito Occidente,SÍ,SÍ,SÍ,SÍ,SÍ,SÍ,SÍ,SÍ,SÍ,NO,NO,SÍ,SÍ,SÍ,SÍ,SÍ,SÍ,SÍ,NO,SÍ,SÍ,NO,SÍ,SÍ,SÍ,SÍ,SÍ,SÍ,SÍ,SÍ,SÍ,SÍ,SÍ,SÍ,SÍ,SÍ,SÍ,SÍ,SÍ,SÍ,Excelente servicio. La sucursal está operando en óptimas condiciones.,
2025-11-27 08:18:24,27/11/2025,Sucursal San Marcos Norte,San Marcos,Distrito Occidente,SÍ,SÍ,NO,NO,NO,NO,SÍ,SÍ,NO,SÍ,NO,NO,NO,SÍ,NO,NO,SÍ,SÍ,NO,NO,NO,NO,NO,NO,SÍ,SÍ,SÍ,SÍ,NO,NO,SÍ,NO,SÍ,SÍ,NO,SÍ,SÍ,NO,SÍ,NO,"Se notaron deficiencias considerables, especialmente en Cobro. El personal necesita capacitación.",
2025-11-13 16:08:20,13/11/2025,Sucursal Central San ,San Marcos,Distrito Occidente,NO,SÍ,SÍ,NO,SÍ,NO,NO,SÍ,NO,SÍ,SÍ,SÍ,NO,SÍ,SÍ,SÍ,SÍ,NO,SÍ,SÍ,SÍ,SÍ,SÍ,SÍ,SÍ,SÍ,SÍ,NO,SÍ,NO,SÍ,SÍ,NO,SÍ,NO,NO,SÍ,SÍ,SÍ,SÍ,,
2025-11-18 11:20:52,18/11/2025,Sucursal Huehuetenango Norte,Huehuetenango,Distrito Occidente,SÍ,SÍ,SÍ,SÍ,SÍ,SÍ,SÍ,SÍ,SÍ,NO,NO,SÍ,SÍ,SÍ,SÍ,SÍ,SÍ,SÍ,SÍ,SÍ,SÍ,SÍ,SÍ,NO,NO,SÍ,NO,SÍ,NO,NO,SÍ,SÍ,SÍ,SÍ,SÍ,SÍ,SÍ,SÍ,SÍ,SÍ,,
2025-11-07 08:54:18,07/11/2025,Sucursal Occidente Hueh,Huehuetenango,Distrito Occidente,SÍ,SÍ,SÍ,SÍ,SÍ,SÍ,NO,SÍ,SÍ,SÍ,NO,NO,SÍ,NO,SÍ,SÍ,NO,SÍ,NO,SÍ,SÍ,NO,SÍ,NO,NO,NO,SÍ,SÍ,SÍ,NO,SÍ,SÍ,SÍ,SÍ,NO,NO,NO,SÍ,SÍ,SÍ,,
2025-11-01 10:53:27,01/11/2025,Sucursal Huehuetenango Norte,Huehuetenango,Distrito Occidente,SÍ,NO,SÍ,SÍ,NO,NO,SÍ,SÍ,SÍ,SÍ,SÍ,SÍ,SÍ,SÍ,NO,SÍ,SÍ,SÍ,NO,SÍ,SÍ,SÍ,SÍ,SÍ,SÍ,SÍ,SÍ,SÍ,NO,NO,NO,SÍ,NO,NO,SÍ,SÍ,SÍ,SÍ,NO,SÍ,"Visita dentro del promedio, con áreas de oportunidad.",
2025-11-01 11:40:22,01/11/2025,Sucursal Brisas Juti,Jutiapa,Distrito Oriente,SÍ,NO,SÍ,NO,SÍ,NO,SÍ,SÍ,SÍ,NO,NO,SÍ,SÍ,SÍ,SÍ,SÍ,NO,SÍ,SÍ,SÍ,SÍ,NO,NO,NO,SÍ,SÍ,SÍ,SÍ,SÍ,NO,SÍ,SÍ,SÍ,NO,SÍ,NO,SÍ,SÍ,SÍ,SÍ,,
2025-11-03 17:48:33,03/11/2025,Sucursal Jutiapa Plaza,Jutiapa,Distrito Oriente,SÍ,SÍ,SÍ,SÍ,SÍ,SÍ,SÍ,SÍ,SÍ,NO,NO,SÍ,SÍ,SÍ,SÍ,SÍ,SÍ,SÍ,NO,NO,SÍ,NO,SÍ,SÍ,SÍ,SÍ,SÍ,SÍ,SÍ,SÍ,SÍ,SÍ,SÍ,SÍ,SÍ,SÍ,SÍ,SÍ,SÍ,SÍ,Excelente servicio. La sucursal está operando en óptimas condiciones.,
2025-11-04 12:26:43,04/11/2025,Sucursal Llanos Zaca,Zacapa,Distrito Oriente,SÍ,SÍ,SÍ,SÍ,SÍ,NO,NO,SÍ,SÍ,NO,NO,NO,SÍ,SÍ,SÍ,SÍ,SÍ,NO,NO,NO,NO,NO,SÍ,SÍ,SÍ,SÍ,NO,SÍ,SÍ,SÍ,SÍ,NO,SÍ,SÍ,SÍ,SÍ,SÍ,SÍ,SÍ,SÍ,,
2025-11-14 12:36:50,14/11/2025,Sucursal Zacapa Plaza,Zacapa,Distrito Oriente,SÍ,SÍ,NO,SÍ,NO,NO,SÍ,NO,SÍ,SÍ,NO,SÍ,NO,NO,SÍ,SÍ,SÍ,NO,SÍ,SÍ,SÍ,NO,NO,NO,SÍ,NO,NO,NO,NO,NO,SÍ,SÍ,NO,NO,SÍ,NO,NO,SÍ,SÍ,NO,"Se notaron deficiencias considerables, especialmente en Cobro. El personal necesita capacitación.",Incidencia grave en Cobro: Condiciones inaceptables de servicio o infraestructura.
2025-11-13 13:44:25,13/11/2025,Sucursal Parque Reta,Retalhuleu,Distrito Sur,SÍ,SÍ,SÍ,SÍ,SÍ,SÍ,SÍ,SÍ,NO,SÍ,NO,SÍ,NO,NO,SÍ,NO,SÍ,SÍ,NO,NO,SÍ,NO,SÍ,SÍ,SÍ,SÍ,SÍ,SÍ,SÍ,NO,SÍ,SÍ,SÍ,SÍ,NO,SÍ,SÍ,SÍ,SÍ,SÍ,,
2025-11-22 18:49:37,22/11/2025,Sucursal Retalhuleu Norte,Retalhuleu,Distrito Sur,SÍ,SÍ,SÍ,SÍ,NO,SÍ,SÍ,SÍ,SÍ,SÍ,SÍ,NO,SÍ,NO,NO,NO,SÍ,SÍ,NO,NO,NO,SÍ,NO,SÍ,SÍ,SÍ,SÍ,SÍ,SÍ,SÍ,SÍ,SÍ,NO,SÍ,SÍ,SÍ,SÍ,SÍ,SÍ,SÍ,,
2025-11-18 14:39:36,18/11/2025,Sucursal Terminal Such,Suchitepéquez,Distrito Sur,SÍ,SÍ,SÍ,SÍ,NO,NO,SÍ,SÍ,SÍ,SÍ,NO,NO,SÍ,NO,SÍ,SÍ,SÍ,NO,NO,NO,NO,SÍ,SÍ,NO,SÍ,NO,NO,SÍ,SÍ,SÍ,NO,SÍ,SÍ,SÍ,SÍ,NO,SÍ,SÍ,NO,SÍ,,
2025-11-24 14:52:07,24/11/2025,Sucursal Suchitepéquez Centro,Suchitepéquez,Distrito Sur,SÍ,SÍ,SÍ,SÍ,NO,NO,SÍ,SÍ,SÍ,NO,NO,SÍ,NO,SÍ,SÍ,SÍ,SÍ,SÍ,NO,NO,SÍ,SÍ,NO,SÍ,SÍ,SÍ,SÍ,SÍ,SÍ,SÍ,NO,SÍ,SÍ,NO,SÍ,SÍ,NO,SÍ,SÍ,SÍ,"Visita dentro del promedio, con áreas de oportunidad.",
2025-11-06 09:26:08,06/11/2025,Sucursal Parque Sant,Santa Rosa,Distrito Sur,NO,SÍ,SÍ,NO,SÍ,SÍ,SÍ,NO,SÍ,SÍ,NO,SÍ,SÍ,NO,SÍ,SÍ,SÍ,SÍ,NO,SÍ,SÍ,NO,SÍ,SÍ,SÍ,NO,NO,NO,NO,NO,SÍ,SÍ,SÍ,SÍ,SÍ,SÍ,SÍ,SÍ,SÍ,SÍ,,
2025-11-01 14:25:06,01/11/2025,Sucursal Santa Rosa Centro,Santa Rosa,Distrito Sur,SÍ,SÍ,SÍ,SÍ,SÍ,SÍ,SÍ,SÍ,NO,NO,NO,SÍ,SÍ,SÍ,NO,SÍ,NO,SÍ,NO,NO,SÍ,NO,SÍ,SÍ,SÍ,SÍ,SÍ,SÍ,SÍ,NO,SÍ,SÍ,SÍ,NO,SÍ,NO,SÍ,NO,NO,SÍ,,
2025-11-21 16:55:21,21/11/2025,Sucursal Parque El P,El Progreso,Distrito Oriente,SÍ,SÍ,SÍ,NO,SÍ,SÍ,NO,NO,NO,NO,SÍ,NO,NO,NO,NO,SÍ,SÍ,SÍ,NO,SÍ,SÍ,NO,SÍ,SÍ,SÍ,NO,SÍ,SÍ,SÍ,SÍ,NO,SÍ,SÍ,NO,NO,SÍ,SÍ,SÍ,SÍ,NO,,
2025-11-08 08:31:45,08/11/2025,Sucursal El Progreso Norte,El Progreso,Distrito Oriente,SÍ,SÍ,SÍ,SÍ,SÍ,SÍ,SÍ,SÍ,SÍ,NO,NO,SÍ,SÍ,SÍ,SÍ,SÍ,SÍ,SÍ,NO,SÍ,SÍ,NO,SÍ,SÍ,SÍ,SÍ,SÍ,SÍ,SÍ,SÍ,SÍ,SÍ,SÍ,SÍ,SÍ,SÍ,SÍ,SÍ,SÍ,SÍ,Excelente servicio. La sucursal está operando en óptimas condiciones.,
2025-11-03 14:51:08,03/11/2025,Sucursal Mercado Chiq,Chiquimula,Distrito Oriente,SÍ,SÍ,NO,SÍ,SÍ,SÍ,SÍ,SÍ,SÍ,SÍ,SÍ,SÍ,NO,NO,SÍ,SÍ,NO,SÍ,NO,SÍ,NO,NO,SÍ,SÍ,SÍ,NO,SÍ,SÍ,SÍ,SÍ,SÍ,NO,SÍ,SÍ,SÍ,SÍ,SÍ,SÍ,SÍ,NO,,
2025-11-03 16:47:08,03/11/2025,Sucursal Chiquimula Centro,Chiquimula,Distrito Oriente,NO,NO,SÍ,NO,SÍ,SÍ,SÍ,NO,SÍ,SÍ,NO,SÍ,SÍ,SÍ,SÍ,SÍ,SÍ,SÍ,SÍ,SÍ,NO,SÍ,SÍ,SÍ,SÍ,SÍ,SÍ,SÍ,NO,NO,SÍ,SÍ,SÍ,NO,SÍ,SÍ,SÍ,SÍ,SÍ,SÍ,,
2025-11-25 13:58:20,25/11/2025,Sucursal Norte Jala,Jalapa,Distrito Oriente,SÍ,SÍ,NO,SÍ,SÍ,SÍ,SÍ,SÍ,SÍ,NO,NO,SÍ,NO,NO,NO,NO,SÍ,SÍ,SÍ,SÍ,SÍ,NO,NO,NO,NO,SÍ,SÍ,SÍ,SÍ,NO,SÍ,SÍ,NO,SÍ,NO,SÍ,NO,NO,SÍ,SÍ,,
2025-11-18 08:50:01,18/11/2025,Sucursal Jalapa Plaza,Jalapa,Distrito Oriente,SÍ,SÍ,SÍ,SÍ,NO,SÍ,SÍ,SÍ,SÍ,NO,NO,NO,SÍ,NO,SÍ,SÍ,NO,NO,NO,SÍ,SÍ,SÍ,SÍ,NO,SÍ,SÍ,SÍ,NO,NO,NO,SÍ,SÍ,NO,SÍ,SÍ,SÍ,SÍ,SÍ,SÍ,SÍ,,
2025-11-22 18:51:33,22/11/2025,Sucursal Terminal Solo,Sololá,Distrito Occidente,SÍ,SÍ,SÍ,SÍ,SÍ,NO,SÍ,SÍ,SÍ,NO,NO,SÍ,NO,SÍ,SÍ,SÍ,SÍ,NO,NO,SÍ,SÍ,NO,SÍ,SÍ,SÍ,SÍ,SÍ,SÍ,SÍ,SÍ,SÍ,SÍ,SÍ,SÍ,NO,SÍ,NO,SÍ,SÍ,SÍ,"Visita dentro del promedio, con áreas de oportunidad.",
2025-11-06 17:54:51,06/11/2025,Sucursal Sololá Centro,Sololá,Distrito Occidente,NO,SÍ,SÍ,SÍ,SÍ,SÍ,SÍ,SÍ,SÍ,NO,NO,SÍ,SÍ,SÍ,SÍ,SÍ,SÍ,SÍ,NO,SÍ,SÍ,SÍ,SÍ,SÍ,SÍ,SÍ,NO,SÍ,SÍ,SÍ,SÍ,SÍ,SÍ,SÍ,SÍ,SÍ,SÍ,SÍ,SÍ,SÍ,Excelente servicio. La sucursal está operando en óptimas condiciones.,
2025-11-07 15:51:50,07/11/2025,Sucursal Express Toto,Totonicapán,Distrito Occidente,SÍ,SÍ,NO,NO,SÍ,SÍ,SÍ,NO,NO,SÍ,NO,SÍ,SÍ,SÍ,SÍ,SÍ,SÍ,SÍ,SÍ,SÍ,SÍ,SÍ,SÍ,SÍ,NO,NO,SÍ,SÍ,NO,SÍ,SÍ,SÍ,NO,SÍ,SÍ,SÍ,SÍ,SÍ,SÍ,SÍ,,
2025-11-25 17:07:53,25/11/2025,Sucursal Totonicapán Plaza,Totonicapán,Distrito Occidente,SÍ,SÍ,SÍ,SÍ,NO,SÍ,SÍ,SÍ,NO,NO,SÍ,SÍ,SÍ,SÍ,SÍ,SÍ,SÍ,SÍ,NO,NO,NO,NO,SÍ,SÍ,SÍ,SÍ,SÍ,SÍ,NO,SÍ,SÍ,SÍ,NO,NO,SÍ,NO,SÍ,SÍ,SÍ,SÍ,,
2025-11-06 15:30:19,06/11/2025,Sucursal Plaza Quic,Quiché,Distrito Occidente,SÍ,SÍ,SÍ,SÍ,SÍ,SÍ,NO,NO,SÍ,NO,NO,SÍ,SÍ,SÍ,SÍ,SÍ,SÍ,SÍ,NO,NO,SÍ,NO,SÍ,SÍ,SÍ,SÍ,SÍ,NO,NO,NO,SÍ,SÍ,SÍ,SÍ,SÍ,SÍ,SÍ,SÍ,SÍ,SÍ,,
2025-11-26 13:00:11,26/11/2025,Sucursal Quiché Plaza,Quiché,Distrito Occidente,SÍ,SÍ,SÍ,NO,SÍ,NO,SÍ,NO,NO,NO,NO,NO,NO,SÍ,NO,SÍ,NO,SÍ,NO,SÍ,SÍ,SÍ,SÍ,SÍ,SÍ,SÍ,SÍ,SÍ,NO,SÍ,SÍ,SÍ,SÍ,NO,SÍ,SÍ,SÍ,NO,SÍ,NO,"Visita dentro del promedio, con áreas de oportunidad.",
2025-11-03 13:35:11,03/11/2025,Sucursal Oriente Baja,Baja Verapaz,Distrito Norte,SÍ,SÍ,SÍ,SÍ,SÍ,SÍ,SÍ,SÍ,SÍ,NO,SÍ,SÍ,SÍ,SÍ,SÍ,SÍ,SÍ,SÍ,NO,SÍ,SÍ,NO,SÍ,SÍ,SÍ,SÍ,SÍ,SÍ,SÍ,SÍ,SÍ,SÍ,SÍ,SÍ,SÍ,SÍ,SÍ,NO,SÍ,SÍ,Excelente servicio. La sucursal está operando en óptimas condiciones.,
2025-12-02 09:20:03,02/12/2025,Sucursal Centro,Guatemala,Distrito Metro,SÍ,SÍ,SÍ,SÍ,SÍ,SÍ,SÍ,SÍ,NO,NO,NO,SÍ,SÍ,SÍ,NO,SÍ,SÍ,SÍ,SÍ,SÍ,NO,NO,SÍ,SÍ,SÍ,SÍ,SÍ,SÍ,SÍ,SÍ,SÍ,SÍ,SÍ,NO,SÍ,SÍ,SÍ,SÍ,SÍ,SÍ,,
2025-12-27 18:03:17,27/12/2025,Sucursal Norte,Guatemala,Distrito Metro,SÍ,NO,SÍ,SÍ,SÍ,SÍ,SÍ,SÍ,NO,NO,NO,NO,SÍ,SÍ,SÍ,SÍ,NO,SÍ,NO,SÍ,SÍ,NO,NO,SÍ,SÍ,SÍ,SÍ,SÍ,SÍ,SÍ,SÍ,SÍ,NO,SÍ,SÍ,SÍ,NO,SÍ,SÍ,SÍ,"Visita dentro del promedio, con áreas de oportunidad.",
2025-12-13 13:23:38,13/12/2025,Sucursal Sur,Guatemala,Distrito Metro,NO,NO,SÍ,SÍ,SÍ,SÍ,SÍ,SÍ,SÍ,SÍ,SÍ,NO,SÍ,NO,SÍ,SÍ,NO,SÍ,NO,NO,NO,NO,SÍ,SÍ,SÍ,SÍ,SÍ,NO,NO,SÍ,SÍ,SÍ,SÍ,SÍ,SÍ,NO,NO,NO,SÍ,NO,,
2025-12-04 11:41:52,04/12/2025,Sucursal Las Palmas,Guatemala,Distrito Metro,SÍ,SÍ,SÍ,SÍ,SÍ,SÍ,NO,NO,NO,NO,NO,SÍ,NO,SÍ,SÍ,NO,SÍ,SÍ,NO,SÍ,SÍ,SÍ,SÍ,NO,SÍ,SÍ,SÍ,SÍ,NO,NO,NO,SÍ,SÍ,NO,SÍ,NO,NO,SÍ,SÍ,NO,"Visita dentro del promedio, con áreas de oportunidad.",
2025-12-19 13:23:43,19/12/2025,Sucursal Pradera,Guatemala,Distrito Metro,SÍ,NO,SÍ,SÍ,SÍ,SÍ,SÍ,SÍ,NO,NO,NO,SÍ,SÍ,SÍ,SÍ,SÍ,SÍ,SÍ,NO,NO,NO,NO,SÍ,NO,SÍ,SÍ,SÍ,SÍ,SÍ,SÍ,SÍ,SÍ,SÍ,NO,SÍ,NO,SÍ,NO,NO,SÍ,"Visita dentro del promedio, con áreas de oportunidad.",
2025-12-05 17:14:03,05/12/2025,Sucursal Majadas,Guatemala,Distrito Metro,SÍ,NO,SÍ,SÍ,SÍ,NO,NO,SÍ,SÍ,SÍ,SÍ,NO,NO,NO,SÍ,SÍ,NO,SÍ,SÍ,SÍ,NO,NO,SÍ,SÍ,NO,NO,SÍ,SÍ,SÍ,SÍ,SÍ,SÍ,NO,NO,SÍ,NO,SÍ,SÍ,NO,SÍ,"Se notaron deficiencias considerables, especialmente en Cobro. El personal necesita capacitación.",Incidencia grave en Cobro: Condiciones inaceptables de servicio o infraestructura.
2025-12-19 16:02:30,19/12/2025,Sucursal Vista Hermosa,Guatemala,Distrito Metro,NO,SÍ,SÍ,SÍ,SÍ,SÍ,SÍ,SÍ,SÍ,NO,SÍ,SÍ,NO,SÍ,SÍ,NO,SÍ,NO,NO,SÍ,SÍ,NO,SÍ,SÍ,SÍ,SÍ,SÍ,SÍ,SÍ,NO,SÍ,SÍ,SÍ,SÍ,SÍ,SÍ,SÍ,SÍ,SÍ,SÍ,,
2025-12-15 15:12:31,15/12/2025,Sucursal Cayalá,Guatemala,Distrito Metro,SÍ,NO,SÍ,SÍ,NO,SÍ,SÍ,SÍ,NO,NO,NO,SÍ,NO,SÍ,SÍ,SÍ,SÍ,SÍ,NO,SÍ,SÍ,SÍ,SÍ,SÍ,SÍ,SÍ,SÍ,NO,SÍ,SÍ,SÍ,SÍ,NO,SÍ,SÍ,NO,SÍ,NO,SÍ,SÍ,,
2025-12-17 15:16:20,17/12/2025,Sucursal Américas,Guatemala,Distrito Metro,SÍ,SÍ,SÍ,NO,SÍ,NO,SÍ,SÍ,SÍ,NO,NO,NO,SÍ,SÍ,SÍ,SÍ,SÍ,SÍ,NO,SÍ,SÍ,NO,SÍ,SÍ,SÍ,SÍ,SÍ,SÍ,SÍ,SÍ,SÍ,SÍ,SÍ,NO,SÍ,SÍ,SÍ,SÍ,SÍ,SÍ,Excelente servicio. La sucursal está operando en óptimas condiciones.,
2025-12-03 09:45:41,03/12/2025,Sucursal Roosevelt,Guatemala,Distrito Metro,SÍ,SÍ,SÍ,SÍ,SÍ,SÍ,SÍ,SÍ,SÍ,NO,NO,SÍ,SÍ,SÍ,SÍ,SÍ,SÍ,SÍ,NO,SÍ,SÍ,NO,SÍ,SÍ,SÍ,SÍ,SÍ,SÍ,SÍ,SÍ,SÍ,SÍ,SÍ,SÍ,SÍ,SÍ,SÍ,SÍ,NO,SÍ,Excelente servicio. La sucursal está operando en óptimas condiciones.,
2025-12-18 10:52:09,18/12/2025,Sucursal Portales,Guatemala,Distrito Metro,NO,SÍ,SÍ,SÍ,SÍ,NO,SÍ,SÍ,NO,NO,NO,SÍ,SÍ,NO,SÍ,SÍ,NO,SÍ,SÍ,SÍ,SÍ,SÍ,SÍ,SÍ,SÍ,SÍ,SÍ,SÍ,NO,SÍ,NO,SÍ,SÍ,NO,NO,SÍ,SÍ,SÍ,SÍ,NO,,
2025-12-06 13:26:40,06/12/2025,Sucursal Naranjo,Guatemala,Distrito Metro,SÍ,NO,NO,SÍ,NO,SÍ,SÍ,SÍ,NO,NO,SÍ,SÍ,SÍ,NO,NO,SÍ,SÍ,SÍ,SÍ,SÍ,NO,NO,SÍ,SÍ,SÍ,SÍ,NO,SÍ,NO,SÍ,SÍ,SÍ,NO,SÍ,SÍ,SÍ,SÍ,SÍ,SÍ,NO,,
2025-12-14 12:16:38,14/12/2025,Sucursal San Cristóbal,Guatemala,Distrito Metro,SÍ,NO,SÍ,NO,SÍ,SÍ,NO,NO,SÍ,NO,NO,SÍ,NO,SÍ,SÍ,SÍ,SÍ,SÍ,NO,SÍ,SÍ,SÍ,SÍ,SÍ,NO,NO,SÍ,SÍ,SÍ,SÍ,SÍ,SÍ,SÍ,NO,SÍ,NO,NO,NO,SÍ,NO,,
2025-12-13 17:20:14,13/12/2025,Sucursal Muxbal,Guatemala,Distrito Metro,SÍ,SÍ,NO,SÍ,SÍ,SÍ,SÍ,NO,SÍ,NO,NO,NO,SÍ,SÍ,SÍ,SÍ,SÍ,NO,NO,SÍ,SÍ,NO,SÍ,SÍ,SÍ,SÍ,SÍ,NO,SÍ,SÍ,SÍ,SÍ,SÍ,SÍ,SÍ,SÍ,SÍ,SÍ,SÍ,SÍ,,
2025-12-22 12:26:20,22/12/2025,Sucursal Carretera,Guatemala,Distrito Metro,SÍ,SÍ,NO,NO,SÍ,NO,NO,SÍ,NO,NO,NO,SÍ,NO,NO,NO,SÍ,SÍ,NO,NO,NO,NO,SÍ,NO,NO,NO,NO,NO,NO,SÍ,NO,SÍ,SÍ,NO,SÍ,SÍ,SÍ,NO,SÍ,SÍ,NO,"Se notaron deficiencias considerables, especialmente en Cobro. El personal necesita capacitación.",
2025-12-10 09:18:55,10/12/2025,Sucursal Zonal,Guatemala,Distrito Metro,NO,SÍ,SÍ,SÍ,NO,NO,SÍ,SÍ,NO,NO,NO,SÍ,SÍ,NO,NO,SÍ,SÍ,NO,NO,SÍ,SÍ,NO,NO,NO,SÍ,SÍ,SÍ,SÍ,NO,SÍ,SÍ,SÍ,SÍ,NO,SÍ,SÍ,SÍ,SÍ,NO,NO,"Visita dentro del promedio, con áreas de oportunidad.",
2025-12-16 11:29:01,16/12/2025,Sucursal Express,Guatemala,Distrito Metro,SÍ,SÍ,SÍ,SÍ,SÍ,SÍ,SÍ,NO,NO,NO,NO,NO,SÍ,NO,SÍ,NO,SÍ,NO,NO,NO,SÍ,SÍ,SÍ,NO,SÍ,SÍ,SÍ,SÍ,SÍ,NO,SÍ,SÍ,SÍ,SÍ,NO,NO,NO,NO,NO,SÍ,"Visita dentro del promedio, con áreas de oportunidad.",
2025-12-20 14:21:53,20/12/2025,Sucursal San Miguel,Guatemala,Distrito Metro,SÍ,SÍ,NO,SÍ,SÍ,NO,NO,SÍ,NO,NO,NO,SÍ,NO,SÍ,NO,SÍ,SÍ,SÍ,SÍ,NO,NO,NO,SÍ,SÍ,SÍ,SÍ,SÍ,SÍ,SÍ,SÍ,NO,SÍ,NO,NO,NO,NO,SÍ,SÍ,SÍ,SÍ,,
2025-12-05 12:19:56,05/12/2025,Sucursal Villa Nueva,Guatemala,Distrito Metro,SÍ,SÍ,SÍ,NO,SÍ,SÍ,SÍ,SÍ,SÍ,NO,NO,SÍ,NO,SÍ,SÍ,NO,SÍ,SÍ,SÍ,SÍ,SÍ,NO,SÍ,NO,NO,SÍ,SÍ,NO,SÍ,NO,SÍ,SÍ,SÍ,SÍ,SÍ,NO,SÍ,SÍ,SÍ,SÍ,,
2025-12-08 14:14:06,08/12/2025,Sucursal Petapa,Guatemala,Distrito Metro,SÍ,SÍ,SÍ,NO,NO,NO,SÍ,NO,NO,NO,NO,NO,SÍ,SÍ,NO,SÍ,NO,SÍ,NO,SÍ,SÍ,NO,SÍ,SÍ,NO,SÍ,SÍ,SÍ,SÍ,SÍ,SÍ,NO,SÍ,NO,NO,SÍ,SÍ,NO,NO,SÍ,,
2025-12-20 10:54:22,20/12/2025,Sucursal Mixco,Guatemala,Distrito Metro,NO,SÍ,NO,SÍ,SÍ,SÍ,SÍ,SÍ,SÍ,SÍ,NO,SÍ,SÍ,NO,SÍ,SÍ,SÍ,SÍ,NO,NO,SÍ,NO,NO,SÍ,SÍ,SÍ,SÍ,SÍ,SÍ,SÍ,SÍ,SÍ,NO,SÍ,SÍ,SÍ,SÍ,NO,SÍ,SÍ,,
2025-12-27 10:20:18,27/12/2025,Sucursal San José,Guatemala,Distrito Metro,NO,SÍ,SÍ,SÍ,NO,SÍ,SÍ,SÍ,SÍ,NO,SÍ,SÍ,NO,NO,SÍ,SÍ,SÍ,SÍ,NO,SÍ,SÍ,NO,SÍ,NO,SÍ,SÍ,SÍ,SÍ,SÍ,SÍ,SÍ,NO,SÍ,NO,SÍ,SÍ,SÍ,SÍ,SÍ,NO,"Visita dentro del promedio, con áreas de oportunidad.",
2025-12-22 09:24:33,22/12/2025,Sucursal Santa Catarina,Guatemala,Distrito Metro,SÍ,SÍ,NO,SÍ,NO,SÍ,SÍ,SÍ,NO,NO,SÍ,SÍ,SÍ,SÍ,NO,SÍ,SÍ,SÍ,NO,NO,SÍ,NO,SÍ,SÍ,NO,SÍ,SÍ,SÍ,SÍ,SÍ,SÍ,SÍ,NO,SÍ,SÍ,SÍ,SÍ,SÍ,SÍ,SÍ,,
2025-12-07 17:41:50,07/12/2025,Sucursal Pinula,Guatemala,Distrito Metro,SÍ,SÍ,SÍ,SÍ,SÍ,SÍ,NO,SÍ,NO,SÍ,NO,SÍ,SÍ,NO,NO,NO,NO,SÍ,NO,NO,SÍ,NO,NO,NO,NO,SÍ,NO,NO,SÍ,SÍ,NO,NO,NO,NO,SÍ,NO,SÍ,SÍ,SÍ,NO,"Se notaron deficiencias considerables, especialmente en Cobro. El personal necesita capacitación.",Incidencia grave en Cobro: Condiciones inaceptables de servicio o infraestructura.
2025-12-18 18:09:27,18/12/2025,Sucursal Boca del Monte,Guatemala,Distrito Metro,SÍ,SÍ,SÍ,NO,SÍ,SÍ,SÍ,NO,SÍ,SÍ,NO,SÍ,NO,SÍ,NO,NO,SÍ,SÍ,SÍ,SÍ,SÍ,SÍ,NO,SÍ,NO,SÍ,SÍ,NO,SÍ,NO,NO,NO,SÍ,SÍ,SÍ,SÍ,NO,SÍ,NO,SÍ,,
2025-12-22 18:00:29,22/12/2025,Sucursal Atlántico,Guatemala,Distrito Metro,SÍ,NO,SÍ,SÍ,NO,NO,SÍ,SÍ,SÍ,NO,NO,SÍ,NO,SÍ,NO,NO,NO,NO,NO,NO,SÍ,NO,NO,NO,SÍ,NO,SÍ,SÍ,SÍ,SÍ,SÍ,SÍ,NO,NO,SÍ,SÍ,SÍ,NO,NO,SÍ,,
2025-12-21 18:37:33,21/12/2025,Sucursal Pacífico,Guatemala,Distrito Metro,SÍ,SÍ,SÍ,SÍ,SÍ,SÍ,SÍ,NO,NO,NO,SÍ,SÍ,SÍ,SÍ,SÍ,SÍ,SÍ,NO,NO,NO,SÍ,NO,SÍ,SÍ,SÍ,SÍ,SÍ,NO,SÍ,SÍ,SÍ,SÍ,SÍ,SÍ,SÍ,SÍ,SÍ,SÍ,NO,SÍ,,
2025-12-12 16:52:18,12/12/2025,Sucursal Aguilar Batres,Guatemala,Distrito Metro,SÍ,NO,SÍ,SÍ,SÍ,NO,SÍ,SÍ,NO,NO,SÍ,SÍ,SÍ,SÍ,NO,NO,SÍ,NO,NO,NO,NO,NO,SÍ,SÍ,SÍ,SÍ,SÍ,SÍ,SÍ,SÍ,NO,SÍ,NO,NO,NO,SÍ,NO,SÍ,SÍ,SÍ,,
2025-12-24 14:39:28,24/12/2025,Sucursal Avenida,Guatemala,Distrito Metro,SÍ,NO,SÍ,SÍ,SÍ,SÍ,SÍ,NO,SÍ,SÍ,NO,SÍ,NO,SÍ,SÍ,SÍ,SÍ,SÍ,NO,SÍ,NO,NO,NO,SÍ,NO,SÍ,SÍ,SÍ,SÍ,NO,SÍ,SÍ,NO,SÍ,SÍ,SÍ,SÍ,SÍ,NO,SÍ,,
2025-12-24 13:14:30,24/12/2025,Sucursal Boulevard,Guatemala,Distrito Metro,SÍ,SÍ,NO,NO,NO,NO,SÍ,SÍ,NO,NO,SÍ,SÍ,NO,SÍ,SÍ,SÍ,SÍ,SÍ,NO,SÍ,NO,NO,SÍ,SÍ,SÍ,SÍ,SÍ,SÍ,SÍ,NO,SÍ,SÍ,SÍ,SÍ,SÍ,SÍ,SÍ,SÍ,NO,SÍ,,
2025-12-01 11:09:44,01/12/2025,Sucursal Quetzaltenango Norte,Quetzaltenango,Distrito Occidente,SÍ,SÍ,NO,SÍ,SÍ,SÍ,SÍ,SÍ,SÍ,NO,NO,SÍ,SÍ,SÍ,SÍ,SÍ,NO,SÍ,SÍ,SÍ,SÍ,NO,SÍ,SÍ,NO,SÍ,SÍ,SÍ,SÍ,SÍ,SÍ,SÍ,NO,SÍ,SÍ,NO,SÍ,SÍ,SÍ,SÍ,,
2025-12-23 15:15:43,23/12/2025,Sucursal Terminal Quet,Quetzaltenango,Distrito Occidente,SÍ,SÍ,SÍ,SÍ,SÍ,SÍ,SÍ,SÍ,SÍ,NO,NO,SÍ,NO,SÍ,SÍ,SÍ,SÍ,SÍ,NO,SÍ,NO,NO,SÍ,SÍ,SÍ,SÍ,SÍ,SÍ,SÍ,SÍ,NO,SÍ,SÍ,SÍ,SÍ,SÍ,SÍ,SÍ,SÍ,SÍ,Excelente servicio. La sucursal está operando en óptimas condiciones.,
2025-12-26 16:11:08,26/12/2025,Sucursal Quetzaltenango Centro,Quetzaltenango,Distrito Occidente,SÍ,SÍ,SÍ,SÍ,SÍ,SÍ,SÍ,SÍ,SÍ,NO,NO,SÍ,SÍ,SÍ,SÍ,NO,SÍ,SÍ,NO,SÍ,SÍ,SÍ,SÍ,SÍ,SÍ,SÍ,SÍ,SÍ,SÍ,NO,SÍ,NO,SÍ,SÍ,SÍ,SÍ,SÍ,SÍ,SÍ,SÍ,Excelente servicio. La sucursal está operando en óptimas condiciones.,
2025-12-10 12:22:44,10/12/2025,Sucursal Llanos Quet,Quetzaltenango,Distrito Occidente,NO,NO,SÍ,SÍ,SÍ,SÍ,SÍ,SÍ,SÍ,NO,NO,SÍ,NO,NO,SÍ,SÍ,SÍ,SÍ,NO,SÍ,SÍ,NO,NO,SÍ,SÍ,NO,NO,SÍ,SÍ,SÍ,SÍ,SÍ,SÍ,SÍ,SÍ,SÍ,SÍ,SÍ,SÍ,SÍ,"Visita dentro del promedio, con áreas de oportunidad.",
2025-12-10 14:05:03,10/12/2025,Sucursal Quetzaltenango Norte,Quetzaltenango,Distrito Occidente,SÍ,SÍ,SÍ,SÍ,SÍ,SÍ,NO,NO,SÍ,NO,NO,NO,NO,NO,SÍ,SÍ,SÍ,SÍ,NO,NO,NO,NO,NO,NO,SÍ,NO,SÍ,SÍ,NO,NO,NO,SÍ,SÍ,SÍ,SÍ,SÍ,SÍ,SÍ,NO,SÍ,,
2025-12-24 15:19:54,24/12/2025,Sucursal Sur Quet,Quetzaltenango,Distrito Occidente,SÍ,SÍ,SÍ,SÍ,SÍ,SÍ,SÍ,SÍ,SÍ,NO,NO,NO,SÍ,SÍ,SÍ,SÍ,NO,SÍ,SÍ,SÍ,SÍ,NO,SÍ,SÍ,SÍ,NO,SÍ,SÍ,SÍ,NO,SÍ,SÍ,SÍ,SÍ,SÍ,SÍ,SÍ,NO,SÍ,SÍ,,
2025-12-22 16:52:06,22/12/2025,Sucursal Escuintla Centro,Escuintla,Distrito Sur,SÍ,NO,SÍ,SÍ,NO,SÍ,SÍ,SÍ,NO,NO,NO,SÍ,NO,SÍ,SÍ,SÍ,SÍ,NO,SÍ,SÍ,SÍ,NO,NO,SÍ,SÍ,SÍ,SÍ,SÍ,SÍ,SÍ,SÍ,SÍ,NO,SÍ,SÍ,SÍ,SÍ,SÍ,SÍ,SÍ,,
2025-12-06 15:03:47,06/12/2025,Sucursal Mercado Escu,Escuintla,Distrito Sur,NO,SÍ,SÍ,SÍ,SÍ,SÍ,SÍ,SÍ,SÍ,NO,NO,SÍ,SÍ,SÍ,SÍ,SÍ,SÍ,SÍ,NO,SÍ,SÍ,NO,SÍ,SÍ,SÍ,SÍ,SÍ,NO,SÍ,SÍ,NO,SÍ,NO,SÍ,SÍ,SÍ,SÍ,SÍ,SÍ,SÍ,Excelente servicio. La sucursal está operando en óptimas condiciones.,
2025-12-22 13:40:24,22/12/2025,Sucursal Escuintla Norte,Escuintla,Distrito Sur,SÍ,NO,SÍ,SÍ,SÍ,NO,NO,SÍ,SÍ,NO,SÍ,SÍ,NO,NO,NO,SÍ,NO,SÍ,NO,NO,SÍ,SÍ,NO,NO,SÍ,NO,SÍ,NO,SÍ,NO,SÍ,NO,SÍ,NO,SÍ,NO,SÍ,NO,SÍ,SÍ,"Se notaron deficiencias considerables, especialmente en Cobro. El personal necesita capacitación.",
2025-12-11 09:24:17,11/12/2025,Sucursal Occidente Escu,Escuintla,Distrito Sur,SÍ,SÍ,SÍ,SÍ,SÍ,SÍ,SÍ,SÍ,SÍ,NO,NO,SÍ,SÍ,SÍ,SÍ,SÍ,SÍ,SÍ,NO,SÍ,SÍ,NO,SÍ,SÍ,SÍ,SÍ,SÍ,SÍ,SÍ,SÍ,SÍ,SÍ,SÍ,SÍ,SÍ,SÍ,SÍ,SÍ,SÍ,SÍ,Excelente servicio. La sucursal está operando en óptimas condiciones.,
2025-12-15 12:00:39,15/12/2025,Sucursal Escuintla Norte,Escuintla,Distrito Sur,SÍ,NO,NO,NO,NO,NO,SÍ,NO,NO,NO,NO,SÍ,SÍ,NO,NO,SÍ,SÍ,SÍ,NO,NO,NO,SÍ,NO,SÍ,SÍ,SÍ,SÍ,SÍ,SÍ,SÍ,SÍ,SÍ,SÍ,SÍ,SÍ,SÍ,NO,SÍ,SÍ,NO,,
2025-12-07 15:43:35,07/12/2025,Sucursal Norte Escu,Escuintla,Distrito Sur,SÍ,SÍ,SÍ,SÍ,NO,SÍ,SÍ,SÍ,NO,NO,SÍ,SÍ,SÍ,NO,NO,NO,SÍ,SÍ,NO,SÍ,NO,SÍ,SÍ,SÍ,SÍ,NO,SÍ,SÍ,SÍ,SÍ,SÍ,SÍ,NO,NO,NO,NO,NO,NO,SÍ,SÍ,"Visita dentro del promedio, con áreas de oportunidad.",
2025-12-01 08:09:54,01/12/2025,Sucursal Sacatepéquez Norte,Sacatepéquez,Distrito Central,SÍ,SÍ,SÍ,SÍ,SÍ,NO,SÍ,SÍ,NO,NO,SÍ,NO,SÍ,SÍ,NO,SÍ,SÍ,SÍ,SÍ,SÍ,SÍ,NO,SÍ,SÍ,NO,NO,SÍ,SÍ,SÍ,SÍ,SÍ,NO,SÍ,NO,SÍ,NO,SÍ,NO,SÍ,NO,,
2025-12-17 12:28:08,17/12/2025,Sucursal Central Saca,Sacatepéquez,Distrito Central,SÍ,SÍ,SÍ,SÍ,NO,SÍ,SÍ,SÍ,NO,NO,SÍ,SÍ,SÍ,SÍ,NO,NO,NO,SÍ,NO,NO,NO,NO,SÍ,SÍ,SÍ,SÍ,SÍ,SÍ,SÍ,SÍ,SÍ,SÍ,NO,SÍ,SÍ,NO,NO,SÍ,SÍ,SÍ,,
2025-12-18 16:21:37,18/12/2025,Sucursal Sacatepéquez Centro,Sacatepéquez,Distrito Central,SÍ,SÍ,SÍ,SÍ,NO,SÍ,SÍ,SÍ,SÍ,NO,NO,SÍ,SÍ,SÍ,SÍ,SÍ,SÍ,SÍ,NO,SÍ,SÍ,SÍ,SÍ,NO,SÍ,NO,NO,NO,NO,NO,SÍ,SÍ,SÍ,SÍ,SÍ,SÍ,SÍ,SÍ,SÍ,SÍ,,
2025-12-23 10:58:27,23/12/2025,Sucursal Terminal Saca,Sacatepéquez,Distrito Central,NO,NO,SÍ,SÍ,NO,SÍ,SÍ,SÍ,SÍ,NO,SÍ,SÍ,NO,SÍ,NO,NO,SÍ,SÍ,NO,SÍ,SÍ,SÍ,NO,SÍ,SÍ,SÍ,SÍ,SÍ,SÍ,SÍ,SÍ,NO,NO,SÍ,SÍ,SÍ,NO,SÍ,SÍ,SÍ,,
2025-12-16 14:29:35,16/12/2025,Sucursal Sacatepéquez Norte,Sacatepéquez,Distrito Central,SÍ,SÍ,SÍ,SÍ,SÍ,SÍ,NO,SÍ,SÍ,NO,NO,SÍ,SÍ,SÍ,SÍ,SÍ,SÍ,NO,NO,SÍ,SÍ,NO,SÍ,SÍ,SÍ,SÍ,NO,SÍ,SÍ,SÍ,SÍ,SÍ,SÍ,SÍ,SÍ,NO,SÍ,SÍ,SÍ,SÍ,Excelente servicio. La sucursal está operando en óptimas condiciones.,
2025-12-10 14:26:28,10/12/2025,Sucursal Avenida Chim,Chimaltenango,Distrito Central,NO,SÍ,NO,NO,SÍ,SÍ,NO,SÍ,SÍ,NO,NO,SÍ,SÍ,SÍ,SÍ,NO,NO,SÍ,NO,NO,SÍ,SÍ,SÍ,SÍ,NO,SÍ,SÍ,SÍ,SÍ,SÍ,SÍ,SÍ,SÍ,SÍ,SÍ,SÍ,NO,NO,SÍ,SÍ,,
2025-12-05 18:44:33,05/12/2025,Sucursal Chimaltenango Centro,Chimaltenango,Distrito Central,SÍ,NO,SÍ,SÍ,SÍ,SÍ,SÍ,NO,NO,SÍ,SÍ,NO,SÍ,NO,SÍ,SÍ,NO,NO,NO,SÍ,NO,SÍ,NO,NO,SÍ,SÍ,NO,SÍ,SÍ,NO,NO,SÍ,NO,SÍ,SÍ,SÍ,NO,SÍ,NO,SÍ,"Se notaron deficiencias considerables, especialmente en Cobro. El personal necesita capacitación.",
2025-12-03 11:56:16,03/12/2025,Sucursal Plaza Chim,Chimaltenango,Distrito Central,SÍ,SÍ,NO,SÍ,SÍ,NO,NO,SÍ,SÍ,SÍ,NO,NO,SÍ,NO,SÍ,SÍ,SÍ,SÍ,SÍ,NO,SÍ,NO,NO,NO,SÍ,SÍ,SÍ,SÍ,SÍ,NO,SÍ,SÍ,NO,NO,NO,SÍ,SÍ,NO,SÍ,NO,"Visita dentro del promedio, con áreas de oportunidad.",
2025-12-14 09:03:22,14/12/2025,Sucursal Chimaltenango Plaza,Chimaltenango,Distrito Central,SÍ,SÍ,SÍ,NO,SÍ,NO,NO,SÍ,SÍ,NO,NO,NO,SÍ,SÍ,SÍ,SÍ,SÍ,NO,NO,SÍ,SÍ,NO,NO,SÍ,SÍ,SÍ,SÍ,SÍ,SÍ,SÍ,NO,SÍ,SÍ,SÍ,SÍ,NO,SÍ,SÍ,NO,SÍ,"Visita dentro del promedio, con áreas de oportunidad.",
2025-12-17 13:48:44,17/12/2025,Sucursal Avenida Alta,Alta Verapaz,Distrito Norte,NO,SÍ,SÍ,SÍ,NO,SÍ,SÍ,NO,SÍ,SÍ,SÍ,SÍ,SÍ,NO,SÍ,SÍ,NO,SÍ,SÍ,SÍ,NO,NO,NO,SÍ,SÍ,SÍ,SÍ,SÍ,SÍ,NO,SÍ,SÍ,SÍ,NO,SÍ,NO,SÍ,SÍ,SÍ,NO,,
2025-12-17 14:10:36,17/12/2025,Sucursal Alta Verapaz Plaza,Alta Verapaz,Distrito Norte,SÍ,SÍ,SÍ,NO,SÍ,SÍ,SÍ,SÍ,NO,NO,NO,SÍ,SÍ,NO,SÍ,SÍ,NO,SÍ,NO,NO,SÍ,NO,SÍ,NO,SÍ,SÍ,NO,SÍ,SÍ,SÍ,SÍ,SÍ,NO,SÍ,NO,SÍ,NO,SÍ,SÍ,SÍ,,
2025-12-17 12:36:08,17/12/2025,Sucursal Express Alta,Alta Verapaz,Distrito Norte,NO,SÍ,SÍ,NO,NO,SÍ,SÍ,SÍ,SÍ,SÍ,SÍ,SÍ,SÍ,SÍ,NO,NO,SÍ,SÍ,NO,NO,SÍ,NO,SÍ,NO,SÍ,SÍ,SÍ,SÍ,SÍ,SÍ,SÍ,SÍ,SÍ,NO,SÍ,SÍ,SÍ,SÍ,SÍ,SÍ,,
2025-12-06 15:34:30,06/12/2025,Sucursal Alta Verapaz Centro,Alta Verapaz,Distrito Norte,SÍ,SÍ,SÍ,SÍ,NO,SÍ,SÍ,NO,NO,NO,NO,SÍ,SÍ,SÍ,NO,NO,SÍ,NO,NO,NO,NO,NO,SÍ,SÍ,SÍ,SÍ,SÍ,SÍ,NO,NO,SÍ,SÍ,NO,NO,SÍ,NO,SÍ,SÍ,SÍ,SÍ,,
2025-12-25 08:32:45,25/12/2025,Sucursal Centro Peté,Petén,Distrito Norte,SÍ,SÍ,SÍ,SÍ,SÍ,SÍ,SÍ,SÍ,SÍ,NO,NO,SÍ,SÍ,SÍ,SÍ,SÍ,SÍ,SÍ,NO,SÍ,SÍ,NO,SÍ,SÍ,SÍ,NO,SÍ,SÍ,SÍ,SÍ,SÍ,SÍ,SÍ,SÍ,SÍ,SÍ,SÍ,SÍ,SÍ,SÍ,Excelente servicio. La sucursal está operando en óptimas condiciones.,
2025-12-23 11:14:53,23/12/2025,Sucursal Petén Plaza,Petén,Distrito Norte,SÍ,SÍ,NO,NO,SÍ,SÍ,NO,SÍ,SÍ,NO,NO,SÍ,SÍ,SÍ,SÍ,SÍ,NO,SÍ,SÍ,SÍ,NO,NO,SÍ,SÍ,NO,SÍ,NO,SÍ,SÍ,SÍ,SÍ,SÍ,SÍ,SÍ,SÍ,NO,NO,SÍ,SÍ,SÍ,,
2025-12-24 13:24:00,24/12/2025,Sucursal Avenida Peté,Petén,Distrito Norte,SÍ,NO,SÍ,SÍ,NO,SÍ,NO,SÍ,SÍ,NO,SÍ,SÍ,SÍ,NO,NO,SÍ,SÍ,SÍ,NO,NO,NO,SÍ,SÍ,SÍ,NO,NO,NO,SÍ,NO,SÍ,SÍ,SÍ,NO,SÍ,SÍ,SÍ,SÍ,SÍ,SÍ,SÍ,"Visita dentro del promedio, con áreas de oportunidad.",
2025-12-02 11:11:49,02/12/2025,Sucursal Izabal Centro,Izabal,Distrito Oriente,NO,SÍ,NO,SÍ,SÍ,SÍ,NO,SÍ,SÍ,SÍ,SÍ,SÍ,NO,SÍ,SÍ,SÍ,SÍ,SÍ,NO,SÍ,SÍ,NO,NO,SÍ,NO,SÍ,SÍ,SÍ,NO,SÍ,NO,SÍ,NO,NO,NO,SÍ,SÍ,SÍ,NO,SÍ,"Visita dentro del promedio, con áreas de oportunidad.",
2025-12-03 18:25:37,03/12/2025,Sucursal Express Izab,Izabal,Distrito Oriente,SÍ,SÍ,NO,NO,SÍ,SÍ,SÍ,SÍ,SÍ,NO,NO,SÍ,SÍ,SÍ,SÍ,SÍ,NO,SÍ,NO,SÍ,SÍ,NO,SÍ,SÍ,SÍ,SÍ,SÍ,SÍ,SÍ,SÍ,SÍ,SÍ,SÍ,SÍ,SÍ,SÍ,SÍ,SÍ,SÍ,SÍ,Excelente servicio. La sucursal está operando en óptimas condiciones.,
2025-12-25 11:58:09,25/12/2025,Sucursal Izabal Centro,Izabal,Distrito Oriente,NO,SÍ,SÍ,SÍ,NO,SÍ,SÍ,NO,NO,NO,NO,SÍ,NO,SÍ,NO,NO,SÍ,NO,SÍ,NO,SÍ,SÍ,NO,SÍ,SÍ,NO,SÍ,SÍ,NO,SÍ,NO,SÍ,SÍ,NO,SÍ,NO,SÍ,NO,NO,SÍ,"Se notaron deficiencias considerables, especialmente en Cobro. El personal necesita capacitación.",
2025-12-06 17:00:42,06/12/2025,Sucursal Centro San ,San Marcos,Distrito Occidente,SÍ,SÍ,SÍ,SÍ,SÍ,SÍ,SÍ,SÍ,NO,NO,NO,NO,SÍ,SÍ,SÍ,SÍ,SÍ,SÍ,NO,SÍ,SÍ,NO,SÍ,SÍ,SÍ,SÍ,SÍ,SÍ,NO,SÍ,NO,SÍ,SÍ,SÍ,SÍ,SÍ,SÍ,SÍ,SÍ,SÍ,Excelente servicio. La sucursal está operando en óptimas condiciones.,
2025-12-05 12:16:25,05/12/2025,Sucursal San Marcos Norte,San Marcos,Distrito Occidente,SÍ,SÍ,SÍ,SÍ,NO,SÍ,NO,SÍ,NO,SÍ,NO,NO,NO,SÍ,SÍ,SÍ,NO,SÍ,NO,SÍ,SÍ,NO,SÍ,NO,SÍ,SÍ,SÍ,SÍ,NO,SÍ,NO,NO,SÍ,NO,SÍ,SÍ,SÍ,SÍ,SÍ,SÍ,"Visita dentro del promedio, con áreas de oportunidad.",
2025-12-26 11:07:08,26/12/2025,Sucursal Central San ,San Marcos,Distrito Occidente,SÍ,SÍ,SÍ,SÍ,SÍ,SÍ,SÍ,SÍ,SÍ,NO,NO,SÍ,SÍ,NO,SÍ,SÍ,NO,NO,NO,SÍ,SÍ,NO,SÍ,NO,NO,SÍ,SÍ,NO,SÍ,NO,NO,SÍ,SÍ,NO,SÍ,SÍ,SÍ,SÍ,NO,SÍ,,
2025-12-22 14:47:39,22/12/2025,Sucursal Huehuetenango Norte,Huehuetenango,Distrito Occidente,SÍ,SÍ,SÍ,SÍ,SÍ,SÍ,SÍ,SÍ,SÍ,NO,NO,SÍ,SÍ,SÍ,SÍ,SÍ,SÍ,SÍ,NO,SÍ,SÍ,NO,SÍ,NO,NO,NO,NO,NO,SÍ,SÍ,SÍ,SÍ,SÍ,SÍ,SÍ,SÍ,SÍ,SÍ,SÍ,SÍ,,
2025-12-16 12:27:52,16/12/2025,Sucursal Occidente Hueh,Huehuetenango,Distrito Occidente,SÍ,NO,SÍ,NO,SÍ,SÍ,SÍ,SÍ,SÍ,SÍ,NO,SÍ,SÍ,SÍ,SÍ,SÍ,SÍ,SÍ,NO,SÍ,NO,NO,SÍ,SÍ,SÍ,SÍ,NO,SÍ,SÍ,SÍ,SÍ,SÍ,NO,SÍ,SÍ,SÍ,SÍ,SÍ,SÍ,NO,,
2025-12-04 12:01:47,04/12/2025,Sucursal Huehuetenango Norte,Huehuetenango,Distrito Occidente,SÍ,NO,SÍ,SÍ,SÍ,SÍ,SÍ,SÍ,SÍ,SÍ,SÍ,SÍ,NO,NO,SÍ,NO,SÍ,SÍ,NO,SÍ,SÍ,SÍ,SÍ,SÍ,SÍ,NO,NO,SÍ,SÍ,SÍ,NO,SÍ,NO,SÍ,NO,SÍ,SÍ,SÍ,SÍ,SÍ,"Visita dentro del promedio, con áreas de oportunidad.",
2025-12-14 09:25:26,14/12/2025,Sucursal Brisas Juti,Jutiapa,Distrito Oriente,NO,NO,NO,NO,SÍ,NO,SÍ,SÍ,SÍ,NO,NO,SÍ,SÍ,SÍ,SÍ,NO,SÍ,SÍ,SÍ,SÍ,SÍ,SÍ,NO,SÍ,SÍ,SÍ,NO,SÍ,SÍ,SÍ,SÍ,NO,NO,NO,SÍ,SÍ,NO,SÍ,SÍ,SÍ,,
2025-12-02 12:42:44,02/12/2025,Sucursal Jutiapa Plaza,Jutiapa,Distrito Oriente,NO,SÍ,SÍ,SÍ,SÍ,SÍ,SÍ,SÍ,SÍ,NO,SÍ,SÍ,SÍ,SÍ,SÍ,SÍ,NO,NO,SÍ,NO,SÍ,NO,SÍ,SÍ,SÍ,SÍ,SÍ,SÍ,SÍ,SÍ,SÍ,SÍ,SÍ,SÍ,SÍ,SÍ,SÍ,NO,SÍ,SÍ,,
2025-12-18 12:00:32,18/12/2025,Sucursal Llanos Zaca,Zacapa,Distrito Oriente,NO,SÍ,SÍ,SÍ,SÍ,SÍ,SÍ,SÍ,NO,NO,NO,SÍ,NO,SÍ,SÍ,SÍ,SÍ,SÍ,NO,SÍ,NO,SÍ,SÍ,SÍ,SÍ,SÍ,NO,NO,SÍ,SÍ,SÍ,SÍ,NO,SÍ,SÍ,SÍ,SÍ,SÍ,SÍ,SÍ,,
2025-12-16 09:12:19,16/12/2025,Sucursal Zacapa Plaza,Zacapa,Distrito Oriente,NO,SÍ,SÍ,SÍ,SÍ,SÍ,SÍ,SÍ,NO,SÍ,NO,NO,SÍ,SÍ,SÍ,SÍ,SÍ,NO,NO,SÍ,SÍ,NO,SÍ,SÍ,NO,SÍ,SÍ,NO,SÍ,SÍ,NO,SÍ,SÍ,SÍ,SÍ,SÍ,SÍ,NO,SÍ,SÍ,,
2025-12-06 08:30:44,06/12/2025,Sucursal Parque Reta,Retalhuleu,Distrito Sur,NO,SÍ,SÍ,SÍ,SÍ,SÍ,SÍ,NO,SÍ,SÍ,SÍ,SÍ,NO,NO,NO,SÍ,NO,NO,NO,SÍ,SÍ,NO,SÍ,SÍ,SÍ,SÍ,NO,SÍ,SÍ,SÍ,NO,SÍ,SÍ,NO,SÍ,SÍ,SÍ,NO,SÍ,SÍ,,
2025-12-06 18:10:30,06/12/2025,Sucursal Retalhuleu Norte,Retalhuleu,Distrito Sur,SÍ,SÍ,SÍ,NO,NO,SÍ,SÍ,SÍ,NO,NO,SÍ,NO,SÍ,SÍ,SÍ,NO,SÍ,SÍ,NO,SÍ,NO,NO,SÍ,SÍ,SÍ,SÍ,SÍ,SÍ,SÍ,SÍ,SÍ,SÍ,SÍ,NO,NO,NO,SÍ,SÍ,SÍ,SÍ,,
2025-12-08 08:20:10,08/12/2025,Sucursal Terminal Such,Suchitepéquez,Distrito Sur,SÍ,NO,SÍ,SÍ,SÍ,SÍ,NO,SÍ,NO,NO,NO,SÍ,NO,SÍ,SÍ,SÍ,SÍ,SÍ,SÍ,SÍ,SÍ,NO,SÍ,SÍ,SÍ,SÍ,NO,SÍ,SÍ,SÍ,SÍ,SÍ,SÍ,SÍ,SÍ,SÍ,SÍ,SÍ,SÍ,NO,,
2025-12-14 13:10:29,14/12/2025,Sucursal Suchitepéquez Centro,Suchitepéquez,Distrito Sur,SÍ,SÍ,SÍ,SÍ,SÍ,SÍ,SÍ,SÍ,SÍ,NO,NO,SÍ,NO,SÍ,SÍ,NO,SÍ,SÍ,SÍ,SÍ,NO,NO,SÍ,NO,SÍ,SÍ,SÍ,SÍ,SÍ,SÍ,NO,SÍ,NO,SÍ,NO,NO,SÍ,NO,SÍ,SÍ,"Visita dentro del promedio, con áreas de oportunidad.",
2025-12-24 12:42:12,24/12/2025,Sucursal Parque Sant,Santa Rosa,Distrito Sur,SÍ,SÍ,SÍ,SÍ,SÍ,SÍ,SÍ,SÍ,SÍ,NO,NO,SÍ,SÍ,SÍ,SÍ,SÍ,NO,SÍ,NO,NO,SÍ,NO,SÍ,NO,SÍ,SÍ,NO,NO,NO,SÍ,SÍ,SÍ,SÍ,SÍ,SÍ,SÍ,SÍ,SÍ,SÍ,SÍ,,
2025-12-03 17:46:49,03/12/2025,Sucursal Santa Rosa Centro,Santa Rosa,Distrito Sur,SÍ,SÍ,SÍ,SÍ,SÍ,SÍ,SÍ,SÍ,SÍ,NO,SÍ,SÍ,SÍ,SÍ,SÍ,SÍ,SÍ,SÍ,NO,NO,NO,NO,SÍ,SÍ,NO,SÍ,NO,SÍ,SÍ,NO,NO,SÍ,SÍ,SÍ,SÍ,SÍ,NO,SÍ,SÍ,SÍ,,
2025-12-22 11:55:00,22/12/2025,Sucursal Parque El P,El Progreso,Distrito Oriente,SÍ,SÍ,NO,NO,NO,SÍ,SÍ,NO,SÍ,SÍ,NO,SÍ,SÍ,SÍ,NO,SÍ,SÍ,SÍ,NO,NO,SÍ,NO,SÍ,SÍ,SÍ,NO,SÍ,SÍ,SÍ,NO,SÍ,NO,SÍ,SÍ,NO,NO,SÍ,SÍ,NO,NO,,
2025-12-23 09:30:44,23/12/2025,Sucursal El Progreso Norte,El Progreso,Distrito Oriente,SÍ,SÍ,SÍ,SÍ,SÍ,SÍ,SÍ,SÍ,SÍ,SÍ,NO,NO,SÍ,SÍ,SÍ,SÍ,SÍ,SÍ,NO,SÍ,SÍ,NO,SÍ,SÍ,SÍ,SÍ,SÍ,SÍ,SÍ,SÍ,SÍ,SÍ,SÍ,SÍ,SÍ,SÍ,SÍ,SÍ,SÍ,SÍ,Excelente servicio. La sucursal está operando en óptimas condiciones.,
2025-12-25 10:01:43,25/12/2025,Sucursal Mercado Chiq,Chiquimula,Distrito Oriente,SÍ,SÍ,SÍ,SÍ,SÍ,SÍ,SÍ,SÍ,SÍ,NO,NO,SÍ,SÍ,SÍ,NO,SÍ,SÍ,SÍ,NO,SÍ,SÍ,NO,SÍ,SÍ,SÍ,SÍ,SÍ,SÍ,NO,SÍ,SÍ,SÍ,SÍ,NO,SÍ,SÍ,SÍ,SÍ,NO,NO,,
2025-12-04 17:10:14,04/12/2025,Sucursal Chiquimula Centro,Chiquimula,Distrito Oriente,NO,NO,SÍ,SÍ,SÍ,NO,SÍ,SÍ,SÍ,NO,NO,SÍ,SÍ,NO,NO,NO,SÍ,NO,NO,SÍ,SÍ,NO,NO,SÍ,SÍ,SÍ,SÍ,SÍ,SÍ,SÍ,SÍ,NO,SÍ,SÍ,SÍ,SÍ,SÍ,SÍ,NO,SÍ,,
2025-12-11 08:56:19,11/12/2025,Sucursal Norte Jala,Jalapa,Distrito Oriente,NO,SÍ,NO,SÍ,NO,SÍ,NO,SÍ,SÍ,NO,NO,SÍ,NO,SÍ,SÍ,SÍ,SÍ,SÍ,SÍ,SÍ,NO,NO,SÍ,NO,SÍ,NO,SÍ,SÍ,NO,SÍ,NO,SÍ,NO,SÍ,SÍ,SÍ,SÍ,SÍ,SÍ,SÍ,,
2025-12-03 12:53:36,03/12/2025,Sucursal Jalapa Plaza,Jalapa,Distrito Oriente,NO,SÍ,SÍ,SÍ,SÍ,SÍ,NO,SÍ,NO,NO,NO,SÍ,SÍ,SÍ,SÍ,SÍ,SÍ,SÍ,SÍ,SÍ,NO,NO,SÍ,SÍ,NO,NO,SÍ,NO,NO,NO,SÍ,SÍ,NO,SÍ,SÍ,SÍ,SÍ,SÍ,SÍ,NO,,
2025-12-13 18:09:46,13/12/2025,Sucursal Terminal Solo,Sololá,Distrito Occidente,SÍ,NO,NO,SÍ,SÍ,NO,SÍ,NO,SÍ,NO,NO,SÍ,SÍ,SÍ,SÍ,SÍ,SÍ,SÍ,SÍ,SÍ,NO,NO,SÍ,NO,SÍ,SÍ,SÍ,SÍ,NO,NO,NO,SÍ,NO,SÍ,SÍ,SÍ,SÍ,NO,SÍ,SÍ,,
2025-12-22 14:50:24,22/12/2025,Sucursal Sololá Centro,Sololá,Distrito Occidente,SÍ,SÍ,SÍ,SÍ,SÍ,SÍ,SÍ,SÍ,SÍ,NO,NO,SÍ,SÍ,NO,SÍ,SÍ,SÍ,SÍ,NO,SÍ,NO,NO,SÍ,SÍ,SÍ,SÍ,SÍ,SÍ,SÍ,NO,SÍ,SÍ,NO,SÍ,SÍ,SÍ,SÍ,SÍ,SÍ,SÍ,Excelente servicio. La sucursal está operando en óptimas condiciones.,
2025-12-13 17:44:21,13/12/2025,Sucursal Express Toto,Totonicapán,Distrito Occidente,NO,SÍ,NO,NO,SÍ,SÍ,NO,SÍ,SÍ,NO,NO,SÍ,SÍ,SÍ,SÍ,SÍ,NO,NO,NO,SÍ,SÍ,NO,NO,SÍ,SÍ,SÍ,SÍ,SÍ,NO,SÍ,SÍ,SÍ,SÍ,SÍ,NO,SÍ,SÍ,SÍ,SÍ,NO,"Visita dentro del promedio, con áreas de oportunidad.",
2025-12-13 09:10:10,13/12/2025,Sucursal Totonicapán Plaza,Totonicapán,Distrito Occidente,SÍ,SÍ,SÍ,SÍ,NO,SÍ,SÍ,SÍ,SÍ,SÍ,NO,SÍ,NO,SÍ,NO,SÍ,SÍ,NO,NO,NO,NO,NO,SÍ,SÍ,SÍ,NO,SÍ,SÍ,SÍ,SÍ,SÍ,SÍ,NO,NO,NO,SÍ,SÍ,SÍ,SÍ,SÍ,"Visita dentro del promedio, con áreas de oportunidad.",
2025-12-17 08:38:53,17/12/2025,Sucursal Plaza Quic,Quiché,Distrito Occidente,NO,SÍ,SÍ,SÍ,SÍ,SÍ,NO,SÍ,SÍ,NO,NO,SÍ,SÍ,SÍ,SÍ,SÍ,SÍ,SÍ,SÍ,NO,SÍ,NO,SÍ,NO,NO,SÍ,NO,SÍ,NO,SÍ,SÍ,SÍ,SÍ,NO,SÍ,SÍ,SÍ,SÍ,NO,NO,"Visita dentro del promedio, con áreas de oportunidad.",
2025-12-11 12:41:47,11/12/2025,Sucursal Quiché Plaza,Quiché,Distrito Occidente,NO,NO,NO,SÍ,NO,SÍ,SÍ,SÍ,NO,NO,NO,NO,SÍ,SÍ,SÍ,NO,SÍ,SÍ,SÍ,SÍ,SÍ,NO,SÍ,NO,NO,NO,SÍ,SÍ,SÍ,SÍ,NO,SÍ,SÍ,SÍ,SÍ,SÍ,NO,SÍ,SÍ,SÍ,,
2025-12-12 09:29:45,12/12/2025,Sucursal Oriente Baja,Baja Verapaz,Distrito Norte,SÍ,SÍ,SÍ,SÍ,SÍ,SÍ,SÍ,SÍ,SÍ,NO,NO,SÍ,SÍ,SÍ,SÍ,SÍ,SÍ,SÍ,NO,SÍ,SÍ,NO,SÍ,SÍ,SÍ,SÍ,NO,SÍ,NO,SÍ,SÍ,SÍ,SÍ,SÍ,SÍ,SÍ,NO,SÍ,SÍ,SÍ,Excelente servicio. La sucursal está operando en óptimas condiciones.,
2026-01-11 09:19:18,11/01/2026,Sucursal Centro,Guatemala,Distrito Metro,SÍ,SÍ,SÍ,SÍ,SÍ,SÍ,SÍ,NO,SÍ,NO,NO,SÍ,SÍ,SÍ,NO,SÍ,SÍ,SÍ,NO,SÍ,SÍ,NO,NO,SÍ,SÍ,SÍ,SÍ,SÍ,SÍ,SÍ,SÍ,SÍ,SÍ,SÍ,SÍ,SÍ,SÍ,SÍ,SÍ,SÍ,Excelente servicio. La sucursal está operando en óptimas condiciones.,
2026-01-21 10:15:24,21/01/2026,Sucursal Norte,Guatemala,Distrito Metro,SÍ,SÍ,SÍ,SÍ,SÍ,NO,SÍ,SÍ,SÍ,NO,SÍ,NO,SÍ,NO,SÍ,SÍ,NO,SÍ,NO,SÍ,SÍ,SÍ,NO,NO,SÍ,SÍ,SÍ,NO,NO,SÍ,NO,SÍ,SÍ,SÍ,NO,SÍ,NO,SÍ,SÍ,SÍ,"Visita dentro del promedio, con áreas de oportunidad.",
2026-01-21 15:40:49,21/01/2026,Sucursal Sur,Guatemala,Distrito Metro,NO,NO,SÍ,NO,SÍ,SÍ,SÍ,SÍ,SÍ,SÍ,NO,NO,NO,NO,NO,NO,SÍ,SÍ,SÍ,NO,NO,NO,NO,NO,SÍ,SÍ,NO,SÍ,NO,SÍ,SÍ,SÍ,SÍ,SÍ,SÍ,NO,SÍ,SÍ,NO,SÍ,"Se notaron deficiencias considerables, especialmente en Cobro. El personal necesita capacitación.",
2026-01-14 14:50:50,14/01/2026,Sucursal Las Palmas,Guatemala,Distrito Metro,NO,SÍ,SÍ,NO,NO,NO,SÍ,SÍ,SÍ,NO,NO,NO,SÍ,SÍ,SÍ,NO,SÍ,SÍ,NO,SÍ,SÍ,NO,SÍ,SÍ,SÍ,SÍ,SÍ,SÍ,SÍ,SÍ,SÍ,NO,SÍ,NO,NO,NO,NO,NO,NO,NO,"Visita dentro del promedio, con áreas de oportunidad.",
2026-01-01 08:49:46,01/01/2026,Sucursal Pradera,Guatemala,Distrito Metro,NO,SÍ,NO,SÍ,NO,SÍ,SÍ,SÍ,SÍ,SÍ,NO,SÍ,SÍ,SÍ,SÍ,SÍ,SÍ,SÍ,SÍ,SÍ,SÍ,SÍ,SÍ,SÍ,NO,SÍ,SÍ,SÍ,SÍ,SÍ,SÍ,SÍ,NO,SÍ,SÍ,SÍ,SÍ,NO,NO,SÍ,,
2026-01-18 10:54:49,18/01/2026,Sucursal Majadas,Guatemala,Distrito Metro,NO,SÍ,NO,NO,SÍ,SÍ,SÍ,SÍ,NO,NO,NO,SÍ,NO,SÍ,SÍ,NO,SÍ,SÍ,NO,SÍ,SÍ,SÍ,SÍ,NO,NO,NO,NO,NO,NO,NO,NO,SÍ,NO,NO,SÍ,NO,SÍ,NO,NO,NO,"Se notaron deficiencias considerables, especialmente en Cobro. El personal necesita capacitación.",
2026-01-03 13:19:03,03/01/2026,Sucursal Vista Hermosa,Guatemala,Distrito Metro,SÍ,SÍ,SÍ,SÍ,SÍ,SÍ,SÍ,SÍ,SÍ,NO,NO,SÍ,NO,SÍ,SÍ,SÍ,SÍ,SÍ,NO,SÍ,SÍ,NO,SÍ,SÍ,SÍ,SÍ,SÍ,SÍ,SÍ,SÍ,SÍ,SÍ,SÍ,SÍ,SÍ,SÍ,SÍ,SÍ,SÍ,SÍ,Excelente servicio. La sucursal está operando en óptimas condiciones.,
2026-01-01 09:27:10,01/01/2026,Sucursal Cayalá,Guatemala,Distrito Metro,NO,SÍ,SÍ,NO,NO,SÍ,SÍ,SÍ,NO,NO,NO,SÍ,NO,NO,NO,NO,SÍ,NO,NO,SÍ,NO,SÍ,SÍ,SÍ,SÍ,NO,SÍ,NO,SÍ,SÍ,SÍ,SÍ,SÍ,SÍ,SÍ,NO,NO,SÍ,SÍ,NO,,
2026-01-08 09:10:18,08/01/2026,Sucursal Américas,Guatemala,Distrito Metro,SÍ,SÍ,SÍ,SÍ,SÍ,SÍ,SÍ,SÍ,SÍ,NO,NO,SÍ,SÍ,SÍ,SÍ,SÍ,SÍ,SÍ,NO,SÍ,SÍ,NO,SÍ,SÍ,SÍ,SÍ,SÍ,SÍ,SÍ,SÍ,SÍ,SÍ,SÍ,SÍ,SÍ,SÍ,SÍ,SÍ,SÍ,SÍ,Excelente servicio. La sucursal está operando en óptimas condiciones.,
2026-01-03 12:35:58,03/01/2026,Sucursal Roosevelt,Guatemala,Distrito Metro,NO,SÍ,NO,SÍ,NO,SÍ,SÍ,NO,SÍ,SÍ,SÍ,NO,SÍ,NO,NO,NO,NO,NO,NO,NO,SÍ,SÍ,SÍ,SÍ,NO,SÍ,SÍ,NO,NO,SÍ,SÍ,SÍ,SÍ,NO,SÍ,SÍ,NO,NO,NO,SÍ,"Se notaron deficiencias considerables, especialmente en Cobro. El personal necesita capacitación.",
2026-01-19 13:43:13,19/01/2026,Sucursal Portales,Guatemala,Distrito Metro,SÍ,SÍ,NO,SÍ,SÍ,SÍ,SÍ,NO,SÍ,NO,SÍ,SÍ,SÍ,SÍ,SÍ,NO,SÍ,SÍ,SÍ,SÍ,SÍ,SÍ,SÍ,SÍ,SÍ,NO,SÍ,SÍ,NO,NO,SÍ,SÍ,SÍ,SÍ,SÍ,NO,SÍ,SÍ,SÍ,SÍ,,
2026-01-20 09:15:08,20/01/2026,Sucursal Naranjo,Guatemala,Distrito Metro,SÍ,NO,SÍ,SÍ,SÍ,SÍ,SÍ,NO,NO,NO,NO,SÍ,NO,NO,SÍ,SÍ,SÍ,SÍ,NO,SÍ,SÍ,NO,SÍ,SÍ,NO,SÍ,SÍ,SÍ,NO,SÍ,SÍ,NO,NO,SÍ,SÍ,NO,NO,SÍ,SÍ,SÍ,"Visita dentro del promedio, con áreas de oportunidad.",
2026-01-19 18:56:47,19/01/2026,Sucursal San Cristóbal,Guatemala,Distrito Metro,NO,SÍ,NO,NO,NO,SÍ,SÍ,SÍ,SÍ,NO,NO,SÍ,NO,SÍ,SÍ,SÍ,SÍ,SÍ,NO,SÍ,SÍ,NO,NO,SÍ,SÍ,SÍ,SÍ,SÍ,SÍ,SÍ,SÍ,SÍ,SÍ,SÍ,SÍ,SÍ,NO,SÍ,SÍ,SÍ,,
2026-01-14 09:58:28,14/01/2026,Sucursal Muxbal,Guatemala,Distrito Metro,SÍ,SÍ,SÍ,SÍ,SÍ,NO,SÍ,SÍ,SÍ,NO,NO,SÍ,SÍ,SÍ,SÍ,SÍ,SÍ,SÍ,NO,SÍ,NO,NO,NO,SÍ,NO,NO,SÍ,SÍ,SÍ,SÍ,SÍ,SÍ,SÍ,SÍ,SÍ,SÍ,SÍ,SÍ,SÍ,SÍ,"Visita dentro del promedio, con áreas de oportunidad.",
2026-01-17 17:50:32,17/01/2026,Sucursal Carretera,Guatemala,Distrito Metro,SÍ,SÍ,SÍ,SÍ,SÍ,SÍ,SÍ,NO,SÍ,NO,NO,SÍ,SÍ,SÍ,SÍ,SÍ,SÍ,SÍ,NO,SÍ,SÍ,NO,SÍ,SÍ,SÍ,SÍ,SÍ,SÍ,NO,SÍ,SÍ,SÍ,SÍ,SÍ,SÍ,SÍ,SÍ,SÍ,SÍ,SÍ,Excelente servicio. La sucursal está operando en óptimas condiciones.,
2026-01-04 09:42:31,04/01/2026,Sucursal Zonal,Guatemala,Distrito Metro,SÍ,SÍ,SÍ,SÍ,SÍ,SÍ,SÍ,SÍ,SÍ,NO,NO,SÍ,NO,SÍ,SÍ,NO,SÍ,SÍ,NO,SÍ,SÍ,NO,SÍ,SÍ,NO,SÍ,NO,SÍ,SÍ,NO,SÍ,SÍ,SÍ,SÍ,SÍ,SÍ,SÍ,NO,SÍ,SÍ,,
2026-01-07 08:25:47,07/01/2026,Sucursal Express,Guatemala,Distrito Metro,SÍ,SÍ,SÍ,SÍ,SÍ,SÍ,SÍ,NO,SÍ,SÍ,NO,SÍ,SÍ,NO,SÍ,SÍ,SÍ,SÍ,NO,SÍ,SÍ,SÍ,NO,SÍ,SÍ,SÍ,NO,SÍ,NO,SÍ,SÍ,NO,NO,SÍ,SÍ,SÍ,SÍ,SÍ,NO,SÍ,,
2026-01-16 09:58:50,16/01/2026,Sucursal San Miguel,Guatemala,Distrito Metro,SÍ,SÍ,SÍ,SÍ,SÍ,SÍ,NO,SÍ,NO,NO,NO,NO,SÍ,SÍ,SÍ,NO,SÍ,SÍ,SÍ,NO,NO,NO,SÍ,SÍ,SÍ,SÍ,SÍ,SÍ,SÍ,SÍ,SÍ,SÍ,NO,SÍ,NO,SÍ,NO,SÍ,SÍ,SÍ,,
2026-01-19 15:41:09,19/01/2026,Sucursal Villa Nueva,Guatemala,Distrito Metro,SÍ,NO,SÍ,SÍ,NO,NO,NO,SÍ,SÍ,SÍ,NO,SÍ,NO,NO,NO,NO,SÍ,SÍ,SÍ,NO,SÍ,SÍ,NO,NO,NO,NO,SÍ,NO,SÍ,NO,NO,NO,SÍ,SÍ,SÍ,NO,SÍ,SÍ,NO,SÍ,"Se notaron deficiencias considerables, especialmente en Cobro. El personal necesita capacitación.",
2026-01-22 11:37:30,22/01/2026,Sucursal Petapa,Guatemala,Distrito Metro,SÍ,SÍ,NO,SÍ,SÍ,NO,NO,NO,SÍ,NO,SÍ,SÍ,SÍ,SÍ,NO,SÍ,SÍ,SÍ,SÍ,SÍ,SÍ,NO,NO,NO,SÍ,NO,SÍ,SÍ,SÍ,NO,SÍ,SÍ,SÍ,SÍ,SÍ,SÍ,NO,SÍ,SÍ,SÍ,,
2026-01-22 18:05:05,22/01/2026,Sucursal Mixco,Guatemala,Distrito Metro,NO,SÍ,SÍ,NO,NO,NO,SÍ,SÍ,NO,NO,NO,NO,SÍ,SÍ,SÍ,NO,NO,SÍ,NO,NO,SÍ,NO,SÍ,SÍ,SÍ,SÍ,NO,SÍ,SÍ,NO,SÍ,NO,NO,SÍ,SÍ,SÍ,NO,SÍ,SÍ,NO,,
2026-01-17 09:34:36,17/01/2026,Sucursal San José,Guatemala,Distrito Metro,SÍ,NO,NO,SÍ,SÍ,NO,SÍ,NO,SÍ,NO,NO,NO,NO,SÍ,NO,NO,SÍ,NO,NO,SÍ,NO,NO,SÍ,SÍ,SÍ,SÍ,SÍ,SÍ,SÍ,SÍ,SÍ,NO,SÍ,SÍ,NO,NO,SÍ,NO,NO,SÍ,"Visita dentro del promedio, con áreas de oportunidad.",
2026-01-20 13:39:27,20/01/2026,Sucursal Santa Catarina,Guatemala,Distrito Metro,SÍ,SÍ,SÍ,SÍ,NO,SÍ,SÍ,SÍ,NO,NO,SÍ,SÍ,SÍ,SÍ,NO,NO,SÍ,SÍ,NO,SÍ,NO,NO,SÍ,SÍ,SÍ,SÍ,SÍ,SÍ,SÍ,SÍ,SÍ,SÍ,NO,NO,NO,SÍ,SÍ,SÍ,SÍ,SÍ,,
2026-01-04 18:56:49,04/01/2026,Sucursal Pinula,Guatemala,Distrito Metro,SÍ,NO,NO,SÍ,NO,SÍ,SÍ,SÍ,SÍ,NO,NO,SÍ,NO,SÍ,SÍ,NO,NO,NO,NO,SÍ,SÍ,NO,SÍ,SÍ,SÍ,NO,NO,SÍ,SÍ,NO,SÍ,NO,SÍ,SÍ,SÍ,NO,NO,SÍ,NO,SÍ,,
2026-01-27 13:41:28,27/01/2026,Sucursal Boca del Monte,Guatemala,Distrito Metro,SÍ,NO,SÍ,SÍ,SÍ,NO,SÍ,NO,NO,NO,NO,NO,NO,SÍ,SÍ,NO,SÍ,SÍ,SÍ,SÍ,NO,NO,NO,SÍ,NO,SÍ,NO,NO,NO,SÍ,NO,SÍ,SÍ,SÍ,SÍ,SÍ,NO,NO,SÍ,SÍ,"Se notaron deficiencias considerables, especialmente en Cobro. El personal necesita capacitación.",
2026-01-01 15:30:52,01/01/2026,Sucursal Atlántico,Guatemala,Distrito Metro,SÍ,SÍ,SÍ,NO,SÍ,SÍ,SÍ,SÍ,SÍ,SÍ,NO,SÍ,SÍ,SÍ,SÍ,NO,SÍ,NO,SÍ,SÍ,SÍ,NO,SÍ,SÍ,NO,SÍ,SÍ,SÍ,SÍ,SÍ,SÍ,SÍ,NO,NO,NO,SÍ,SÍ,SÍ,NO,SÍ,,
2026-01-15 17:25:49,15/01/2026,Sucursal Pacífico,Guatemala,Distrito Metro,SÍ,NO,NO,SÍ,NO,SÍ,SÍ,SÍ,SÍ,NO,NO,SÍ,SÍ,SÍ,SÍ,SÍ,SÍ,SÍ,NO,SÍ,SÍ,NO,SÍ,NO,SÍ,SÍ,SÍ,NO,SÍ,SÍ,SÍ,SÍ,SÍ,SÍ,NO,SÍ,SÍ,SÍ,NO,SÍ,"Visita dentro del promedio, con áreas de oportunidad.",
2026-01-05 12:17:51,05/01/2026,Sucursal Aguilar Batres,Guatemala,Distrito Metro,SÍ,SÍ,SÍ,SÍ,NO,SÍ,SÍ,SÍ,NO,NO,SÍ,SÍ,SÍ,SÍ,NO,SÍ,SÍ,SÍ,NO,SÍ,NO,NO,NO,NO,NO,SÍ,SÍ,SÍ,SÍ,SÍ,SÍ,NO,NO,SÍ,NO,NO,NO,SÍ,SÍ,NO,"Visita dentro del promedio, con áreas de oportunidad.",
2026-01-03 16:04:47,03/01/2026,Sucursal Avenida,Guatemala,Distrito Metro,SÍ,SÍ,NO,NO,SÍ,SÍ,SÍ,NO,NO,NO,NO,SÍ,SÍ,SÍ,SÍ,SÍ,SÍ,SÍ,NO,NO,SÍ,NO,SÍ,SÍ,SÍ,SÍ,SÍ,SÍ,SÍ,NO,SÍ,NO,SÍ,SÍ,SÍ,SÍ,SÍ,SÍ,NO,NO,,
2026-01-26 12:09:44,26/01/2026,Sucursal Boulevard,Guatemala,Distrito Metro,SÍ,SÍ,NO,SÍ,SÍ,NO,SÍ,NO,NO,NO,NO,NO,SÍ,SÍ,SÍ,SÍ,SÍ,SÍ,NO,SÍ,SÍ,NO,SÍ,NO,SÍ,SÍ,SÍ,SÍ,NO,SÍ,SÍ,NO,NO,SÍ,NO,NO,NO,SÍ,NO,SÍ,,
2026-01-27 13:51:46,27/01/2026,Sucursal Quetzaltenango Norte,Quetzaltenango,Distrito Occidente,SÍ,SÍ,SÍ,NO,NO,SÍ,NO,SÍ,SÍ,NO,NO,SÍ,SÍ,SÍ,SÍ,NO,NO,SÍ,SÍ,NO,NO,NO,NO,SÍ,NO,NO,SÍ,SÍ,SÍ,SÍ,SÍ,SÍ,SÍ,NO,SÍ,NO,NO,NO,NO,SÍ,,
2026-01-21 09:47:23,21/01/2026,Sucursal Terminal Quet,Quetzaltenango,Distrito Occidente,SÍ,SÍ,SÍ,SÍ,SÍ,SÍ,NO,SÍ,SÍ,NO,NO,SÍ,SÍ,SÍ,SÍ,SÍ,SÍ,SÍ,NO,SÍ,SÍ,NO,SÍ,SÍ,SÍ,SÍ,SÍ,SÍ,SÍ,SÍ,SÍ,SÍ,SÍ,SÍ,SÍ,SÍ,SÍ,SÍ,SÍ,SÍ,Excelente servicio. La sucursal está operando en óptimas condiciones.,
2026-01-27 11:50:57,27/01/2026,Sucursal Quetzaltenango Centro,Quetzaltenango,Distrito Occidente,SÍ,SÍ,SÍ,SÍ,SÍ,SÍ,SÍ,SÍ,SÍ,NO,SÍ,NO,SÍ,SÍ,SÍ,SÍ,SÍ,SÍ,NO,SÍ,SÍ,NO,SÍ,SÍ,SÍ,SÍ,SÍ,SÍ,SÍ,SÍ,SÍ,SÍ,SÍ,SÍ,SÍ,SÍ,SÍ,SÍ,SÍ,SÍ,Excelente servicio. La sucursal está operando en óptimas condiciones.,
2026-01-10 16:33:19,10/01/2026,Sucursal Llanos Quet,Quetzaltenango,Distrito Occidente,SÍ,SÍ,SÍ,SÍ,NO,SÍ,SÍ,SÍ,SÍ,NO,NO,SÍ,NO,SÍ,SÍ,SÍ,SÍ,SÍ,SÍ,SÍ,SÍ,NO,SÍ,SÍ,SÍ,SÍ,SÍ,SÍ,SÍ,SÍ,SÍ,NO,NO,SÍ,NO,SÍ,SÍ,SÍ,SÍ,SÍ,,
2026-01-25 10:42:00,25/01/2026,Sucursal Quetzaltenango Norte,Quetzaltenango,Distrito Occidente,SÍ,SÍ,NO,SÍ,NO,NO,NO,SÍ,NO,NO,NO,SÍ,SÍ,NO,SÍ,SÍ,SÍ,SÍ,NO,SÍ,SÍ,NO,NO,SÍ,SÍ,SÍ,SÍ,NO,SÍ,SÍ,NO,SÍ,SÍ,NO,SÍ,SÍ,SÍ,SÍ,SÍ,SÍ,,
2026-01-07 18:31:07,07/01/2026,Sucursal Sur Quet,Quetzaltenango,Distrito Occidente,SÍ,SÍ,SÍ,SÍ,SÍ,SÍ,SÍ,NO,SÍ,NO,SÍ,NO,SÍ,SÍ,NO,NO,SÍ,SÍ,SÍ,NO,SÍ,NO,SÍ,NO,NO,NO,SÍ,SÍ,SÍ,SÍ,SÍ,SÍ,NO,NO,SÍ,SÍ,SÍ,SÍ,SÍ,NO,"Visita dentro del promedio, con áreas de oportunidad.",
2026-01-25 18:29:23,25/01/2026,Sucursal Escuintla Centro,Escuintla,Distrito Sur,SÍ,NO,SÍ,SÍ,SÍ,NO,SÍ,NO,SÍ,NO,NO,SÍ,SÍ,SÍ,SÍ,SÍ,SÍ,SÍ,SÍ,SÍ,SÍ,NO,SÍ,SÍ,NO,SÍ,SÍ,SÍ,NO,SÍ,SÍ,SÍ,SÍ,SÍ,SÍ,SÍ,SÍ,NO,SÍ,SÍ,,
2026-01-02 10:22:33,02/01/2026,Sucursal Mercado Escu,Escuintla,Distrito Sur,SÍ,SÍ,SÍ,SÍ,SÍ,SÍ,SÍ,SÍ,SÍ,NO,NO,SÍ,SÍ,SÍ,SÍ,SÍ,SÍ,SÍ,NO,SÍ,SÍ,NO,SÍ,SÍ,SÍ,SÍ,NO,SÍ,SÍ,SÍ,SÍ,SÍ,SÍ,SÍ,SÍ,SÍ,SÍ,SÍ,NO,SÍ,Excelente servicio. La sucursal está operando en óptimas condiciones.,
2026-01-23 18:40:16,23/01/2026,Sucursal Escuintla Norte,Escuintla,Distrito Sur,SÍ,SÍ,SÍ,NO,NO,SÍ,NO,NO,NO,SÍ,NO,SÍ,SÍ,NO,NO,NO,NO,SÍ,NO,NO,SÍ,NO,NO,SÍ,NO,SÍ,NO,NO,SÍ,NO,SÍ,NO,SÍ,SÍ,NO,SÍ,SÍ,SÍ,NO,SÍ,"Se notaron deficiencias considerables, especialmente en Cobro. El personal necesita capacitación.",
2026-01-06 13:51:58,06/01/2026,Sucursal Occidente Escu,Escuintla,Distrito Sur,NO,SÍ,SÍ,SÍ,NO,SÍ,SÍ,NO,SÍ,SÍ,SÍ,NO,SÍ,SÍ,SÍ,SÍ,SÍ,SÍ,NO,SÍ,NO,SÍ,NO,SÍ,SÍ,SÍ,NO,SÍ,NO,SÍ,SÍ,NO,NO,SÍ,SÍ,SÍ,SÍ,NO,NO,SÍ,,
2026-01-26 11:41:37,26/01/2026,Sucursal Escuintla Norte,Escuintla,Distrito Sur,SÍ,SÍ,NO,SÍ,SÍ,SÍ,SÍ,NO,NO,NO,NO,SÍ,NO,NO,SÍ,SÍ,NO,SÍ,NO,SÍ,SÍ,NO,NO,SÍ,SÍ,NO,NO,SÍ,SÍ,SÍ,SÍ,SÍ,SÍ,SÍ,SÍ,SÍ,SÍ,NO,SÍ,SÍ,,
2026-01-04 12:10:35,04/01/2026,Sucursal Norte Escu,Escuintla,Distrito Sur,SÍ,SÍ,SÍ,NO,NO,SÍ,SÍ,NO,NO,NO,SÍ,SÍ,SÍ,SÍ,NO,NO,SÍ,SÍ,NO,NO,SÍ,NO,SÍ,NO,SÍ,SÍ,SÍ,SÍ,SÍ,SÍ,SÍ,SÍ,NO,NO,NO,SÍ,NO,SÍ,SÍ,SÍ,,
2026-01-24 08:10:17,24/01/2026,Sucursal Sacatepéquez Norte,Sacatepéquez,Distrito Central,NO,SÍ,NO,NO,SÍ,NO,SÍ,SÍ,NO,SÍ,SÍ,NO,SÍ,SÍ,NO,SÍ,SÍ,SÍ,NO,SÍ,SÍ,NO,SÍ,SÍ,NO,NO,SÍ,NO,SÍ,SÍ,SÍ,NO,SÍ,SÍ,NO,NO,SÍ,NO,SÍ,NO,"Se notaron deficiencias considerables, especialmente en Cobro. El personal necesita capacitación.",
2026-01-14 14:07:23,14/01/2026,Sucursal Central Saca,Sacatepéquez,Distrito Central,NO,SÍ,SÍ,NO,NO,SÍ,SÍ,SÍ,SÍ,NO,SÍ,NO,SÍ,SÍ,NO,NO,SÍ,NO,NO,NO,NO,SÍ,NO,SÍ,SÍ,SÍ,SÍ,SÍ,SÍ,SÍ,NO,SÍ,NO,NO,NO,NO,SÍ,NO,SÍ,SÍ,"Se notaron deficiencias considerables, especialmente en Sanitarios. El personal necesita capacitación.",
2026-01-16 17:45:51,16/01/2026,Sucursal Sacatepéquez Centro,Sacatepéquez,Distrito Central,NO,SÍ,SÍ,SÍ,NO,SÍ,SÍ,SÍ,SÍ,NO,NO,NO,SÍ,SÍ,SÍ,SÍ,SÍ,SÍ,NO,SÍ,NO,NO,SÍ,NO,NO,NO,SÍ,NO,NO,NO,SÍ,SÍ,SÍ,SÍ,NO,SÍ,SÍ,SÍ,SÍ,SÍ,,
2026-01-08 14:39:16,08/01/2026,Sucursal Terminal Saca,Sacatepéquez,Distrito Central,SÍ,NO,SÍ,SÍ,SÍ,SÍ,NO,SÍ,SÍ,NO,NO,SÍ,SÍ,SÍ,SÍ,SÍ,SÍ,NO,SÍ,SÍ,SÍ,NO,SÍ,SÍ,SÍ,SÍ,NO,NO,SÍ,SÍ,SÍ,SÍ,SÍ,SÍ,SÍ,NO,SÍ,NO,SÍ,SÍ,,
2026-01-04 08:19:33,04/01/2026,Sucursal Sacatepéquez Norte,Sacatepéquez,Distrito Central,SÍ,SÍ,SÍ,SÍ,SÍ,SÍ,SÍ,SÍ,SÍ,NO,SÍ,SÍ,SÍ,NO,SÍ,NO,SÍ,SÍ,NO,SÍ,SÍ,NO,SÍ,SÍ,SÍ,SÍ,SÍ,SÍ,SÍ,SÍ,SÍ,SÍ,SÍ,NO,SÍ,SÍ,NO,SÍ,SÍ,SÍ,,
2026-01-26 08:56:37,26/01/2026,Sucursal Avenida Chim,Chimaltenango,Distrito Central,NO,NO,NO,SÍ,SÍ,SÍ,SÍ,NO,NO,NO,SÍ,SÍ,NO,SÍ,NO,NO,SÍ,SÍ,NO,SÍ,SÍ,NO,NO,SÍ,SÍ,SÍ,SÍ,NO,NO,SÍ,SÍ,SÍ,SÍ,SÍ,SÍ,NO,SÍ,SÍ,SÍ,SÍ,,
2026-01-15 15:54:36,15/01/2026,Sucursal Chimaltenango Centro,Chimaltenango,Distrito Central,SÍ,SÍ,SÍ,NO,NO,SÍ,SÍ,SÍ,NO,NO,SÍ,SÍ,NO,NO,NO,SÍ,NO,SÍ,NO,NO,NO,NO,NO,SÍ,SÍ,SÍ,SÍ,SÍ,NO,SÍ,SÍ,SÍ,NO,NO,NO,SÍ,SÍ,SÍ,SÍ,NO,"Visita dentro del promedio, con áreas de oportunidad.",
2026-01-04 17:16:53,04/01/2026,Sucursal Plaza Chim,Chimaltenango,Distrito Central,SÍ,SÍ,SÍ,SÍ,SÍ,SÍ,SÍ,SÍ,SÍ,NO,NO,SÍ,SÍ,NO,SÍ,NO,SÍ,SÍ,SÍ,SÍ,SÍ,NO,SÍ,SÍ,NO,NO,NO,SÍ,SÍ,SÍ,NO,SÍ,SÍ,SÍ,NO,NO,NO,NO,NO,SÍ,,
2026-01-01 13:12:34,01/01/2026,Sucursal Chimaltenango Plaza,Chimaltenango,Distrito Central,SÍ,SÍ,SÍ,SÍ,SÍ,NO,SÍ,SÍ,SÍ,NO,NO,SÍ,SÍ,SÍ,SÍ,NO,SÍ,SÍ,NO,SÍ,SÍ,NO,NO,SÍ,SÍ,SÍ,SÍ,NO,SÍ,SÍ,SÍ,NO,SÍ,SÍ,SÍ,SÍ,SÍ,NO,SÍ,SÍ,,
2026-01-24 14:05:34,24/01/2026,Sucursal Avenida Alta,Alta Verapaz,Distrito Norte,SÍ,SÍ,SÍ,NO,SÍ,SÍ,NO,SÍ,SÍ,NO,NO,SÍ,SÍ,SÍ,SÍ,SÍ,SÍ,SÍ,SÍ,SÍ,SÍ,SÍ,SÍ,NO,SÍ,NO,SÍ,NO,NO,SÍ,NO,SÍ,SÍ,SÍ,SÍ,SÍ,SÍ,SÍ,SÍ,NO,,
2026-01-10 16:19:22,10/01/2026,Sucursal Alta Verapaz Plaza,Alta Verapaz,Distrito Norte,NO,SÍ,SÍ,SÍ,NO,SÍ,SÍ,SÍ,SÍ,NO,SÍ,SÍ,NO,SÍ,NO,SÍ,SÍ,NO,NO,SÍ,SÍ,SÍ,SÍ,SÍ,SÍ,SÍ,SÍ,SÍ,SÍ,SÍ,NO,SÍ,SÍ,SÍ,SÍ,NO,SÍ,SÍ,SÍ,NO,"Visita dentro del promedio, con áreas de oportunidad.",
2026-01-01 13:25:38,01/01/2026,Sucursal Express Alta,Alta Verapaz,Distrito Norte,SÍ,NO,SÍ,SÍ,SÍ,SÍ,SÍ,SÍ,SÍ,NO,NO,NO,NO,SÍ,SÍ,SÍ,SÍ,SÍ,SÍ,SÍ,SÍ,NO,SÍ,SÍ,SÍ,SÍ,SÍ,SÍ,SÍ,SÍ,NO,SÍ,NO,SÍ,SÍ,SÍ,SÍ,SÍ,SÍ,SÍ,,
2026-01-25 15:46:39,25/01/2026,Sucursal Alta Verapaz Centro,Alta Verapaz,Distrito Norte,SÍ,SÍ,SÍ,SÍ,SÍ,SÍ,SÍ,SÍ,NO,NO,NO,SÍ,NO,SÍ,NO,NO,SÍ,SÍ,NO,NO,SÍ,NO,NO,SÍ,SÍ,SÍ,SÍ,SÍ,SÍ,SÍ,SÍ,SÍ,NO,NO,NO,NO,SÍ,SÍ,SÍ,SÍ,,
2026-01-17 17:07:52,17/01/2026,Sucursal Centro Peté,Petén,Distrito Norte,NO,NO,SÍ,NO,SÍ,NO,SÍ,SÍ,SÍ,NO,NO,SÍ,SÍ,SÍ,NO,SÍ,NO,SÍ,SÍ,SÍ,SÍ,SÍ,NO,SÍ,NO,SÍ,NO,SÍ,SÍ,SÍ,NO,SÍ,SÍ,SÍ,SÍ,SÍ,SÍ,NO,NO,SÍ,"Visita dentro del promedio, con áreas de oportunidad.",
2026-01-12 14:31:43,12/01/2026,Sucursal Petén Plaza,Petén,Distrito Norte,SÍ,SÍ,SÍ,SÍ,NO,SÍ,SÍ,SÍ,SÍ,NO,SÍ,SÍ,NO,SÍ,SÍ,SÍ,SÍ,NO,NO,NO,NO,SÍ,SÍ,NO,SÍ,NO,SÍ,SÍ,SÍ,SÍ,NO,SÍ,NO,SÍ,SÍ,SÍ,NO,NO,SÍ,SÍ,"Visita dentro del promedio, con áreas de oportunidad.",
2026-01-22 11:03:35,22/01/2026,Sucursal Avenida Peté,Petén,Distrito Norte,SÍ,NO,SÍ,SÍ,SÍ,SÍ,SÍ,SÍ,SÍ,NO,NO,SÍ,NO,NO,SÍ,NO,SÍ,NO,NO,SÍ,SÍ,NO,SÍ,SÍ,SÍ,SÍ,SÍ,NO,SÍ,SÍ,SÍ,NO,SÍ,SÍ,SÍ,NO,SÍ,NO,SÍ,SÍ,"Visita dentro del promedio, con áreas de oportunidad.",
2026-01-12 10:03:30,12/01/2026,Sucursal Izabal Centro,Izabal,Distrito Oriente,NO,NO,SÍ,NO,NO,SÍ,SÍ,SÍ,SÍ,NO,NO,SÍ,SÍ,SÍ,SÍ,NO,SÍ,SÍ,NO,SÍ,SÍ,NO,SÍ,NO,SÍ,SÍ,SÍ,SÍ,SÍ,NO,SÍ,SÍ,SÍ,SÍ,NO,SÍ,NO,SÍ,SÍ,NO,"Visita dentro del promedio, con áreas de oportunidad.",
2026-01-26 10:53:16,26/01/2026,Sucursal Express Izab,Izabal,Distrito Oriente,SÍ,SÍ,SÍ,SÍ,SÍ,SÍ,SÍ,SÍ,NO,SÍ,NO,SÍ,SÍ,SÍ,SÍ,NO,SÍ,SÍ,NO,SÍ,SÍ,NO,SÍ,NO,SÍ,SÍ,SÍ,SÍ,SÍ,SÍ,SÍ,SÍ,NO,SÍ,SÍ,SÍ,SÍ,SÍ,SÍ,SÍ,,
2026-01-10 12:49:21,10/01/2026,Sucursal Izabal Centro,Izabal,Distrito Oriente,NO,SÍ,SÍ,SÍ,SÍ,SÍ,NO,SÍ,SÍ,SÍ,NO,NO,NO,NO,SÍ,NO,NO,NO,SÍ,SÍ,NO,NO,NO,SÍ,SÍ,SÍ,SÍ,SÍ,SÍ,SÍ,NO,SÍ,NO,NO,SÍ,SÍ,NO,NO,SÍ,NO,"Se notaron deficiencias considerables, especialmente en Sanitarios. El personal necesita capacitación.",Incidencia grave en Sanitarios: Condiciones inaceptables de servicio o infraestructura.
2026-01-07 17:26:23,07/01/2026,Sucursal Centro San ,San Marcos,Distrito Occidente,SÍ,SÍ,NO,SÍ,NO,SÍ,SÍ,SÍ,SÍ,NO,NO,SÍ,SÍ,SÍ,NO,SÍ,SÍ,SÍ,NO,SÍ,SÍ,NO,SÍ,SÍ,SÍ,SÍ,SÍ,NO,NO,NO,SÍ,SÍ,SÍ,SÍ,SÍ,SÍ,SÍ,SÍ,SÍ,SÍ,,
2026-01-13 10:58:28,13/01/2026,Sucursal San Marcos Norte,San Marcos,Distrito Occidente,SÍ,NO,NO,NO,SÍ,SÍ,SÍ,SÍ,SÍ,SÍ,SÍ,SÍ,NO,SÍ,SÍ,SÍ,NO,SÍ,SÍ,SÍ,NO,SÍ,SÍ,SÍ,SÍ,NO,SÍ,SÍ,NO,SÍ,NO,SÍ,SÍ,SÍ,NO,NO,SÍ,SÍ,NO,SÍ,,
2026-01-27 11:17:46,27/01/2026,Sucursal Central San ,San Marcos,Distrito Occidente,SÍ,SÍ,SÍ,SÍ,NO,NO,SÍ,SÍ,NO,SÍ,NO,NO,SÍ,NO,SÍ,SÍ,SÍ,SÍ,NO,SÍ,SÍ,SÍ,NO,NO,NO,SÍ,NO,NO,SÍ,SÍ,SÍ,NO,SÍ,SÍ,SÍ,SÍ,NO,NO,SÍ,SÍ,"Visita dentro del promedio, con áreas de oportunidad.",
2026-01-22 13:19:26,22/01/2026,Sucursal Huehuetenango Norte,Huehuetenango,Distrito Occidente,SÍ,SÍ,SÍ,SÍ,SÍ,SÍ,SÍ,NO,SÍ,NO,SÍ,SÍ,NO,SÍ,NO,SÍ,NO,SÍ,NO,SÍ,SÍ,NO,SÍ,NO,NO,SÍ,SÍ,NO,SÍ,NO,SÍ,NO,SÍ,SÍ,SÍ,SÍ,SÍ,SÍ,SÍ,SÍ,,
2026-01-15 12:08:17,15/01/2026,Sucursal Occidente Hueh,Huehuetenango,Distrito Occidente,SÍ,NO,SÍ,SÍ,SÍ,SÍ,SÍ,SÍ,SÍ,SÍ,NO,NO,SÍ,NO,SÍ,SÍ,SÍ,NO,NO,NO,SÍ,NO,SÍ,SÍ,NO,SÍ,SÍ,SÍ,SÍ,SÍ,SÍ,NO,SÍ,SÍ,NO,SÍ,SÍ,SÍ,SÍ,NO,,
2026-01-20 18:46:52,20/01/2026,Sucursal Huehuetenango Norte,Huehuetenango,Distrito Occidente,SÍ,SÍ,SÍ,SÍ,SÍ,SÍ,SÍ,SÍ,SÍ,NO,NO,SÍ,SÍ,SÍ,SÍ,SÍ,SÍ,SÍ,NO,SÍ,SÍ,SÍ,SÍ,NO,SÍ,SÍ,SÍ,SÍ,SÍ,SÍ,SÍ,SÍ,SÍ,SÍ,SÍ,SÍ,SÍ,NO,SÍ,SÍ,Excelente servicio. La sucursal está operando en óptimas condiciones.,
2026-01-20 16:55:08,20/01/2026,Sucursal Brisas Juti,Jutiapa,Distrito Oriente,SÍ,NO,NO,SÍ,SÍ,SÍ,NO,NO,NO,NO,SÍ,NO,SÍ,SÍ,SÍ,SÍ,SÍ,SÍ,SÍ,NO,NO,NO,NO,SÍ,NO,SÍ,NO,SÍ,NO,SÍ,SÍ,SÍ,SÍ,SÍ,SÍ,SÍ,NO,NO,SÍ,SÍ,"Se notaron deficiencias considerables, especialmente en Cobro. El personal necesita capacitación.",
2026-01-17 14:46:14,17/01/2026,Sucursal Jutiapa Plaza,Jutiapa,Distrito Oriente,SÍ,SÍ,SÍ,SÍ,SÍ,SÍ,SÍ,SÍ,SÍ,NO,NO,SÍ,SÍ,SÍ,SÍ,SÍ,SÍ,SÍ,NO,SÍ,SÍ,NO,SÍ,SÍ,SÍ,SÍ,SÍ,SÍ,SÍ,SÍ,SÍ,SÍ,NO,NO,SÍ,SÍ,SÍ,SÍ,SÍ,SÍ,Excelente servicio. La sucursal está operando en óptimas condiciones.,
2026-01-26 10:43:14,26/01/2026,Sucursal Llanos Zaca,Zacapa,Distrito Oriente,NO,SÍ,NO,SÍ,SÍ,SÍ,NO,SÍ,SÍ,NO,NO,SÍ,SÍ,SÍ,SÍ,SÍ,SÍ,NO,SÍ,NO,SÍ,NO,NO,SÍ,SÍ,SÍ,NO,SÍ,SÍ,SÍ,SÍ,SÍ,SÍ,SÍ,SÍ,SÍ,SÍ,SÍ,SÍ,SÍ,,
2026-01-17 18:54:16,17/01/2026,Sucursal Zacapa Plaza,Zacapa,Distrito Oriente,SÍ,NO,SÍ,SÍ,NO,SÍ,SÍ,SÍ,SÍ,NO,NO,SÍ,SÍ,SÍ,SÍ,SÍ,SÍ,SÍ,NO,SÍ,SÍ,SÍ,SÍ,NO,SÍ,SÍ,SÍ,SÍ,SÍ,NO,NO,SÍ,NO,SÍ,SÍ,NO,SÍ,SÍ,SÍ,SÍ,"Visita dentro del promedio, con áreas de oportunidad.",
2026-01-13 11:01:49,13/01/2026,Sucursal Parque Reta,Retalhuleu,Distrito Sur,SÍ,SÍ,SÍ,SÍ,SÍ,SÍ,NO,SÍ,NO,SÍ,SÍ,NO,NO,SÍ,NO,SÍ,SÍ,SÍ,NO,NO,SÍ,NO,SÍ,SÍ,SÍ,SÍ,SÍ,SÍ,SÍ,NO,SÍ,SÍ,SÍ,SÍ,SÍ,SÍ,SÍ,SÍ,SÍ,SÍ,,
2026-01-15 16:41:49,15/01/2026,Sucursal Retalhuleu Norte,Retalhuleu,Distrito Sur,SÍ,SÍ,SÍ,NO,NO,SÍ,SÍ,SÍ,NO,SÍ,SÍ,SÍ,SÍ,SÍ,SÍ,NO,SÍ,SÍ,NO,SÍ,NO,NO,SÍ,SÍ,SÍ,SÍ,SÍ,SÍ,SÍ,NO,NO,SÍ,NO,NO,NO,NO,NO,SÍ,SÍ,NO,,
2026-01-17 10:14:04,17/01/2026,Sucursal Terminal Such,Suchitepéquez,Distrito Sur,NO,SÍ,NO,SÍ,NO,NO,NO,NO,SÍ,SÍ,NO,NO,SÍ,SÍ,SÍ,SÍ,NO,SÍ,NO,NO,SÍ,SÍ,SÍ,SÍ,SÍ,SÍ,SÍ,SÍ,SÍ,NO,SÍ,SÍ,SÍ,SÍ,SÍ,SÍ,SÍ,SÍ,NO,SÍ,,
2026-01-19 11:36:10,19/01/2026,Sucursal Suchitepéquez Centro,Suchitepéquez,Distrito Sur,SÍ,SÍ,SÍ,SÍ,SÍ,NO,SÍ,NO,SÍ,NO,NO,SÍ,NO,SÍ,SÍ,NO,SÍ,SÍ,NO,NO,SÍ,SÍ,NO,NO,NO,SÍ,SÍ,NO,SÍ,NO,NO,NO,SÍ,SÍ,NO,NO,NO,NO,NO,SÍ,"Se notaron deficiencias considerables, especialmente en Cobro. El personal necesita capacitación.",
2026-01-17 12:17:13,17/01/2026,Sucursal Parque Sant,Santa Rosa,Distrito Sur,SÍ,SÍ,SÍ,NO,SÍ,SÍ,SÍ,SÍ,NO,NO,NO,SÍ,SÍ,SÍ,SÍ,SÍ,SÍ,SÍ,NO,NO,SÍ,NO,SÍ,SÍ,NO,SÍ,NO,NO,SÍ,NO,NO,SÍ,NO,SÍ,SÍ,SÍ,NO,SÍ,NO,SÍ,,
2026-01-01 14:54:04,01/01/2026,Sucursal Santa Rosa Centro,Santa Rosa,Distrito Sur,SÍ,NO,NO,SÍ,SÍ,NO,SÍ,SÍ,NO,NO,NO,SÍ,SÍ,NO,NO,SÍ,NO,SÍ,SÍ,SÍ,SÍ,SÍ,SÍ,SÍ,SÍ,NO,NO,SÍ,NO,SÍ,SÍ,SÍ,SÍ,SÍ,SÍ,SÍ,NO,SÍ,SÍ,SÍ,"Visita dentro del promedio, con áreas de oportunidad.",
2026-01-21 08:58:45,21/01/2026,Sucursal Parque El P,El Progreso,Distrito Oriente,NO,NO,SÍ,NO,SÍ,NO,SÍ,SÍ,SÍ,NO,SÍ,SÍ,SÍ,SÍ,SÍ,SÍ,SÍ,SÍ,NO,SÍ,NO,SÍ,NO,SÍ,SÍ,SÍ,NO,SÍ,SÍ,SÍ,SÍ,SÍ,SÍ,SÍ,SÍ,SÍ,SÍ,SÍ,SÍ,NO,,
2026-01-01 11:14:16,01/01/2026,Sucursal El Progreso Norte,El Progreso,Distrito Oriente,SÍ,SÍ,SÍ,SÍ,SÍ,SÍ,SÍ,SÍ,SÍ,NO,NO,SÍ,SÍ,SÍ,NO,SÍ,SÍ,SÍ,NO,SÍ,SÍ,NO,NO,SÍ,SÍ,SÍ,SÍ,SÍ,SÍ,SÍ,SÍ,SÍ,SÍ,SÍ,SÍ,SÍ,SÍ,SÍ,SÍ,SÍ,Excelente servicio. La sucursal está operando en óptimas condiciones.,
2026-01-10 11:02:06,10/01/2026,Sucursal Mercado Chiq,Chiquimula,Distrito Oriente,SÍ,NO,SÍ,SÍ,SÍ,SÍ,SÍ,NO,SÍ,NO,NO,SÍ,NO,NO,SÍ,NO,SÍ,SÍ,SÍ,NO,SÍ,NO,SÍ,SÍ,NO,NO,SÍ,NO,NO,SÍ,SÍ,SÍ,SÍ,NO,SÍ,SÍ,SÍ,SÍ,SÍ,SÍ,,
2026-01-01 15:51:23,01/01/2026,Sucursal Chiquimula Centro,Chiquimula,Distrito Oriente,SÍ,SÍ,SÍ,SÍ,SÍ,SÍ,SÍ,SÍ,SÍ,NO,SÍ,SÍ,SÍ,SÍ,NO,NO,SÍ,NO,NO,SÍ,NO,NO,SÍ,NO,NO,SÍ,SÍ,SÍ,SÍ,SÍ,NO,SÍ,SÍ,SÍ,SÍ,SÍ,SÍ,SÍ,SÍ,NO,,
2026-01-12 12:12:39,12/01/2026,Sucursal Norte Jala,Jalapa,Distrito Oriente,SÍ,SÍ,SÍ,SÍ,NO,NO,SÍ,SÍ,SÍ,SÍ,NO,NO,NO,SÍ,SÍ,NO,NO,SÍ,SÍ,SÍ,SÍ,NO,SÍ,SÍ,SÍ,NO,NO,SÍ,SÍ,SÍ,SÍ,SÍ,SÍ,SÍ,SÍ,NO,SÍ,NO,SÍ,SÍ,,
2026-01-17 12:42:28,17/01/2026,Sucursal Jalapa Plaza,Jalapa,Distrito Oriente,SÍ,SÍ,SÍ,SÍ,SÍ,SÍ,SÍ,SÍ,NO,NO,NO,SÍ,SÍ,SÍ,SÍ,SÍ,SÍ,SÍ,NO,SÍ,SÍ,NO,SÍ,NO,NO,NO,NO,NO,NO,SÍ,SÍ,SÍ,SÍ,SÍ,SÍ,SÍ,SÍ,SÍ,SÍ,SÍ,"Visita dentro del promedio, con áreas de oportunidad.",
2026-01-18 15:56:34,18/01/2026,Sucursal Terminal Solo,Sololá,Distrito Occidente,SÍ,SÍ,SÍ,SÍ,NO,SÍ,NO,SÍ,SÍ,SÍ,NO,NO,NO,NO,SÍ,SÍ,SÍ,NO,NO,NO,SÍ,NO,SÍ,SÍ,SÍ,SÍ,SÍ,NO,NO,NO,SÍ,NO,SÍ,NO,NO,NO,SÍ,SÍ,SÍ,SÍ,,
2026-01-16 13:50:25,16/01/2026,Sucursal Sololá Centro,Sololá,Distrito Occidente,SÍ,SÍ,SÍ,SÍ,SÍ,SÍ,SÍ,SÍ,SÍ,NO,NO,SÍ,SÍ,NO,SÍ,SÍ,SÍ,SÍ,NO,SÍ,SÍ,NO,SÍ,SÍ,NO,SÍ,SÍ,SÍ,NO,SÍ,SÍ,SÍ,SÍ,SÍ,SÍ,SÍ,SÍ,SÍ,SÍ,SÍ,Excelente servicio. La sucursal está operando en óptimas condiciones.,
2026-01-08 13:20:18,08/01/2026,Sucursal Express Toto,Totonicapán,Distrito Occidente,SÍ,NO,SÍ,NO,SÍ,SÍ,SÍ,SÍ,NO,NO,NO,NO,SÍ,SÍ,SÍ,SÍ,SÍ,SÍ,NO,SÍ,NO,NO,SÍ,SÍ,NO,NO,SÍ,SÍ,SÍ,SÍ,SÍ,NO,SÍ,SÍ,SÍ,NO,SÍ,NO,SÍ,NO,,
2026-01-04 13:53:03,04/01/2026,Sucursal Totonicapán Plaza,Totonicapán,Distrito Occidente,SÍ,SÍ,NO,SÍ,NO,SÍ,SÍ,SÍ,SÍ,NO,NO,SÍ,SÍ,NO,NO,NO,SÍ,SÍ,SÍ,NO,NO,NO,NO,SÍ,SÍ,SÍ,NO,SÍ,SÍ,SÍ,SÍ,SÍ,NO,NO,NO,NO,SÍ,NO,SÍ,SÍ,,
2026-01-06 13:45:02,06/01/2026,Sucursal Plaza Quic,Quiché,Distrito Occidente,SÍ,SÍ,NO,SÍ,SÍ,SÍ,SÍ,NO,SÍ,NO,NO,SÍ,NO,SÍ,SÍ,SÍ,SÍ,SÍ,NO,NO,SÍ,NO,SÍ,SÍ,SÍ,SÍ,SÍ,SÍ,SÍ,SÍ,SÍ,SÍ,SÍ,SÍ,SÍ,SÍ,SÍ,SÍ,NO,SÍ,,
2026-01-15 09:37:16,15/01/2026,Sucursal Quiché Plaza,Quiché,Distrito Occidente,NO,NO,NO,SÍ,SÍ,SÍ,SÍ,NO,SÍ,NO,NO,SÍ,SÍ,SÍ,SÍ,NO,SÍ,SÍ,NO,SÍ,SÍ,SÍ,SÍ,NO,SÍ,SÍ,SÍ,NO,SÍ,SÍ,SÍ,SÍ,NO,NO,SÍ,SÍ,SÍ,NO,SÍ,SÍ,,
2026-01-18 13:12:57,18/01/2026,Sucursal Oriente Baja,Baja Verapaz,Distrito Norte,SÍ,NO,SÍ,SÍ,SÍ,SÍ,SÍ,SÍ,SÍ,NO,NO,NO,SÍ,SÍ,SÍ,SÍ,NO,SÍ,NO,SÍ,SÍ,NO,SÍ,NO,SÍ,SÍ,SÍ,SÍ,NO,SÍ,SÍ,SÍ,SÍ,SÍ,SÍ,SÍ,SÍ,SÍ,SÍ,SÍ,,
2026-02-27 16:03:08,27/02/2026,Sucursal Centro,Guatemala,Distrito Metro,SÍ,SÍ,SÍ,SÍ,SÍ,SÍ,SÍ,SÍ,SÍ,NO,NO,SÍ,SÍ,SÍ,SÍ,SÍ,NO,SÍ,NO,SÍ,SÍ,NO,SÍ,SÍ,SÍ,SÍ,SÍ,SÍ,SÍ,SÍ,SÍ,SÍ,SÍ,SÍ,SÍ,SÍ,SÍ,NO,SÍ,SÍ,Excelente servicio. La sucursal está operando en óptimas condiciones.,
2026-02-23 15:05:24,23/02/2026,Sucursal Norte,Guatemala,Distrito Metro,SÍ,SÍ,SÍ,SÍ,NO,NO,SÍ,SÍ,SÍ,NO,SÍ,SÍ,NO,SÍ,NO,SÍ,SÍ,NO,SÍ,SÍ,SÍ,NO,SÍ,SÍ,SÍ,NO,NO,NO,NO,SÍ,SÍ,SÍ,SÍ,SÍ,SÍ,SÍ,SÍ,SÍ,SÍ,SÍ,,
2026-02-26 18:09:28,26/02/2026,Sucursal Sur,Guatemala,Distrito Metro,SÍ,SÍ,SÍ,SÍ,SÍ,SÍ,SÍ,NO,SÍ,NO,NO,NO,SÍ,NO,NO,SÍ,SÍ,SÍ,SÍ,NO,SÍ,SÍ,NO,SÍ,SÍ,NO,SÍ,SÍ,SÍ,SÍ,SÍ,SÍ,SÍ,NO,NO,SÍ,NO,SÍ,NO,SÍ,,
2026-02-01 17:44:19,01/02/2026,Sucursal Las Palmas,Guatemala,Distrito Metro,SÍ,NO,SÍ,NO,SÍ,SÍ,SÍ,SÍ,SÍ,NO,SÍ,SÍ,SÍ,NO,NO,NO,SÍ,SÍ,SÍ,NO,NO,NO,SÍ,NO,SÍ,NO,SÍ,SÍ,NO,NO,NO,NO,SÍ,NO,NO,SÍ,NO,NO,NO,SÍ,"Se notaron deficiencias considerables, especialmente en Cobro. El personal necesita capacitación.",
2026-02-12 12:06:11,12/02/2026,Sucursal Pradera,Guatemala,Distrito Metro,SÍ,SÍ,SÍ,SÍ,NO,SÍ,SÍ,SÍ,NO,SÍ,SÍ,SÍ,NO,SÍ,SÍ,SÍ,SÍ,SÍ,NO,NO,SÍ,SÍ,SÍ,SÍ,SÍ,SÍ,NO,SÍ,SÍ,SÍ,SÍ,SÍ,NO,SÍ,SÍ,SÍ,SÍ,NO,SÍ,SÍ,,
2026-02-12 10:54:47,12/02/2026,Sucursal Majadas,Guatemala,Distrito Metro,SÍ,SÍ,SÍ,SÍ,SÍ,SÍ,SÍ,SÍ,SÍ,SÍ,NO,SÍ,NO,SÍ,SÍ,SÍ,NO,SÍ,NO,SÍ,SÍ,NO,SÍ,SÍ,NO,SÍ,SÍ,SÍ,SÍ,SÍ,SÍ,SÍ,SÍ,SÍ,SÍ,SÍ,SÍ,SÍ,SÍ,SÍ,Excelente servicio. La sucursal está operando en óptimas condiciones.,
2026-02-04 14:10:19,04/02/2026,Sucursal Vista Hermosa,Guatemala,Distrito Metro,SÍ,SÍ,SÍ,SÍ,SÍ,SÍ,NO,SÍ,SÍ,NO,NO,SÍ,SÍ,SÍ,SÍ,SÍ,SÍ,SÍ,NO,SÍ,SÍ,NO,NO,SÍ,SÍ,SÍ,SÍ,SÍ,SÍ,SÍ,SÍ,SÍ,SÍ,SÍ,SÍ,SÍ,SÍ,SÍ,SÍ,SÍ,Excelente servicio. La sucursal está operando en óptimas condiciones.,
2026-02-12 09:32:14,12/02/2026,Sucursal Cayalá,Guatemala,Distrito Metro,SÍ,SÍ,NO,NO,NO,SÍ,SÍ,SÍ,SÍ,NO,NO,NO,SÍ,SÍ,SÍ,NO,SÍ,SÍ,NO,SÍ,SÍ,SÍ,NO,SÍ,SÍ,NO,SÍ,SÍ,SÍ,SÍ,NO,SÍ,SÍ,NO,SÍ,SÍ,NO,SÍ,SÍ,SÍ,,
2026-02-19 15:01:58,19/02/2026,Sucursal Américas,Guatemala,Distrito Metro,SÍ,SÍ,SÍ,SÍ,SÍ,SÍ,SÍ,SÍ,SÍ,NO,NO,SÍ,SÍ,SÍ,SÍ,SÍ,SÍ,SÍ,NO,SÍ,SÍ,NO,NO,SÍ,SÍ,SÍ,SÍ,SÍ,SÍ,SÍ,SÍ,SÍ,SÍ,SÍ,SÍ,SÍ,SÍ,SÍ,SÍ,SÍ,Excelente servicio. La sucursal está operando en óptimas condiciones.,
2026-02-23 15:09:50,23/02/2026,Sucursal Roosevelt,Guatemala,Distrito Metro,SÍ,SÍ,SÍ,SÍ,SÍ,SÍ,SÍ,SÍ,SÍ,NO,NO,SÍ,SÍ,NO,SÍ,SÍ,SÍ,SÍ,NO,NO,SÍ,NO,SÍ,SÍ,SÍ,SÍ,SÍ,SÍ,SÍ,SÍ,SÍ,SÍ,SÍ,SÍ,SÍ,SÍ,SÍ,SÍ,SÍ,SÍ,Excelente servicio. La sucursal está operando en óptimas condiciones.,
2026-02-15 15:46:41,15/02/2026,Sucursal Portales,Guatemala,Distrito Metro,SÍ,NO,SÍ,NO,SÍ,NO,NO,NO,NO,NO,NO,NO,SÍ,SÍ,SÍ,NO,SÍ,NO,NO,SÍ,SÍ,NO,NO,SÍ,SÍ,SÍ,SÍ,SÍ,SÍ,NO,SÍ,SÍ,NO,NO,NO,NO,SÍ,NO,SÍ,SÍ,"Visita dentro del promedio, con áreas de oportunidad.",
2026-02-03 17:57:42,03/02/2026,Sucursal Naranjo,Guatemala,Distrito Metro,SÍ,SÍ,SÍ,SÍ,SÍ,SÍ,SÍ,NO,SÍ,NO,NO,NO,SÍ,NO,SÍ,SÍ,SÍ,SÍ,NO,SÍ,NO,NO,SÍ,NO,SÍ,SÍ,NO,SÍ,SÍ,SÍ,SÍ,NO,SÍ,SÍ,SÍ,SÍ,SÍ,NO,NO,SÍ,,
2026-02-07 18:16:34,07/02/2026,Sucursal San Cristóbal,Guatemala,Distrito Metro,SÍ,SÍ,NO,SÍ,SÍ,NO,SÍ,SÍ,SÍ,SÍ,NO,SÍ,SÍ,SÍ,SÍ,SÍ,SÍ,SÍ,NO,NO,NO,NO,NO,NO,NO,SÍ,SÍ,SÍ,SÍ,SÍ,SÍ,SÍ,SÍ,NO,SÍ,SÍ,SÍ,SÍ,NO,SÍ,,
2026-02-08 11:39:53,08/02/2026,Sucursal Muxbal,Guatemala,Distrito Metro,SÍ,SÍ,SÍ,SÍ,SÍ,NO,SÍ,SÍ,NO,NO,NO,SÍ,SÍ,NO,SÍ,SÍ,SÍ,SÍ,NO,SÍ,SÍ,NO,SÍ,SÍ,SÍ,SÍ,SÍ,SÍ,SÍ,SÍ,SÍ,SÍ,SÍ,SÍ,SÍ,SÍ,SÍ,SÍ,SÍ,SÍ,Excelente servicio. La sucursal está operando en óptimas condiciones.,
2026-02-07 10:33:37,07/02/2026,Sucursal Carretera,Guatemala,Distrito Metro,NO,SÍ,SÍ,NO,SÍ,SÍ,SÍ,SÍ,SÍ,NO,NO,SÍ,SÍ,SÍ,SÍ,SÍ,SÍ,SÍ,NO,NO,SÍ,NO,SÍ,SÍ,SÍ,NO,SÍ,SÍ,SÍ,SÍ,SÍ,SÍ,SÍ,SÍ,SÍ,SÍ,SÍ,SÍ,SÍ,SÍ,Excelente servicio. La sucursal está operando en óptimas condiciones.,
2026-02-08 08:07:04,08/02/2026,Sucursal Zonal,Guatemala,Distrito Metro,NO,SÍ,NO,NO,SÍ,SÍ,SÍ,SÍ,SÍ,NO,NO,SÍ,SÍ,NO,SÍ,SÍ,SÍ,SÍ,SÍ,SÍ,NO,NO,NO,SÍ,SÍ,SÍ,SÍ,SÍ,SÍ,SÍ,NO,SÍ,NO,SÍ,SÍ,NO,SÍ,SÍ,NO,SÍ,,
2026-02-02 11:23:11,02/02/2026,Sucursal Express,Guatemala,Distrito Metro,SÍ,NO,SÍ,SÍ,NO,SÍ,SÍ,NO,SÍ,SÍ,SÍ,SÍ,NO,SÍ,SÍ,SÍ,SÍ,NO,NO,NO,SÍ,NO,NO,SÍ,NO,SÍ,SÍ,SÍ,SÍ,SÍ,NO,SÍ,SÍ,SÍ,SÍ,SÍ,NO,SÍ,SÍ,NO,,
2026-02-03 17:48:29,03/02/2026,Sucursal San Miguel,Guatemala,Distrito Metro,SÍ,SÍ,SÍ,SÍ,NO,SÍ,SÍ,SÍ,NO,NO,NO,SÍ,SÍ,SÍ,SÍ,NO,SÍ,NO,NO,SÍ,SÍ,NO,SÍ,SÍ,SÍ,SÍ,SÍ,SÍ,SÍ,SÍ,SÍ,SÍ,SÍ,NO,NO,NO,NO,SÍ,SÍ,SÍ,,
2026-02-04 12:07:26,04/02/2026,Sucursal Villa Nueva,Guatemala,Distrito Metro,NO,SÍ,SÍ,NO,NO,NO,SÍ,SÍ,SÍ,NO,NO,SÍ,SÍ,NO,SÍ,SÍ,NO,SÍ,SÍ,SÍ,NO,SÍ,SÍ,NO,NO,NO,SÍ,SÍ,SÍ,SÍ,SÍ,SÍ,SÍ,SÍ,SÍ,NO,SÍ,SÍ,SÍ,NO,,
2026-02-25 13:19:46,25/02/2026,Sucursal Petapa,Guatemala,Distrito Metro,SÍ,SÍ,SÍ,SÍ,SÍ,SÍ,NO,SÍ,SÍ,SÍ,NO,SÍ,NO,SÍ,SÍ,SÍ,SÍ,SÍ,NO,SÍ,SÍ,NO,SÍ,NO,SÍ,SÍ,SÍ,SÍ,SÍ,NO,SÍ,SÍ,SÍ,SÍ,SÍ,SÍ,SÍ,SÍ,SÍ,SÍ,,
2026-02-18 12:27:57,18/02/2026,Sucursal Mixco,Guatemala,Distrito Metro,SÍ,SÍ,SÍ,SÍ,SÍ,SÍ,SÍ,SÍ,SÍ,NO,NO,SÍ,NO,SÍ,SÍ,NO,SÍ,SÍ,NO,SÍ,SÍ,NO,SÍ,SÍ,SÍ,SÍ,SÍ,SÍ,SÍ,SÍ,SÍ,SÍ,NO,NO,SÍ,SÍ,SÍ,SÍ,NO,SÍ,,
2026-02-02 16:40:28,02/02/2026,Sucursal San José,Guatemala,Distrito Metro,SÍ,SÍ,SÍ,SÍ,NO,SÍ,SÍ,SÍ,SÍ,SÍ,NO,SÍ,SÍ,SÍ,SÍ,SÍ,SÍ,SÍ,SÍ,SÍ,SÍ,NO,SÍ,SÍ,SÍ,SÍ,SÍ,SÍ,SÍ,SÍ,SÍ,SÍ,SÍ,SÍ,SÍ,SÍ,SÍ,SÍ,SÍ,SÍ,Excelente servicio. La sucursal está operando en óptimas condiciones.,
2026-02-02 08:53:40,02/02/2026,Sucursal Santa Catarina,Guatemala,Distrito Metro,SÍ,NO,SÍ,NO,NO,SÍ,SÍ,SÍ,NO,NO,NO,SÍ,SÍ,NO,NO,SÍ,NO,SÍ,NO,SÍ,NO,NO,SÍ,SÍ,SÍ,SÍ,SÍ,SÍ,SÍ,SÍ,SÍ,SÍ,NO,NO,NO,NO,NO,SÍ,NO,SÍ,,
2026-02-12 08:57:20,12/02/2026,Sucursal Pinula,Guatemala,Distrito Metro,NO,SÍ,SÍ,NO,SÍ,SÍ,SÍ,NO,NO,NO,NO,NO,SÍ,NO,SÍ,SÍ,SÍ,NO,SÍ,SÍ,SÍ,SÍ,SÍ,NO,NO,SÍ,SÍ,NO,NO,SÍ,NO,SÍ,NO,SÍ,SÍ,NO,NO,SÍ,SÍ,NO,"Se notaron deficiencias considerables, especialmente en Cobro. El personal necesita capacitación.",
2026-02-08 13:56:23,08/02/2026,Sucursal Boca del Monte,Guatemala,Distrito Metro,NO,NO,SÍ,SÍ,SÍ,NO,SÍ,SÍ,SÍ,NO,SÍ,NO,SÍ,SÍ,SÍ,SÍ,SÍ,SÍ,NO,NO,SÍ,NO,NO,NO,SÍ,SÍ,NO,SÍ,NO,SÍ,SÍ,SÍ,SÍ,SÍ,NO,SÍ,NO,NO,SÍ,NO,,
2026-02-21 08:33:08,21/02/2026,Sucursal Atlántico,Guatemala,Distrito Metro,SÍ,SÍ,SÍ,SÍ,SÍ,NO,SÍ,NO,SÍ,SÍ,NO,SÍ,SÍ,SÍ,SÍ,SÍ,SÍ,SÍ,NO,SÍ,SÍ,NO,SÍ,SÍ,NO,SÍ,SÍ,SÍ,NO,NO,SÍ,SÍ,NO,NO,SÍ,SÍ,NO,SÍ,SÍ,SÍ,,
2026-02-18 12:13:39,18/02/2026,Sucursal Pacífico,Guatemala,Distrito Metro,NO,NO,SÍ,SÍ,SÍ,SÍ,SÍ,SÍ,SÍ,NO,SÍ,NO,SÍ,SÍ,SÍ,NO,NO,SÍ,NO,SÍ,SÍ,NO,SÍ,SÍ,SÍ,SÍ,SÍ,NO,SÍ,SÍ,SÍ,SÍ,SÍ,SÍ,SÍ,SÍ,SÍ,SÍ,SÍ,SÍ,,
2026-02-22 14:21:25,22/02/2026,Sucursal Aguilar Batres,Guatemala,Distrito Metro,SÍ,SÍ,SÍ,NO,NO,SÍ,SÍ,SÍ,SÍ,NO,SÍ,SÍ,SÍ,SÍ,SÍ,SÍ,NO,SÍ,NO,NO,NO,NO,SÍ,SÍ,SÍ,SÍ,SÍ,SÍ,SÍ,SÍ,SÍ,SÍ,SÍ,SÍ,SÍ,SÍ,NO,NO,SÍ,SÍ,,
2026-02-18 18:45:51,18/02/2026,Sucursal Avenida,Guatemala,Distrito Metro,SÍ,SÍ,NO,SÍ,SÍ,SÍ,SÍ,SÍ,SÍ,NO,NO,NO,SÍ,SÍ,SÍ,NO,SÍ,SÍ,NO,SÍ,SÍ,NO,NO,SÍ,NO,SÍ,NO,SÍ,NO,SÍ,NO,SÍ,SÍ,SÍ,NO,SÍ,SÍ,SÍ,SÍ,NO,"Visita dentro del promedio, con áreas de oportunidad.",
2026-02-20 11:02:43,20/02/2026,Sucursal Boulevard,Guatemala,Distrito Metro,NO,SÍ,SÍ,SÍ,SÍ,SÍ,SÍ,SÍ,SÍ,SÍ,NO,NO,SÍ,NO,NO,SÍ,NO,SÍ,NO,SÍ,NO,NO,SÍ,SÍ,NO,SÍ,SÍ,SÍ,SÍ,NO,SÍ,SÍ,SÍ,SÍ,SÍ,SÍ,SÍ,SÍ,SÍ,SÍ,,
2026-02-11 18:47:06,11/02/2026,Sucursal Quetzaltenango Norte,Quetzaltenango,Distrito Occidente,SÍ,NO,SÍ,NO,NO,NO,SÍ,SÍ,SÍ,NO,SÍ,NO,NO,SÍ,SÍ,SÍ,SÍ,SÍ,NO,SÍ,SÍ,NO,SÍ,SÍ,SÍ,SÍ,NO,SÍ,SÍ,NO,SÍ,SÍ,SÍ,SÍ,SÍ,NO,SÍ,SÍ,SÍ,SÍ,,
2026-02-21 17:38:19,21/02/2026,Sucursal Terminal Quet,Quetzaltenango,Distrito Occidente,SÍ,SÍ,SÍ,SÍ,NO,SÍ,SÍ,SÍ,NO,NO,NO,SÍ,SÍ,SÍ,NO,NO,SÍ,SÍ,NO,SÍ,SÍ,NO,SÍ,SÍ,NO,SÍ,SÍ,SÍ,SÍ,SÍ,NO,SÍ,SÍ,SÍ,SÍ,NO,NO,SÍ,NO,SÍ,,
2026-02-22 17:44:01,22/02/2026,Sucursal Quetzaltenango Centro,Quetzaltenango,Distrito Occidente,SÍ,SÍ,SÍ,NO,SÍ,SÍ,SÍ,SÍ,SÍ,NO,NO,SÍ,SÍ,SÍ,SÍ,SÍ,SÍ,SÍ,NO,SÍ,SÍ,NO,SÍ,SÍ,SÍ,SÍ,SÍ,SÍ,SÍ,NO,SÍ,NO,SÍ,SÍ,SÍ,SÍ,NO,SÍ,SÍ,SÍ,Excelente servicio. La sucursal está operando en óptimas condiciones.,
2026-02-24 13:08:45,24/02/2026,Sucursal Llanos Quet,Quetzaltenango,Distrito Occidente,SÍ,SÍ,NO,SÍ,NO,NO,SÍ,SÍ,NO,NO,NO,NO,SÍ,SÍ,SÍ,NO,NO,SÍ,NO,SÍ,SÍ,NO,SÍ,SÍ,SÍ,NO,SÍ,SÍ,NO,NO,NO,SÍ,SÍ,SÍ,SÍ,SÍ,SÍ,SÍ,NO,SÍ,"Visita dentro del promedio, con áreas de oportunidad.",
2026-02-04 13:32:36,04/02/2026,Sucursal Quetzaltenango Norte,Quetzaltenango,Distrito Occidente,SÍ,SÍ,NO,NO,SÍ,SÍ,SÍ,SÍ,NO,NO,SÍ,NO,NO,SÍ,SÍ,NO,SÍ,SÍ,NO,SÍ,NO,NO,SÍ,SÍ,SÍ,SÍ,SÍ,SÍ,NO,SÍ,SÍ,SÍ,SÍ,SÍ,SÍ,NO,SÍ,SÍ,NO,SÍ,,
2026-02-14 10:09:21,14/02/2026,Sucursal Sur Quet,Quetzaltenango,Distrito Occidente,NO,NO,SÍ,SÍ,SÍ,SÍ,SÍ,NO,SÍ,SÍ,NO,SÍ,SÍ,SÍ,SÍ,SÍ,SÍ,SÍ,SÍ,SÍ,SÍ,NO,NO,NO,SÍ,NO,SÍ,SÍ,NO,NO,SÍ,SÍ,NO,SÍ,NO,SÍ,SÍ,SÍ,SÍ,SÍ,,
2026-02-19 12:31:43,19/02/2026,Sucursal Escuintla Centro,Escuintla,Distrito Sur,SÍ,SÍ,SÍ,SÍ,NO,SÍ,SÍ,SÍ,SÍ,NO,NO,SÍ,SÍ,SÍ,SÍ,SÍ,SÍ,SÍ,NO,SÍ,SÍ,NO,SÍ,NO,SÍ,SÍ,SÍ,SÍ,SÍ,SÍ,SÍ,NO,SÍ,SÍ,SÍ,SÍ,SÍ,SÍ,SÍ,NO,Excelente servicio. La sucursal está operando en óptimas condiciones.,
2026-02-08 16:45:07,08/02/2026,Sucursal Mercado Escu,Escuintla,Distrito Sur,SÍ,SÍ,SÍ,SÍ,SÍ,SÍ,SÍ,SÍ,SÍ,NO,NO,SÍ,SÍ,SÍ,SÍ,NO,SÍ,SÍ,NO,SÍ,SÍ,NO,SÍ,SÍ,SÍ,SÍ,SÍ,SÍ,SÍ,SÍ,SÍ,SÍ,SÍ,SÍ,NO,SÍ,SÍ,SÍ,SÍ,SÍ,Excelente servicio. La sucursal está operando en óptimas condiciones.,
2026-02-06 10:42:18,06/02/2026,Sucursal Escuintla Norte,Escuintla,Distrito Sur,NO,NO,SÍ,SÍ,SÍ,SÍ,SÍ,SÍ,SÍ,NO,SÍ,SÍ,NO,NO,SÍ,SÍ,SÍ,SÍ,SÍ,SÍ,SÍ,NO,SÍ,NO,NO,NO,NO,SÍ,SÍ,SÍ,NO,SÍ,SÍ,NO,NO,NO,SÍ,SÍ,SÍ,NO,,
2026-02-04 11:31:38,04/02/2026,Sucursal Occidente Escu,Escuintla,Distrito Sur,SÍ,NO,SÍ,SÍ,SÍ,SÍ,SÍ,SÍ,SÍ,NO,NO,SÍ,SÍ,NO,NO,SÍ,NO,SÍ,NO,SÍ,SÍ,NO,NO,SÍ,SÍ,NO,NO,NO,SÍ,SÍ,SÍ,SÍ,SÍ,SÍ,SÍ,SÍ,SÍ,SÍ,SÍ,SÍ,"Visita dentro del promedio, con áreas de oportunidad.",
2026-02-11 12:52:01,11/02/2026,Sucursal Escuintla Norte,Escuintla,Distrito Sur,SÍ,SÍ,SÍ,SÍ,NO,SÍ,SÍ,SÍ,SÍ,NO,NO,SÍ,SÍ,SÍ,NO,SÍ,SÍ,SÍ,NO,SÍ,SÍ,NO,SÍ,SÍ,NO,SÍ,SÍ,SÍ,SÍ,SÍ,NO,SÍ,SÍ,SÍ,NO,NO,NO,SÍ,SÍ,SÍ,"Visita dentro del promedio, con áreas de oportunidad.",
2026-02-02 17:50:21,02/02/2026,Sucursal Norte Escu,Escuintla,Distrito Sur,SÍ,SÍ,SÍ,NO,NO,SÍ,SÍ,SÍ,NO,NO,SÍ,SÍ,SÍ,SÍ,NO,SÍ,SÍ,SÍ,NO,SÍ,NO,NO,SÍ,SÍ,SÍ,SÍ,NO,SÍ,SÍ,SÍ,NO,SÍ,NO,NO,NO,NO,NO,SÍ,NO,NO,,
2026-02-22 08:39:29,22/02/2026,Sucursal Sacatepéquez Norte,Sacatepéquez,Distrito Central,SÍ,SÍ,SÍ,NO,SÍ,NO,SÍ,SÍ,SÍ,SÍ,NO,NO,NO,NO,NO,SÍ,SÍ,SÍ,NO,SÍ,SÍ,NO,NO,NO,NO,NO,SÍ,SÍ,NO,SÍ,SÍ,SÍ,SÍ,SÍ,SÍ,NO,SÍ,SÍ,SÍ,SÍ,,
2026-02-10 10:49:27,10/02/2026,Sucursal Central Saca,Sacatepéquez,Distrito Central,SÍ,SÍ,SÍ,SÍ,SÍ,NO,SÍ,SÍ,NO,NO,SÍ,NO,NO,SÍ,NO,NO,SÍ,SÍ,NO,SÍ,NO,NO,SÍ,SÍ,SÍ,SÍ,SÍ,NO,SÍ,SÍ,SÍ,SÍ,NO,SÍ,NO,NO,NO,SÍ,SÍ,NO,"Visita dentro del promedio, con áreas de oportunidad.",
2026-02-02 08:22:43,02/02/2026,Sucursal Sacatepéquez Centro,Sacatepéquez,Distrito Central,SÍ,SÍ,SÍ,SÍ,SÍ,SÍ,SÍ,SÍ,SÍ,SÍ,NO,SÍ,SÍ,SÍ,SÍ,SÍ,SÍ,SÍ,NO,SÍ,SÍ,NO,SÍ,NO,NO,SÍ,NO,NO,NO,NO,NO,SÍ,SÍ,SÍ,SÍ,SÍ,SÍ,SÍ,SÍ,SÍ,,
2026-02-11 08:35:18,11/02/2026,Sucursal Terminal Saca,Sacatepéquez,Distrito Central,SÍ,SÍ,NO,SÍ,NO,SÍ,SÍ,NO,NO,NO,NO,SÍ,SÍ,SÍ,NO,SÍ,SÍ,SÍ,SÍ,NO,NO,NO,SÍ,SÍ,SÍ,SÍ,NO,SÍ,NO,SÍ,SÍ,SÍ,SÍ,NO,SÍ,SÍ,NO,SÍ,SÍ,SÍ,"Visita dentro del promedio, con áreas de oportunidad.",
2026-02-24 17:35:24,24/02/2026,Sucursal Sacatepéquez Norte,Sacatepéquez,Distrito Central,SÍ,SÍ,SÍ,SÍ,SÍ,SÍ,SÍ,SÍ,SÍ,SÍ,NO,SÍ,SÍ,NO,SÍ,NO,SÍ,SÍ,NO,SÍ,SÍ,NO,SÍ,SÍ,SÍ,SÍ,SÍ,SÍ,SÍ,SÍ,SÍ,SÍ,SÍ,SÍ,SÍ,SÍ,SÍ,SÍ,SÍ,SÍ,Excelente servicio. La sucursal está operando en óptimas condiciones.,
2026-02-09 10:21:36,09/02/2026,Sucursal Avenida Chim,Chimaltenango,Distrito Central,SÍ,SÍ,SÍ,SÍ,SÍ,SÍ,NO,SÍ,SÍ,SÍ,NO,SÍ,NO,SÍ,SÍ,SÍ,SÍ,NO,NO,SÍ,SÍ,SÍ,NO,SÍ,SÍ,SÍ,SÍ,SÍ,SÍ,SÍ,SÍ,SÍ,SÍ,SÍ,SÍ,SÍ,SÍ,SÍ,SÍ,NO,,
2026-02-19 10:34:10,19/02/2026,Sucursal Chimaltenango Centro,Chimaltenango,Distrito Central,SÍ,SÍ,NO,SÍ,NO,NO,NO,NO,SÍ,SÍ,NO,SÍ,SÍ,SÍ,SÍ,NO,SÍ,SÍ,NO,SÍ,NO,SÍ,SÍ,NO,SÍ,SÍ,NO,SÍ,NO,SÍ,NO,NO,SÍ,NO,NO,NO,SÍ,SÍ,NO,SÍ,"Se notaron deficiencias considerables, especialmente en Cobro. El personal necesita capacitación.",Incidencia grave en Cobro: Condiciones inaceptables de servicio o infraestructura.
2026-02-25 08:16:03,25/02/2026,Sucursal Plaza Chim,Chimaltenango,Distrito Central,NO,SÍ,SÍ,NO,SÍ,NO,SÍ,SÍ,NO,NO,NO,SÍ,NO,NO,NO,SÍ,SÍ,SÍ,NO,NO,NO,SÍ,SÍ,SÍ,SÍ,NO,NO,NO,NO,NO,SÍ,SÍ,NO,NO,NO,SÍ,SÍ,SÍ,SÍ,NO,"Se notaron deficiencias considerables, especialmente en Cobro. El personal necesita capacitación.",
2026-02-14 09:07:00,14/02/2026,Sucursal Chimaltenango Plaza,Chimaltenango,Distrito Central,SÍ,SÍ,SÍ,SÍ,SÍ,SÍ,SÍ,SÍ,SÍ,SÍ,NO,NO,SÍ,SÍ,SÍ,SÍ,SÍ,SÍ,NO,SÍ,SÍ,NO,SÍ,SÍ,NO,SÍ,SÍ,SÍ,SÍ,SÍ,SÍ,SÍ,SÍ,SÍ,SÍ,SÍ,SÍ,SÍ,NO,SÍ,Excelente servicio. La sucursal está operando en óptimas condiciones.,
2026-02-27 16:56:14,27/02/2026,Sucursal Avenida Alta,Alta Verapaz,Distrito Norte,SÍ,NO,SÍ,NO,SÍ,NO,SÍ,NO,SÍ,NO,NO,SÍ,NO,SÍ,NO,SÍ,SÍ,SÍ,NO,NO,NO,NO,SÍ,SÍ,NO,SÍ,SÍ,NO,NO,SÍ,SÍ,SÍ,NO,SÍ,SÍ,SÍ,SÍ,SÍ,SÍ,NO,,
2026-02-16 15:25:37,16/02/2026,Sucursal Alta Verapaz Plaza,Alta Verapaz,Distrito Norte,SÍ,SÍ,SÍ,NO,SÍ,SÍ,SÍ,NO,SÍ,NO,NO,SÍ,SÍ,NO,SÍ,SÍ,SÍ,NO,NO,SÍ,SÍ,NO,SÍ,SÍ,SÍ,SÍ,SÍ,NO,SÍ,SÍ,SÍ,SÍ,SÍ,NO,SÍ,SÍ,NO,SÍ,NO,SÍ,,
2026-02-27 09:02:05,27/02/2026,Sucursal Express Alta,Alta Verapaz,Distrito Norte,NO,SÍ,SÍ,NO,SÍ,NO,SÍ,SÍ,SÍ,NO,NO,SÍ,NO,SÍ,SÍ,SÍ,NO,SÍ,SÍ,SÍ,SÍ,SÍ,SÍ,SÍ,SÍ,SÍ,SÍ,NO,SÍ,SÍ,SÍ,SÍ,SÍ,SÍ,SÍ,NO,NO,SÍ,NO,NO,,
2026-02-07 16:57:53,07/02/2026,Sucursal Alta Verapaz Centro,Alta Verapaz,Distrito Norte,SÍ,NO,SÍ,SÍ,NO,SÍ,SÍ,SÍ,NO,NO,SÍ,SÍ,SÍ,SÍ,NO,NO,NO,SÍ,NO,NO,NO,NO,SÍ,SÍ,SÍ,SÍ,SÍ,SÍ,SÍ,SÍ,SÍ,SÍ,NO,NO,NO,NO,NO,SÍ,SÍ,SÍ,,
2026-02-05 10:15:50,05/02/2026,Sucursal Centro Peté,Petén,Distrito Norte,NO,SÍ,SÍ,SÍ,SÍ,SÍ,SÍ,SÍ,NO,NO,NO,SÍ,SÍ,SÍ,SÍ,SÍ,SÍ,NO,NO,SÍ,NO,NO,SÍ,SÍ,SÍ,SÍ,NO,SÍ,SÍ,SÍ,SÍ,SÍ,SÍ,SÍ,SÍ,NO,SÍ,SÍ,SÍ,SÍ,,
2026-02-02 13:36:43,02/02/2026,Sucursal Petén Plaza,Petén,Distrito Norte,NO,SÍ,SÍ,SÍ,SÍ,SÍ,SÍ,SÍ,SÍ,SÍ,NO,NO,SÍ,NO,SÍ,SÍ,SÍ,SÍ,SÍ,SÍ,SÍ,NO,SÍ,NO,NO,NO,NO,NO,NO,SÍ,SÍ,NO,SÍ,NO,NO,NO,SÍ,SÍ,NO,SÍ,"Se notaron deficiencias considerables, especialmente en Cobro. El personal necesita capacitación.",
2026-02-27 12:00:10,27/02/2026,Sucursal Avenida Peté,Petén,Distrito Norte,NO,SÍ,NO,SÍ,SÍ,NO,SÍ,SÍ,SÍ,NO,NO,SÍ,SÍ,SÍ,SÍ,SÍ,SÍ,SÍ,SÍ,SÍ,SÍ,NO,SÍ,SÍ,NO,SÍ,SÍ,SÍ,NO,SÍ,NO,SÍ,SÍ,SÍ,SÍ,SÍ,SÍ,SÍ,SÍ,SÍ,,
2026-02-07 15:33:56,07/02/2026,Sucursal Izabal Centro,Izabal,Distrito Oriente,NO,SÍ,NO,NO,SÍ,SÍ,NO,SÍ,NO,NO,NO,SÍ,SÍ,NO,SÍ,SÍ,SÍ,NO,NO,SÍ,SÍ,NO,NO,SÍ,SÍ,SÍ,SÍ,SÍ,SÍ,SÍ,SÍ,NO,SÍ,SÍ,SÍ,NO,SÍ,NO,NO,NO,,
2026-02-01 16:23:33,01/02/2026,Sucursal Express Izab,Izabal,Distrito Oriente,SÍ,SÍ,SÍ,NO,SÍ,SÍ,SÍ,SÍ,SÍ,NO,SÍ,SÍ,SÍ,SÍ,NO,SÍ,SÍ,SÍ,NO,NO,SÍ,NO,SÍ,SÍ,SÍ,SÍ,SÍ,SÍ,SÍ,SÍ,SÍ,SÍ,SÍ,NO,SÍ,SÍ,SÍ,SÍ,SÍ,SÍ,,
2026-02-04 16:50:23,04/02/2026,Sucursal Izabal Centro,Izabal,Distrito Oriente,SÍ,SÍ,NO,SÍ,SÍ,SÍ,SÍ,SÍ,NO,NO,SÍ,SÍ,NO,SÍ,NO,SÍ,NO,SÍ,NO,SÍ,NO,NO,SÍ,SÍ,NO,NO,SÍ,NO,NO,NO,SÍ,NO,SÍ,NO,SÍ,NO,SÍ,SÍ,NO,SÍ,"Se notaron deficiencias considerables, especialmente en Cobro. El personal necesita capacitación.",
2026-02-06 16:45:29,06/02/2026,Sucursal Centro San ,San Marcos,Distrito Occidente,SÍ,SÍ,SÍ,SÍ,SÍ,SÍ,SÍ,SÍ,SÍ,NO,NO,SÍ,SÍ,SÍ,SÍ,SÍ,SÍ,SÍ,NO,SÍ,SÍ,NO,SÍ,SÍ,SÍ,SÍ,SÍ,SÍ,SÍ,SÍ,SÍ,SÍ,SÍ,SÍ,NO,SÍ,SÍ,SÍ,SÍ,SÍ,Excelente servicio. La sucursal está operando en óptimas condiciones.,
2026-02-11 09:31:46,11/02/2026,Sucursal San Marcos Norte,San Marcos,Distrito Occidente,SÍ,NO,SÍ,SÍ,SÍ,SÍ,SÍ,SÍ,SÍ,NO,NO,NO,SÍ,SÍ,SÍ,SÍ,SÍ,SÍ,NO,SÍ,SÍ,SÍ,SÍ,SÍ,SÍ,SÍ,NO,SÍ,SÍ,NO,SÍ,SÍ,NO,SÍ,SÍ,NO,SÍ,NO,SÍ,NO,,
2026-02-23 16:07:45,23/02/2026,Sucursal Central San ,San Marcos,Distrito Occidente,SÍ,SÍ,NO,NO,NO,NO,NO,NO,SÍ,SÍ,SÍ,SÍ,NO,SÍ,SÍ,SÍ,SÍ,SÍ,SÍ,NO,NO,NO,SÍ,NO,SÍ,SÍ,SÍ,SÍ,NO,NO,SÍ,SÍ,SÍ,SÍ,SÍ,SÍ,NO,NO,NO,SÍ,"Se notaron deficiencias considerables, especialmente en Cobro. El personal necesita capacitación.",Incidencia grave en Cobro: Condiciones inaceptables de servicio o infraestructura.
2026-02-04 16:23:00,04/02/2026,Sucursal Huehuetenango Norte,Huehuetenango,Distrito Occidente,NO,SÍ,SÍ,SÍ,SÍ,SÍ,NO,SÍ,NO,NO,NO,SÍ,NO,SÍ,SÍ,SÍ,SÍ,SÍ,NO,SÍ,SÍ,NO,SÍ,NO,NO,NO,NO,NO,NO,SÍ,SÍ,SÍ,SÍ,SÍ,SÍ,NO,SÍ,SÍ,NO,SÍ,,
2026-02-13 16:38:42,13/02/2026,Sucursal Occidente Hueh,Huehuetenango,Distrito Occidente,SÍ,SÍ,SÍ,SÍ,NO,SÍ,SÍ,NO,SÍ,NO,NO,SÍ,SÍ,SÍ,SÍ,NO,SÍ,SÍ,NO,SÍ,NO,NO,SÍ,SÍ,NO,SÍ,SÍ,SÍ,SÍ,SÍ,SÍ,SÍ,SÍ,SÍ,SÍ,SÍ,SÍ,NO,SÍ,SÍ,,
2026-02-15 08:49:21,15/02/2026,Sucursal Huehuetenango Norte,Huehuetenango,Distrito Occidente,SÍ,SÍ,NO,SÍ,SÍ,SÍ,SÍ,SÍ,NO,NO,NO,SÍ,NO,SÍ,NO,SÍ,SÍ,SÍ,NO,SÍ,SÍ,NO,SÍ,SÍ,SÍ,SÍ,NO,SÍ,SÍ,SÍ,SÍ,SÍ,SÍ,SÍ,NO,SÍ,SÍ,SÍ,SÍ,SÍ,,
2026-02-10 15:38:35,10/02/2026,Sucursal Brisas Juti,Jutiapa,Distrito Oriente,SÍ,NO,NO,NO,NO,SÍ,SÍ,NO,SÍ,NO,SÍ,SÍ,SÍ,NO,NO,NO,SÍ,SÍ,SÍ,SÍ,NO,NO,SÍ,SÍ,NO,SÍ,SÍ,NO,SÍ,SÍ,SÍ,SÍ,SÍ,NO,SÍ,NO,NO,NO,NO,NO,"Se notaron deficiencias considerables, especialmente en Cobro. El personal necesita capacitación.",
2026-02-02 13:27:11,02/02/2026,Sucursal Jutiapa Plaza,Jutiapa,Distrito Oriente,SÍ,SÍ,SÍ,SÍ,SÍ,SÍ,SÍ,SÍ,SÍ,NO,NO,SÍ,SÍ,SÍ,SÍ,SÍ,SÍ,NO,NO,NO,NO,NO,SÍ,SÍ,SÍ,SÍ,SÍ,SÍ,SÍ,SÍ,SÍ,SÍ,SÍ,NO,SÍ,SÍ,SÍ,SÍ,SÍ,SÍ,Excelente servicio. La sucursal está operando en óptimas condiciones.,
2026-02-23 09:18:47,23/02/2026,Sucursal Llanos Zaca,Zacapa,Distrito Oriente,SÍ,NO,SÍ,SÍ,SÍ,SÍ,SÍ,SÍ,SÍ,NO,NO,SÍ,SÍ,SÍ,SÍ,SÍ,NO,SÍ,NO,SÍ,SÍ,NO,SÍ,SÍ,SÍ,SÍ,SÍ,SÍ,SÍ,NO,SÍ,SÍ,SÍ,SÍ,SÍ,SÍ,SÍ,SÍ,SÍ,SÍ,Excelente servicio. La sucursal está operando en óptimas condiciones.,
2026-02-15 08:04:55,15/02/2026,Sucursal Zacapa Plaza,Zacapa,Distrito Oriente,SÍ,SÍ,SÍ,SÍ,SÍ,SÍ,SÍ,SÍ,SÍ,SÍ,NO,SÍ,SÍ,NO,SÍ,SÍ,SÍ,NO,SÍ,SÍ,NO,NO,SÍ,SÍ,SÍ,SÍ,SÍ,SÍ,SÍ,SÍ,SÍ,NO,NO,SÍ,SÍ,NO,SÍ,SÍ,SÍ,SÍ,,
2026-02-27 16:05:49,27/02/2026,Sucursal Parque Reta,Retalhuleu,Distrito Sur,SÍ,SÍ,NO,SÍ,SÍ,NO,SÍ,SÍ,SÍ,NO,NO,SÍ,SÍ,NO,SÍ,SÍ,NO,SÍ,NO,SÍ,SÍ,NO,SÍ,SÍ,NO,SÍ,SÍ,SÍ,SÍ,SÍ,SÍ,SÍ,SÍ,SÍ,SÍ,SÍ,SÍ,SÍ,NO,SÍ,"Visita dentro del promedio, con áreas de oportunidad.",
2026-02-14 11:07:06,14/02/2026,Sucursal Retalhuleu Norte,Retalhuleu,Distrito Sur,SÍ,SÍ,SÍ,NO,NO,SÍ,SÍ,SÍ,NO,NO,NO,SÍ,SÍ,NO,NO,SÍ,SÍ,NO,NO,SÍ,SÍ,SÍ,NO,SÍ,NO,SÍ,SÍ,SÍ,SÍ,SÍ,SÍ,SÍ,NO,NO,SÍ,NO,NO,SÍ,SÍ,SÍ,"Visita dentro del promedio, con áreas de oportunidad.",
2026-02-02 15:00:20,02/02/2026,Sucursal Terminal Such,Suchitepéquez,Distrito Sur,SÍ,SÍ,SÍ,SÍ,NO,SÍ,SÍ,SÍ,SÍ,NO,NO,NO,SÍ,SÍ,SÍ,SÍ,SÍ,NO,NO,SÍ,NO,SÍ,SÍ,SÍ,NO,SÍ,SÍ,SÍ,SÍ,SÍ,NO,NO,NO,SÍ,SÍ,SÍ,SÍ,SÍ,NO,SÍ,,
2026-02-23 10:26:25,23/02/2026,Sucursal Suchitepéquez Centro,Suchitepéquez,Distrito Sur,SÍ,NO,SÍ,SÍ,NO,SÍ,NO,SÍ,SÍ,SÍ,SÍ,SÍ,SÍ,NO,SÍ,SÍ,SÍ,SÍ,SÍ,SÍ,SÍ,SÍ,NO,NO,SÍ,NO,NO,NO,SÍ,SÍ,NO,SÍ,SÍ,SÍ,SÍ,SÍ,NO,NO,SÍ,NO,"Se notaron deficiencias considerables, especialmente en Cobro. El personal necesita capacitación.",
2026-02-23 16:47:08,23/02/2026,Sucursal Parque Sant,Santa Rosa,Distrito Sur,SÍ,SÍ,SÍ,SÍ,NO,SÍ,SÍ,SÍ,SÍ,NO,NO,SÍ,SÍ,SÍ,SÍ,NO,SÍ,SÍ,NO,NO,NO,NO,SÍ,NO,NO,NO,SÍ,NO,NO,SÍ,SÍ,SÍ,SÍ,NO,NO,SÍ,SÍ,SÍ,SÍ,SÍ,,
2026-02-01 10:42:19,01/02/2026,Sucursal Santa Rosa Centro,Santa Rosa,Distrito Sur,SÍ,NO,SÍ,SÍ,SÍ,NO,NO,NO,SÍ,NO,NO,SÍ,NO,SÍ,SÍ,SÍ,SÍ,SÍ,NO,NO,SÍ,SÍ,SÍ,SÍ,SÍ,NO,NO,SÍ,SÍ,SÍ,SÍ,NO,SÍ,SÍ,SÍ,NO,SÍ,SÍ,SÍ,SÍ,,
2026-02-08 14:15:20,08/02/2026,Sucursal Parque El P,El Progreso,Distrito Oriente,SÍ,SÍ,NO,NO,SÍ,SÍ,NO,SÍ,NO,NO,NO,NO,SÍ,SÍ,SÍ,SÍ,SÍ,SÍ,NO,SÍ,NO,NO,SÍ,SÍ,SÍ,SÍ,SÍ,SÍ,SÍ,NO,SÍ,NO,SÍ,SÍ,SÍ,SÍ,SÍ,NO,SÍ,SÍ,,
2026-02-13 16:17:41,13/02/2026,Sucursal El Progreso Norte,El Progreso,Distrito Oriente,SÍ,SÍ,SÍ,SÍ,SÍ,SÍ,SÍ,SÍ,SÍ,NO,NO,SÍ,SÍ,SÍ,SÍ,SÍ,SÍ,SÍ,NO,SÍ,SÍ,NO,SÍ,SÍ,SÍ,SÍ,SÍ,SÍ,SÍ,SÍ,SÍ,SÍ,SÍ,SÍ,NO,SÍ,SÍ,SÍ,SÍ,SÍ,Excelente servicio. La sucursal está operando en óptimas condiciones.,
2026-02-01 17:29:33,01/02/2026,Sucursal Mercado Chiq,Chiquimula,Distrito Oriente,NO,SÍ,SÍ,SÍ,NO,NO,NO,SÍ,SÍ,SÍ,NO,SÍ,NO,SÍ,SÍ,SÍ,SÍ,SÍ,NO,NO,NO,SÍ,SÍ,SÍ,SÍ,NO,SÍ,SÍ,SÍ,SÍ,SÍ,NO,SÍ,NO,SÍ,SÍ,NO,SÍ,SÍ,SÍ,,
2026-02-17 16:55:45,17/02/2026,Sucursal Chiquimula Centro,Chiquimula,Distrito Oriente,SÍ,SÍ,NO,SÍ,SÍ,SÍ,NO,NO,SÍ,NO,SÍ,SÍ,SÍ,NO,SÍ,SÍ,SÍ,NO,NO,NO,SÍ,SÍ,NO,SÍ,SÍ,SÍ,SÍ,SÍ,SÍ,NO,NO,SÍ,NO,NO,SÍ,SÍ,SÍ,SÍ,SÍ,SÍ,,
2026-02-03 17:33:18,03/02/2026,Sucursal Norte Jala,Jalapa,Distrito Oriente,SÍ,NO,SÍ,SÍ,SÍ,SÍ,NO,SÍ,SÍ,SÍ,NO,SÍ,NO,SÍ,SÍ,SÍ,SÍ,SÍ,NO,SÍ,SÍ,NO,SÍ,NO,SÍ,SÍ,SÍ,NO,SÍ,NO,NO,SÍ,SÍ,NO,SÍ,SÍ,SÍ,NO,SÍ,NO,,
2026-02-23 18:09:10,23/02/2026,Sucursal Jalapa Plaza,Jalapa,Distrito Oriente,SÍ,SÍ,SÍ,SÍ,NO,SÍ,SÍ,NO,SÍ,NO,NO,NO,SÍ,SÍ,SÍ,SÍ,SÍ,SÍ,NO,SÍ,SÍ,SÍ,SÍ,SÍ,NO,SÍ,SÍ,NO,NO,NO,SÍ,SÍ,SÍ,NO,SÍ,SÍ,SÍ,SÍ,NO,SÍ,,
2026-02-21 14:23:08,21/02/2026,Sucursal Terminal Solo,Sololá,Distrito Occidente,SÍ,SÍ,SÍ,NO,SÍ,NO,NO,SÍ,SÍ,SÍ,NO,NO,SÍ,SÍ,SÍ,SÍ,NO,SÍ,NO,SÍ,SÍ,NO,SÍ,SÍ,NO,SÍ,SÍ,SÍ,NO,SÍ,NO,NO,NO,NO,NO,SÍ,NO,SÍ,SÍ,NO,,
2026-02-19 15:36:05,19/02/2026,Sucursal Sololá Centro,Sololá,Distrito Occidente,SÍ,SÍ,SÍ,SÍ,SÍ,SÍ,SÍ,SÍ,SÍ,NO,NO,SÍ,SÍ,SÍ,SÍ,NO,SÍ,NO,NO,SÍ,SÍ,NO,NO,SÍ,SÍ,SÍ,SÍ,SÍ,SÍ,SÍ,SÍ,SÍ,SÍ,SÍ,SÍ,SÍ,SÍ,SÍ,SÍ,SÍ,Excelente servicio. La sucursal está operando en óptimas condiciones.,
2026-02-19 16:48:24,19/02/2026,Sucursal Express Toto,Totonicapán,Distrito Occidente,SÍ,SÍ,SÍ,NO,SÍ,SÍ,SÍ,SÍ,SÍ,NO,NO,SÍ,SÍ,SÍ,SÍ,NO,SÍ,SÍ,NO,SÍ,SÍ,NO,SÍ,SÍ,SÍ,NO,SÍ,SÍ,NO,NO,SÍ,SÍ,SÍ,NO,SÍ,SÍ,SÍ,NO,NO,SÍ,,
2026-02-26 13:26:34,26/02/2026,Sucursal Totonicapán Plaza,Totonicapán,Distrito Occidente,SÍ,NO,SÍ,NO,NO,SÍ,SÍ,SÍ,NO,NO,SÍ,SÍ,SÍ,SÍ,NO,NO,SÍ,SÍ,NO,NO,NO,NO,SÍ,SÍ,SÍ,SÍ,SÍ,SÍ,SÍ,SÍ,SÍ,SÍ,NO,SÍ,SÍ,NO,NO,SÍ,SÍ,SÍ,"Visita dentro del promedio, con áreas de oportunidad.",
2026-02-03 12:07:14,03/02/2026,Sucursal Plaza Quic,Quiché,Distrito Occidente,SÍ,SÍ,SÍ,SÍ,SÍ,SÍ,NO,SÍ,SÍ,NO,SÍ,SÍ,SÍ,SÍ,SÍ,SÍ,SÍ,SÍ,NO,SÍ,SÍ,NO,NO,SÍ,NO,SÍ,SÍ,SÍ,SÍ,NO,SÍ,SÍ,SÍ,NO,NO,SÍ,SÍ,NO,SÍ,SÍ,"Visita dentro del promedio, con áreas de oportunidad.",
2026-02-08 14:54:17,08/02/2026,Sucursal Quiché Plaza,Quiché,Distrito Occidente,SÍ,SÍ,NO,SÍ,SÍ,SÍ,SÍ,SÍ,SÍ,SÍ,SÍ,SÍ,SÍ,SÍ,SÍ,SÍ,SÍ,SÍ,NO,SÍ,NO,NO,SÍ,SÍ,SÍ,SÍ,SÍ,SÍ,SÍ,NO,SÍ,SÍ,SÍ,SÍ,SÍ,SÍ,NO,SÍ,SÍ,SÍ,,
2026-02-09 13:56:35,09/02/2026,Sucursal Oriente Baja,Baja Verapaz,Distrito Norte,SÍ,SÍ,SÍ,SÍ,NO,SÍ,SÍ,SÍ,SÍ,NO,NO,SÍ,SÍ,SÍ,SÍ,SÍ,SÍ,SÍ,NO,SÍ,SÍ,NO,SÍ,SÍ,SÍ,SÍ,SÍ,SÍ,SÍ,SÍ,SÍ,NO,SÍ,SÍ,NO,SÍ,SÍ,SÍ,SÍ,SÍ,Excelente servicio. La sucursal está operando en óptimas condiciones.,
2026-03-06 17:38:43,06/03/2026,Sucursal Centro,Guatemala,Distrito Metro,SÍ,SÍ,SÍ,SÍ,SÍ,NO,SÍ,SÍ,SÍ,NO,NO,SÍ,SÍ,SÍ,SÍ,SÍ,SÍ,SÍ,NO,SÍ,SÍ,NO,SÍ,SÍ,SÍ,NO,SÍ,SÍ,NO,SÍ,SÍ,SÍ,NO,SÍ,SÍ,SÍ,SÍ,SÍ,NO,SÍ,,
2026-03-04 11:24:10,04/03/2026,Sucursal Norte,Guatemala,Distrito Metro,NO,SÍ,SÍ,NO,NO,SÍ,NO,NO,NO,SÍ,SÍ,SÍ,SÍ,SÍ,SÍ,NO,SÍ,NO,NO,SÍ,SÍ,NO,SÍ,SÍ,SÍ,SÍ,SÍ,SÍ,SÍ,SÍ,SÍ,SÍ,NO,NO,SÍ,SÍ,SÍ,NO,SÍ,SÍ,,
2026-03-23 12:03:44,23/03/2026,Sucursal Sur,Guatemala,Distrito Metro,SÍ,SÍ,NO,SÍ,SÍ,NO,SÍ,SÍ,SÍ,NO,NO,SÍ,NO,NO,SÍ,SÍ,SÍ,NO,NO,SÍ,SÍ,SÍ,SÍ,SÍ,SÍ,NO,SÍ,NO,SÍ,SÍ,SÍ,SÍ,SÍ,SÍ,SÍ,NO,NO,SÍ,SÍ,SÍ,,
2026-03-27 11:27:16,27/03/2026,Sucursal Las Palmas,Guatemala,Distrito Metro,SÍ,SÍ,NO,SÍ,NO,SÍ,NO,NO,SÍ,SÍ,NO,SÍ,NO,NO,NO,NO,NO,SÍ,NO,SÍ,SÍ,SÍ,SÍ,NO,SÍ,NO,NO,NO,SÍ,SÍ,SÍ,SÍ,NO,SÍ,SÍ,SÍ,SÍ,SÍ,NO,NO,"Se notaron deficiencias considerables, especialmente en Cobro. El personal necesita capacitación.",
2026-03-10 16:04:22,10/03/2026,Sucursal Pradera,Guatemala,Distrito Metro,SÍ,SÍ,SÍ,SÍ,NO,NO,SÍ,SÍ,SÍ,NO,NO,SÍ,SÍ,SÍ,NO,NO,SÍ,SÍ,NO,SÍ,SÍ,SÍ,NO,SÍ,SÍ,NO,SÍ,SÍ,SÍ,SÍ,SÍ,SÍ,NO,SÍ,SÍ,NO,SÍ,SÍ,SÍ,SÍ,,
2026-03-22 15:31:42,22/03/2026,Sucursal Majadas,Guatemala,Distrito Metro,SÍ,NO,SÍ,SÍ,SÍ,SÍ,NO,SÍ,NO,SÍ,NO,SÍ,NO,SÍ,NO,SÍ,NO,SÍ,SÍ,SÍ,SÍ,NO,NO,SÍ,NO,SÍ,SÍ,NO,SÍ,NO,SÍ,NO,SÍ,NO,NO,SÍ,SÍ,SÍ,NO,NO,"Se notaron deficiencias considerables, especialmente en Cobro. El personal necesita capacitación.",
2026-03-07 08:02:54,07/03/2026,Sucursal Vista Hermosa,Guatemala,Distrito Metro,SÍ,SÍ,SÍ,SÍ,SÍ,SÍ,SÍ,SÍ,SÍ,NO,SÍ,SÍ,SÍ,SÍ,SÍ,SÍ,SÍ,SÍ,NO,SÍ,SÍ,NO,SÍ,SÍ,SÍ,SÍ,SÍ,SÍ,SÍ,SÍ,SÍ,SÍ,SÍ,SÍ,SÍ,SÍ,SÍ,SÍ,SÍ,SÍ,Excelente servicio. La sucursal está operando en óptimas condiciones.,
2026-03-25 15:57:27,25/03/2026,Sucursal Cayalá,Guatemala,Distrito Metro,SÍ,NO,SÍ,SÍ,SÍ,NO,SÍ,SÍ,SÍ,NO,NO,SÍ,SÍ,SÍ,SÍ,SÍ,SÍ,SÍ,NO,SÍ,SÍ,SÍ,NO,SÍ,NO,SÍ,SÍ,NO,NO,SÍ,SÍ,NO,SÍ,SÍ,NO,SÍ,SÍ,SÍ,SÍ,SÍ,,
2026-03-23 15:37:03,23/03/2026,Sucursal Américas,Guatemala,Distrito Metro,SÍ,SÍ,SÍ,NO,SÍ,SÍ,SÍ,SÍ,SÍ,SÍ,NO,SÍ,SÍ,NO,SÍ,SÍ,SÍ,SÍ,NO,SÍ,SÍ,NO,SÍ,SÍ,SÍ,SÍ,SÍ,SÍ,NO,SÍ,SÍ,SÍ,SÍ,SÍ,SÍ,SÍ,SÍ,SÍ,SÍ,SÍ,Excelente servicio. La sucursal está operando en óptimas condiciones.,
2026-03-14 14:31:30,14/03/2026,Sucursal Roosevelt,Guatemala,Distrito Metro,SÍ,SÍ,SÍ,SÍ,SÍ,NO,SÍ,SÍ,SÍ,NO,NO,SÍ,SÍ,NO,SÍ,SÍ,SÍ,SÍ,NO,SÍ,NO,SÍ,SÍ,SÍ,SÍ,SÍ,SÍ,SÍ,NO,SÍ,SÍ,SÍ,SÍ,SÍ,SÍ,SÍ,NO,SÍ,SÍ,SÍ,"Visita dentro del promedio, con áreas de oportunidad.",
2026-03-25 09:19:45,25/03/2026,Sucursal Portales,Guatemala,Distrito Metro,NO,SÍ,SÍ,NO,SÍ,SÍ,SÍ,NO,SÍ,NO,NO,SÍ,NO,SÍ,SÍ,SÍ,NO,SÍ,SÍ,NO,NO,NO,SÍ,SÍ,SÍ,SÍ,SÍ,SÍ,NO,NO,SÍ,SÍ,SÍ,SÍ,NO,NO,NO,NO,SÍ,NO,,
2026-03-22 15:31:20,22/03/2026,Sucursal Naranjo,Guatemala,Distrito Metro,NO,SÍ,SÍ,NO,SÍ,NO,SÍ,NO,SÍ,NO,SÍ,SÍ,SÍ,NO,SÍ,SÍ,SÍ,SÍ,SÍ,SÍ,NO,NO,SÍ,SÍ,SÍ,NO,SÍ,SÍ,NO,NO,NO,SÍ,SÍ,SÍ,SÍ,SÍ,SÍ,SÍ,SÍ,SÍ,,
2026-03-11 10:49:55,11/03/2026,Sucursal San Cristóbal,Guatemala,Distrito Metro,SÍ,SÍ,SÍ,NO,SÍ,SÍ,SÍ,SÍ,NO,SÍ,NO,SÍ,SÍ,NO,SÍ,SÍ,SÍ,SÍ,NO,NO,SÍ,SÍ,NO,NO,SÍ,SÍ,SÍ,NO,SÍ,SÍ,NO,SÍ,SÍ,SÍ,NO,SÍ,NO,SÍ,NO,SÍ,"Visita dentro del promedio, con áreas de oportunidad.",
2026-03-27 15:47:18,27/03/2026,Sucursal Muxbal,Guatemala,Distrito Metro,SÍ,SÍ,SÍ,SÍ,SÍ,SÍ,SÍ,SÍ,SÍ,NO,NO,SÍ,SÍ,SÍ,SÍ,SÍ,SÍ,SÍ,NO,SÍ,SÍ,NO,SÍ,SÍ,SÍ,SÍ,SÍ,SÍ,SÍ,SÍ,NO,SÍ,SÍ,SÍ,SÍ,SÍ,SÍ,SÍ,SÍ,SÍ,Excelente servicio. La sucursal está operando en óptimas condiciones.,
2026-03-15 14:58:02,15/03/2026,Sucursal Carretera,Guatemala,Distrito Metro,SÍ,NO,NO,NO,NO,NO,NO,NO,SÍ,SÍ,NO,SÍ,NO,NO,NO,NO,SÍ,SÍ,NO,SÍ,SÍ,NO,NO,NO,NO,SÍ,NO,NO,SÍ,SÍ,NO,SÍ,NO,SÍ,SÍ,SÍ,SÍ,NO,SÍ,NO,"Se notaron deficiencias considerables, especialmente en Cobro. El personal necesita capacitación.",
2026-03-11 16:51:19,11/03/2026,Sucursal Zonal,Guatemala,Distrito Metro,SÍ,SÍ,SÍ,SÍ,SÍ,SÍ,SÍ,SÍ,SÍ,NO,SÍ,SÍ,SÍ,SÍ,SÍ,SÍ,SÍ,NO,SÍ,SÍ,SÍ,NO,SÍ,SÍ,SÍ,SÍ,SÍ,SÍ,NO,SÍ,SÍ,SÍ,NO,SÍ,SÍ,SÍ,SÍ,NO,NO,SÍ,"Visita dentro del promedio, con áreas de oportunidad.",
2026-03-15 11:31:12,15/03/2026,Sucursal Express,Guatemala,Distrito Metro,SÍ,NO,SÍ,SÍ,SÍ,SÍ,NO,SÍ,SÍ,SÍ,SÍ,NO,NO,SÍ,NO,SÍ,NO,SÍ,NO,NO,SÍ,SÍ,SÍ,SÍ,NO,SÍ,SÍ,NO,NO,SÍ,NO,SÍ,SÍ,SÍ,SÍ,SÍ,SÍ,SÍ,SÍ,SÍ,"Visita dentro del promedio, con áreas de oportunidad.",
2026-03-27 14:01:41,27/03/2026,Sucursal San Miguel,Guatemala,Distrito Metro,NO,SÍ,SÍ,SÍ,SÍ,SÍ,SÍ,SÍ,NO,SÍ,SÍ,NO,SÍ,NO,NO,NO,SÍ,SÍ,NO,NO,NO,NO,SÍ,SÍ,SÍ,SÍ,SÍ,SÍ,SÍ,SÍ,SÍ,NO,NO,NO,NO,NO,SÍ,SÍ,SÍ,SÍ,,
2026-03-08 09:53:38,08/03/2026,Sucursal Villa Nueva,Guatemala,Distrito Metro,NO,SÍ,SÍ,NO,NO,SÍ,SÍ,NO,NO,SÍ,SÍ,SÍ,SÍ,SÍ,NO,SÍ,SÍ,SÍ,NO,SÍ,NO,SÍ,NO,NO,NO,SÍ,SÍ,NO,SÍ,NO,NO,NO,SÍ,SÍ,SÍ,NO,NO,SÍ,SÍ,SÍ,"Se notaron deficiencias considerables, especialmente en Cobro. El personal necesita capacitación.",Incidencia grave en Cobro: Condiciones inaceptables de servicio o infraestructura.
2026-03-15 10:15:51,15/03/2026,Sucursal Petapa,Guatemala,Distrito Metro,SÍ,SÍ,SÍ,SÍ,SÍ,SÍ,SÍ,SÍ,NO,NO,NO,SÍ,NO,SÍ,SÍ,SÍ,SÍ,SÍ,NO,SÍ,NO,NO,SÍ,NO,SÍ,SÍ,SÍ,NO,SÍ,SÍ,SÍ,SÍ,NO,SÍ,SÍ,NO,NO,NO,SÍ,NO,,
2026-03-14 13:51:42,14/03/2026,Sucursal Mixco,Guatemala,Distrito Metro,SÍ,SÍ,SÍ,SÍ,SÍ,SÍ,SÍ,NO,SÍ,NO,NO,SÍ,SÍ,SÍ,SÍ,NO,SÍ,SÍ,NO,SÍ,SÍ,NO,SÍ,SÍ,SÍ,SÍ,NO,SÍ,SÍ,SÍ,SÍ,SÍ,NO,SÍ,NO,SÍ,SÍ,SÍ,SÍ,SÍ,,
2026-03-03 08:29:21,03/03/2026,Sucursal San José,Guatemala,Distrito Metro,SÍ,SÍ,SÍ,SÍ,NO,SÍ,SÍ,SÍ,SÍ,NO,NO,SÍ,SÍ,SÍ,SÍ,SÍ,SÍ,SÍ,NO,NO,SÍ,NO,SÍ,SÍ,SÍ,SÍ,SÍ,SÍ,SÍ,SÍ,NO,SÍ,NO,SÍ,SÍ,NO,SÍ,SÍ,SÍ,SÍ,,
2026-03-23 14:56:17,23/03/2026,Sucursal Santa Catarina,Guatemala,Distrito Metro,SÍ,SÍ,SÍ,SÍ,SÍ,SÍ,SÍ,SÍ,NO,NO,SÍ,SÍ,SÍ,SÍ,NO,NO,SÍ,SÍ,SÍ,SÍ,NO,NO,SÍ,SÍ,SÍ,SÍ,SÍ,SÍ,SÍ,SÍ,SÍ,SÍ,NO,SÍ,NO,NO,NO,NO,SÍ,SÍ,,
2026-03-12 16:57:38,12/03/2026,Sucursal Pinula,Guatemala,Distrito Metro,SÍ,NO,SÍ,SÍ,SÍ,SÍ,SÍ,NO,SÍ,NO,NO,NO,SÍ,SÍ,SÍ,NO,NO,SÍ,NO,SÍ,SÍ,NO,SÍ,SÍ,NO,SÍ,SÍ,SÍ,SÍ,NO,NO,SÍ,SÍ,SÍ,NO,NO,SÍ,SÍ,SÍ,NO,"Visita dentro del promedio, con áreas de oportunidad.",
2026-03-23 16:51:08,23/03/2026,Sucursal Boca del Monte,Guatemala,Distrito Metro,NO,SÍ,NO,NO,SÍ,NO,SÍ,SÍ,SÍ,SÍ,SÍ,SÍ,SÍ,SÍ,SÍ,NO,NO,NO,SÍ,NO,SÍ,NO,NO,SÍ,NO,NO,NO,SÍ,SÍ,SÍ,NO,NO,SÍ,SÍ,NO,SÍ,NO,SÍ,NO,SÍ,"Se notaron deficiencias considerables, especialmente en Cobro. El personal necesita capacitación.",
2026-03-27 08:46:40,27/03/2026,Sucursal Atlántico,Guatemala,Distrito Metro,SÍ,NO,SÍ,SÍ,SÍ,SÍ,SÍ,SÍ,NO,NO,NO,SÍ,SÍ,SÍ,NO,SÍ,SÍ,SÍ,SÍ,SÍ,SÍ,NO,NO,SÍ,NO,SÍ,SÍ,SÍ,SÍ,SÍ,SÍ,SÍ,SÍ,SÍ,SÍ,SÍ,SÍ,SÍ,SÍ,SÍ,,
2026-03-27 17:19:34,27/03/2026,Sucursal Pacífico,Guatemala,Distrito Metro,SÍ,SÍ,SÍ,SÍ,SÍ,SÍ,NO,SÍ,SÍ,NO,NO,SÍ,SÍ,SÍ,SÍ,SÍ,SÍ,SÍ,NO,SÍ,NO,NO,SÍ,SÍ,SÍ,SÍ,SÍ,SÍ,SÍ,SÍ,SÍ,SÍ,NO,SÍ,SÍ,SÍ,SÍ,SÍ,SÍ,SÍ,Excelente servicio. La sucursal está operando en óptimas condiciones.,
2026-03-03 18:36:21,03/03/2026,Sucursal Aguilar Batres,Guatemala,Distrito Metro,SÍ,SÍ,SÍ,SÍ,NO,SÍ,SÍ,NO,NO,NO,SÍ,SÍ,SÍ,SÍ,SÍ,NO,SÍ,SÍ,SÍ,NO,SÍ,NO,SÍ,SÍ,SÍ,SÍ,NO,SÍ,SÍ,SÍ,SÍ,SÍ,NO,NO,NO,NO,NO,NO,NO,SÍ,,
2026-03-27 14:38:49,27/03/2026,Sucursal Avenida,Guatemala,Distrito Metro,SÍ,SÍ,NO,SÍ,SÍ,NO,SÍ,NO,SÍ,SÍ,NO,SÍ,SÍ,NO,SÍ,SÍ,SÍ,NO,NO,SÍ,SÍ,NO,SÍ,SÍ,SÍ,SÍ,SÍ,SÍ,SÍ,NO,SÍ,SÍ,SÍ,SÍ,NO,SÍ,SÍ,SÍ,SÍ,SÍ,,
2026-03-03 12:02:52,03/03/2026,Sucursal Boulevard,Guatemala,Distrito Metro,SÍ,SÍ,NO,SÍ,NO,NO,SÍ,NO,SÍ,NO,SÍ,SÍ,SÍ,NO,SÍ,NO,NO,SÍ,NO,SÍ,NO,SÍ,NO,SÍ,SÍ,NO,SÍ,SÍ,SÍ,SÍ,SÍ,NO,SÍ,SÍ,SÍ,NO,NO,SÍ,SÍ,SÍ,,
2026-03-27 17:56:45,27/03/2026,Sucursal Quetzaltenango Norte,Quetzaltenango,Distrito Occidente,SÍ,SÍ,SÍ,SÍ,SÍ,SÍ,SÍ,NO,NO,SÍ,NO,SÍ,SÍ,SÍ,SÍ,SÍ,SÍ,NO,NO,SÍ,SÍ,NO,SÍ,SÍ,NO,SÍ,NO,NO,NO,SÍ,SÍ,SÍ,SÍ,NO,NO,SÍ,SÍ,NO,SÍ,SÍ,"Visita dentro del promedio, con áreas de oportunidad.",
2026-03-12 14:28:02,12/03/2026,Sucursal Terminal Quet,Quetzaltenango,Distrito Occidente,SÍ,SÍ,SÍ,SÍ,SÍ,SÍ,SÍ,SÍ,SÍ,NO,NO,SÍ,SÍ,SÍ,SÍ,SÍ,SÍ,SÍ,NO,SÍ,NO,NO,SÍ,SÍ,SÍ,SÍ,SÍ,SÍ,SÍ,SÍ,SÍ,SÍ,SÍ,SÍ,SÍ,SÍ,SÍ,SÍ,SÍ,SÍ,Excelente servicio. La sucursal está operando en óptimas condiciones.,
2026-03-18 10:49:51,18/03/2026,Sucursal Quetzaltenango Centro,Quetzaltenango,Distrito Occidente,SÍ,SÍ,SÍ,NO,SÍ,SÍ,SÍ,SÍ,SÍ,NO,NO,SÍ,SÍ,SÍ,SÍ,SÍ,SÍ,SÍ,NO,SÍ,SÍ,NO,SÍ,SÍ,SÍ,SÍ,SÍ,SÍ,SÍ,SÍ,SÍ,SÍ,SÍ,SÍ,SÍ,SÍ,SÍ,SÍ,SÍ,SÍ,Excelente servicio. La sucursal está operando en óptimas condiciones.,
2026-03-04 12:08:01,04/03/2026,Sucursal Llanos Quet,Quetzaltenango,Distrito Occidente,NO,NO,NO,NO,SÍ,SÍ,SÍ,NO,SÍ,NO,NO,NO,SÍ,NO,SÍ,SÍ,SÍ,SÍ,NO,SÍ,SÍ,SÍ,NO,SÍ,SÍ,SÍ,SÍ,NO,SÍ,SÍ,SÍ,SÍ,SÍ,SÍ,SÍ,SÍ,NO,SÍ,NO,SÍ,,
2026-03-17 09:12:33,17/03/2026,Sucursal Quetzaltenango Norte,Quetzaltenango,Distrito Occidente,SÍ,SÍ,SÍ,SÍ,SÍ,SÍ,NO,NO,NO,NO,NO,NO,SÍ,SÍ,SÍ,SÍ,NO,SÍ,SÍ,SÍ,SÍ,SÍ,SÍ,SÍ,SÍ,SÍ,SÍ,SÍ,SÍ,SÍ,SÍ,SÍ,SÍ,SÍ,SÍ,SÍ,SÍ,SÍ,SÍ,SÍ,,
2026-03-08 09:43:47,08/03/2026,Sucursal Sur Quet,Quetzaltenango,Distrito Occidente,NO,SÍ,NO,NO,NO,SÍ,SÍ,SÍ,SÍ,NO,NO,SÍ,NO,SÍ,SÍ,SÍ,SÍ,SÍ,SÍ,NO,SÍ,NO,NO,SÍ,SÍ,NO,SÍ,SÍ,NO,SÍ,NO,NO,SÍ,SÍ,SÍ,SÍ,SÍ,SÍ,NO,NO,,
2026-03-23 11:58:14,23/03/2026,Sucursal Escuintla Centro,Escuintla,Distrito Sur,SÍ,SÍ,SÍ,SÍ,NO,NO,SÍ,SÍ,SÍ,NO,NO,SÍ,SÍ,SÍ,SÍ,NO,SÍ,SÍ,NO,SÍ,SÍ,NO,SÍ,SÍ,SÍ,SÍ,SÍ,SÍ,SÍ,SÍ,SÍ,SÍ,SÍ,SÍ,SÍ,SÍ,SÍ,SÍ,SÍ,SÍ,Excelente servicio. La sucursal está operando en óptimas condiciones.,
2026-03-12 08:44:36,12/03/2026,Sucursal Mercado Escu,Escuintla,Distrito Sur,SÍ,SÍ,SÍ,SÍ,NO,SÍ,SÍ,SÍ,SÍ,NO,NO,SÍ,SÍ,NO,SÍ,SÍ,SÍ,NO,NO,SÍ,SÍ,NO,SÍ,SÍ,SÍ,SÍ,SÍ,SÍ,SÍ,SÍ,SÍ,SÍ,NO,SÍ,SÍ,SÍ,SÍ,SÍ,SÍ,SÍ,Excelente servicio. La sucursal está operando en óptimas condiciones.,
2026-03-09 13:48:11,09/03/2026,Sucursal Escuintla Norte,Escuintla,Distrito Sur,NO,NO,NO,NO,SÍ,SÍ,SÍ,NO,SÍ,NO,SÍ,NO,SÍ,SÍ,SÍ,NO,NO,SÍ,SÍ,NO,NO,NO,NO,NO,SÍ,SÍ,SÍ,SÍ,NO,NO,NO,NO,NO,SÍ,SÍ,NO,SÍ,NO,NO,SÍ,"Se notaron deficiencias considerables, especialmente en Cobro. El personal necesita capacitación.",
2026-03-27 14:12:03,27/03/2026,Sucursal Occidente Escu,Escuintla,Distrito Sur,SÍ,SÍ,SÍ,SÍ,SÍ,SÍ,SÍ,SÍ,SÍ,NO,NO,SÍ,NO,SÍ,SÍ,SÍ,SÍ,NO,NO,SÍ,SÍ,NO,SÍ,SÍ,SÍ,NO,SÍ,SÍ,SÍ,SÍ,SÍ,SÍ,SÍ,SÍ,NO,SÍ,SÍ,SÍ,SÍ,SÍ,Excelente servicio. La sucursal está operando en óptimas condiciones.,
2026-03-07 17:32:45,07/03/2026,Sucursal Escuintla Norte,Escuintla,Distrito Sur,SÍ,SÍ,SÍ,NO,SÍ,SÍ,SÍ,SÍ,SÍ,NO,NO,SÍ,SÍ,SÍ,NO,SÍ,SÍ,SÍ,NO,NO,SÍ,SÍ,SÍ,SÍ,SÍ,SÍ,SÍ,SÍ,SÍ,SÍ,SÍ,SÍ,SÍ,NO,SÍ,NO,NO,NO,SÍ,SÍ,,
2026-03-12 16:06:13,12/03/2026,Sucursal Norte Escu,Escuintla,Distrito Sur,SÍ,SÍ,SÍ,SÍ,NO,SÍ,SÍ,SÍ,NO,NO,NO,SÍ,SÍ,SÍ,NO,NO,SÍ,SÍ,NO,NO,NO,NO,SÍ,SÍ,SÍ,SÍ,SÍ,SÍ,SÍ,SÍ,SÍ,SÍ,NO,NO,NO,NO,NO,SÍ,SÍ,SÍ,"Visita dentro del promedio, con áreas de oportunidad.",
2026-03-10 14:30:01,10/03/2026,Sucursal Sacatepéquez Norte,Sacatepéquez,Distrito Central,SÍ,NO,NO,SÍ,NO,NO,NO,NO,SÍ,SÍ,SÍ,NO,SÍ,SÍ,SÍ,SÍ,NO,SÍ,SÍ,NO,SÍ,SÍ,SÍ,NO,SÍ,SÍ,NO,SÍ,SÍ,SÍ,SÍ,NO,NO,SÍ,SÍ,SÍ,NO,SÍ,NO,SÍ,"Se notaron deficiencias considerables, especialmente en Cobro. El personal necesita capacitación.",
2026-03-03 11:06:57,03/03/2026,Sucursal Central Saca,Sacatepéquez,Distrito Central,SÍ,SÍ,SÍ,SÍ,SÍ,NO,SÍ,SÍ,NO,NO,SÍ,NO,NO,NO,NO,NO,SÍ,SÍ,NO,NO,NO,NO,SÍ,SÍ,SÍ,NO,SÍ,SÍ,NO,NO,SÍ,NO,NO,NO,SÍ,NO,SÍ,NO,SÍ,SÍ,"Se notaron deficiencias considerables, especialmente en Cobro. El personal necesita capacitación.",
2026-03-02 11:56:40,02/03/2026,Sucursal Sacatepéquez Centro,Sacatepéquez,Distrito Central,SÍ,SÍ,SÍ,SÍ,SÍ,SÍ,SÍ,SÍ,SÍ,NO,NO,SÍ,SÍ,SÍ,SÍ,SÍ,SÍ,SÍ,NO,SÍ,SÍ,NO,SÍ,NO,SÍ,NO,NO,NO,NO,SÍ,SÍ,SÍ,NO,SÍ,SÍ,SÍ,NO,SÍ,SÍ,NO,,
2026-03-02 18:35:31,02/03/2026,Sucursal Terminal Saca,Sacatepéquez,Distrito Central,SÍ,NO,SÍ,NO,SÍ,NO,NO,SÍ,NO,NO,SÍ,SÍ,SÍ,SÍ,SÍ,SÍ,SÍ,NO,NO,NO,NO,NO,SÍ,SÍ,SÍ,SÍ,SÍ,SÍ,SÍ,SÍ,SÍ,SÍ,NO,NO,SÍ,NO,SÍ,SÍ,SÍ,SÍ,,
2026-03-17 17:35:01,17/03/2026,Sucursal Sacatepéquez Norte,Sacatepéquez,Distrito Central,SÍ,NO,SÍ,SÍ,SÍ,SÍ,SÍ,SÍ,SÍ,NO,NO,SÍ,SÍ,NO,SÍ,SÍ,SÍ,SÍ,NO,SÍ,SÍ,NO,SÍ,SÍ,SÍ,SÍ,SÍ,SÍ,SÍ,SÍ,SÍ,NO,SÍ,SÍ,SÍ,SÍ,SÍ,NO,SÍ,SÍ,Excelente servicio. La sucursal está operando en óptimas condiciones.,
2026-03-22 16:42:15,22/03/2026,Sucursal Avenida Chim,Chimaltenango,Distrito Central,SÍ,SÍ,NO,SÍ,NO,SÍ,SÍ,SÍ,SÍ,SÍ,NO,NO,SÍ,SÍ,NO,NO,SÍ,NO,SÍ,NO,NO,SÍ,NO,SÍ,SÍ,SÍ,SÍ,NO,NO,SÍ,SÍ,NO,SÍ,SÍ,SÍ,NO,SÍ,SÍ,SÍ,SÍ,,
2026-03-23 16:25:56,23/03/2026,Sucursal Chimaltenango Centro,Chimaltenango,Distrito Central,NO,NO,SÍ,SÍ,SÍ,NO,SÍ,SÍ,NO,SÍ,NO,NO,SÍ,SÍ,SÍ,SÍ,SÍ,SÍ,SÍ,NO,NO,SÍ,SÍ,SÍ,NO,SÍ,SÍ,SÍ,NO,NO,SÍ,NO,NO,SÍ,NO,NO,SÍ,NO,SÍ,SÍ,"Se notaron deficiencias considerables, especialmente en Cobro. El personal necesita capacitación.",Incidencia grave en Cobro: Condiciones inaceptables de servicio o infraestructura.
2026-03-05 10:32:53,05/03/2026,Sucursal Plaza Chim,Chimaltenango,Distrito Central,SÍ,SÍ,SÍ,SÍ,SÍ,SÍ,SÍ,NO,SÍ,NO,NO,SÍ,NO,SÍ,SÍ,SÍ,SÍ,NO,NO,SÍ,SÍ,NO,SÍ,NO,SÍ,NO,SÍ,SÍ,NO,NO,SÍ,SÍ,SÍ,SÍ,NO,SÍ,NO,SÍ,SÍ,SÍ,,
2026-03-27 12:44:13,27/03/2026,Sucursal Chimaltenango Plaza,Chimaltenango,Distrito Central,SÍ,SÍ,SÍ,SÍ,SÍ,SÍ,SÍ,NO,NO,NO,SÍ,NO,SÍ,SÍ,NO,SÍ,SÍ,SÍ,NO,NO,SÍ,SÍ,SÍ,SÍ,SÍ,SÍ,NO,NO,SÍ,SÍ,SÍ,SÍ,SÍ,SÍ,SÍ,SÍ,SÍ,SÍ,SÍ,SÍ,,
2026-03-14 15:56:10,14/03/2026,Sucursal Avenida Alta,Alta Verapaz,Distrito Norte,NO,SÍ,NO,SÍ,SÍ,NO,SÍ,SÍ,SÍ,SÍ,SÍ,SÍ,SÍ,SÍ,NO,SÍ,NO,SÍ,NO,SÍ,SÍ,NO,SÍ,SÍ,SÍ,SÍ,NO,SÍ,SÍ,NO,SÍ,SÍ,NO,NO,SÍ,SÍ,SÍ,SÍ,SÍ,SÍ,,
2026-03-07 15:32:55,07/03/2026,Sucursal Alta Verapaz Plaza,Alta Verapaz,Distrito Norte,SÍ,SÍ,SÍ,NO,SÍ,SÍ,SÍ,SÍ,SÍ,NO,NO,SÍ,SÍ,SÍ,SÍ,SÍ,NO,SÍ,NO,NO,SÍ,NO,SÍ,NO,SÍ,SÍ,SÍ,SÍ,SÍ,SÍ,SÍ,SÍ,SÍ,SÍ,SÍ,SÍ,SÍ,NO,SÍ,SÍ,,
2026-03-19 12:05:41,19/03/2026,Sucursal Express Alta,Alta Verapaz,Distrito Norte,SÍ,SÍ,SÍ,SÍ,NO,SÍ,SÍ,SÍ,SÍ,SÍ,NO,NO,SÍ,SÍ,SÍ,SÍ,NO,NO,NO,SÍ,NO,SÍ,SÍ,NO,SÍ,SÍ,NO,SÍ,SÍ,SÍ,SÍ,SÍ,SÍ,SÍ,SÍ,SÍ,NO,SÍ,SÍ,NO,"Visita dentro del promedio, con áreas de oportunidad.",
2026-03-25 10:46:19,25/03/2026,Sucursal Alta Verapaz Centro,Alta Verapaz,Distrito Norte,SÍ,SÍ,SÍ,SÍ,NO,SÍ,SÍ,SÍ,NO,NO,NO,SÍ,SÍ,SÍ,NO,NO,SÍ,SÍ,NO,NO,NO,NO,SÍ,SÍ,SÍ,SÍ,SÍ,SÍ,SÍ,SÍ,SÍ,SÍ,NO,NO,NO,NO,SÍ,NO,SÍ,SÍ,,
2026-03-04 17:31:00,04/03/2026,Sucursal Centro Peté,Petén,Distrito Norte,SÍ,SÍ,SÍ,SÍ,NO,SÍ,SÍ,SÍ,NO,SÍ,NO,SÍ,SÍ,SÍ,NO,SÍ,SÍ,SÍ,NO,SÍ,SÍ,SÍ,SÍ,SÍ,SÍ,NO,SÍ,SÍ,SÍ,SÍ,NO,NO,SÍ,SÍ,SÍ,NO,SÍ,SÍ,SÍ,SÍ,,
2026-03-19 09:47:05,19/03/2026,Sucursal Petén Plaza,Petén,Distrito Norte,SÍ,NO,SÍ,SÍ,NO,NO,SÍ,NO,NO,SÍ,NO,SÍ,SÍ,NO,NO,NO,NO,SÍ,SÍ,SÍ,SÍ,SÍ,SÍ,NO,SÍ,SÍ,NO,NO,NO,NO,NO,NO,NO,NO,NO,SÍ,NO,NO,NO,SÍ,"Se notaron deficiencias considerables, especialmente en Cobro. El personal necesita capacitación.",
2026-03-15 11:03:53,15/03/2026,Sucursal Avenida Peté,Petén,Distrito Norte,NO,NO,SÍ,SÍ,SÍ,NO,SÍ,SÍ,SÍ,NO,NO,NO,SÍ,NO,SÍ,NO,NO,SÍ,NO,SÍ,SÍ,SÍ,NO,SÍ,NO,NO,SÍ,SÍ,SÍ,NO,SÍ,NO,NO,NO,SÍ,SÍ,NO,SÍ,NO,SÍ,"Se notaron deficiencias considerables, especialmente en Cobro. El personal necesita capacitación.",
2026-03-05 17:37:52,05/03/2026,Sucursal Izabal Centro,Izabal,Distrito Oriente,NO,NO,SÍ,NO,SÍ,NO,NO,SÍ,NO,NO,NO,NO,SÍ,NO,SÍ,NO,NO,SÍ,NO,NO,NO,NO,SÍ,SÍ,NO,SÍ,SÍ,SÍ,SÍ,SÍ,NO,SÍ,SÍ,SÍ,SÍ,SÍ,NO,SÍ,SÍ,NO,"Se notaron deficiencias considerables, especialmente en Cobro. El personal necesita capacitación.",Incidencia grave en Cobro: Condiciones inaceptables de servicio o infraestructura.
2026-03-01 08:28:37,01/03/2026,Sucursal Express Izab,Izabal,Distrito Oriente,SÍ,SÍ,SÍ,SÍ,SÍ,SÍ,SÍ,SÍ,SÍ,NO,NO,SÍ,SÍ,SÍ,SÍ,SÍ,SÍ,SÍ,NO,SÍ,SÍ,NO,SÍ,SÍ,SÍ,SÍ,SÍ,NO,SÍ,SÍ,SÍ,SÍ,SÍ,SÍ,SÍ,SÍ,SÍ,SÍ,SÍ,SÍ,Excelente servicio. La sucursal está operando en óptimas condiciones.,
2026-03-02 14:39:02,02/03/2026,Sucursal Izabal Centro,Izabal,Distrito Oriente,SÍ,NO,SÍ,SÍ,NO,SÍ,NO,SÍ,SÍ,NO,NO,SÍ,SÍ,SÍ,NO,NO,SÍ,NO,NO,SÍ,SÍ,NO,NO,NO,NO,SÍ,NO,NO,SÍ,SÍ,NO,NO,SÍ,NO,SÍ,SÍ,SÍ,SÍ,SÍ,SÍ,,
2026-03-07 09:58:05,07/03/2026,Sucursal Centro San ,San Marcos,Distrito Occidente,SÍ,SÍ,SÍ,SÍ,SÍ,SÍ,SÍ,NO,SÍ,NO,NO,SÍ,SÍ,SÍ,SÍ,SÍ,SÍ,SÍ,NO,SÍ,SÍ,NO,SÍ,SÍ,SÍ,SÍ,SÍ,NO,SÍ,SÍ,SÍ,NO,SÍ,SÍ,SÍ,SÍ,SÍ,SÍ,SÍ,SÍ,Excelente servicio. La sucursal está operando en óptimas condiciones.,
2026-03-24 13:24:39,24/03/2026,Sucursal San Marcos Norte,San Marcos,Distrito Occidente,SÍ,SÍ,NO,SÍ,SÍ,SÍ,NO,NO,SÍ,NO,SÍ,NO,SÍ,SÍ,SÍ,SÍ,NO,SÍ,NO,NO,SÍ,NO,SÍ,NO,SÍ,SÍ,NO,SÍ,SÍ,SÍ,SÍ,NO,SÍ,NO,SÍ,SÍ,NO,NO,SÍ,SÍ,,
2026-03-07 13:21:51,07/03/2026,Sucursal Central San ,San Marcos,Distrito Occidente,SÍ,SÍ,NO,SÍ,NO,SÍ,SÍ,SÍ,SÍ,NO,NO,SÍ,NO,NO,SÍ,SÍ,NO,NO,NO,SÍ,NO,SÍ,NO,SÍ,NO,SÍ,NO,SÍ,SÍ,SÍ,SÍ,SÍ,SÍ,NO,SÍ,SÍ,SÍ,SÍ,SÍ,SÍ,,
2026-03-11 10:39:50,11/03/2026,Sucursal Huehuetenango Norte,Huehuetenango,Distrito Occidente,SÍ,SÍ,SÍ,SÍ,NO,SÍ,SÍ,SÍ,SÍ,NO,NO,SÍ,SÍ,SÍ,SÍ,SÍ,SÍ,NO,NO,SÍ,SÍ,NO,SÍ,NO,NO,NO,NO,NO,NO,NO,SÍ,SÍ,SÍ,SÍ,SÍ,SÍ,SÍ,SÍ,SÍ,SÍ,,
2026-03-04 17:22:56,04/03/2026,Sucursal Occidente Hueh,Huehuetenango,Distrito Occidente,SÍ,SÍ,SÍ,SÍ,SÍ,SÍ,SÍ,SÍ,SÍ,NO,SÍ,SÍ,SÍ,SÍ,SÍ,SÍ,SÍ,SÍ,NO,SÍ,SÍ,NO,SÍ,SÍ,SÍ,SÍ,NO,SÍ,SÍ,NO,SÍ,SÍ,SÍ,SÍ,SÍ,SÍ,NO,SÍ,SÍ,SÍ,Excelente servicio. La sucursal está operando en óptimas condiciones.,
2026-03-24 13:19:51,24/03/2026,Sucursal Huehuetenango Norte,Huehuetenango,Distrito Occidente,SÍ,SÍ,SÍ,SÍ,SÍ,SÍ,NO,SÍ,SÍ,NO,NO,NO,SÍ,SÍ,SÍ,SÍ,SÍ,SÍ,NO,SÍ,SÍ,NO,SÍ,SÍ,SÍ,SÍ,SÍ,NO,SÍ,SÍ,SÍ,SÍ,SÍ,NO,SÍ,NO,SÍ,NO,NO,SÍ,,
2026-03-24 15:17:24,24/03/2026,Sucursal Brisas Juti,Jutiapa,Distrito Oriente,SÍ,NO,SÍ,SÍ,SÍ,NO,SÍ,NO,SÍ,SÍ,SÍ,SÍ,NO,SÍ,NO,NO,SÍ,SÍ,SÍ,SÍ,SÍ,SÍ,SÍ,NO,SÍ,SÍ,NO,NO,SÍ,NO,SÍ,NO,SÍ,NO,SÍ,NO,SÍ,SÍ,NO,SÍ,"Se notaron deficiencias considerables, especialmente en Cobro. El personal necesita capacitación.",Incidencia grave en Cobro: Condiciones inaceptables de servicio o infraestructura.
2026-03-01 18:51:26,01/03/2026,Sucursal Jutiapa Plaza,Jutiapa,Distrito Oriente,SÍ,SÍ,SÍ,SÍ,SÍ,SÍ,SÍ,NO,SÍ,NO,NO,NO,NO,NO,SÍ,SÍ,SÍ,SÍ,NO,SÍ,SÍ,NO,NO,SÍ,SÍ,NO,SÍ,SÍ,SÍ,SÍ,SÍ,NO,SÍ,SÍ,SÍ,SÍ,SÍ,SÍ,SÍ,SÍ,,
2026-03-08 10:05:15,08/03/2026,Sucursal Llanos Zaca,Zacapa,Distrito Oriente,SÍ,SÍ,NO,SÍ,SÍ,SÍ,NO,SÍ,SÍ,NO,NO,SÍ,SÍ,SÍ,SÍ,NO,SÍ,SÍ,NO,SÍ,SÍ,NO,SÍ,SÍ,SÍ,SÍ,SÍ,SÍ,SÍ,SÍ,SÍ,SÍ,NO,SÍ,SÍ,SÍ,NO,SÍ,SÍ,SÍ,,
2026-03-06 10:28:11,06/03/2026,Sucursal Zacapa Plaza,Zacapa,Distrito Oriente,SÍ,SÍ,NO,SÍ,SÍ,SÍ,NO,NO,SÍ,NO,SÍ,NO,SÍ,NO,SÍ,SÍ,SÍ,SÍ,SÍ,SÍ,SÍ,NO,SÍ,SÍ,SÍ,SÍ,SÍ,SÍ,SÍ,NO,NO,NO,SÍ,SÍ,SÍ,SÍ,SÍ,SÍ,SÍ,SÍ,"Visita dentro del promedio, con áreas de oportunidad.",
2026-03-18 08:25:30,18/03/2026,Sucursal Parque Reta,Retalhuleu,Distrito Sur,SÍ,NO,NO,NO,SÍ,NO,SÍ,SÍ,SÍ,SÍ,NO,NO,NO,SÍ,NO,NO,NO,SÍ,NO,SÍ,NO,SÍ,SÍ,NO,SÍ,SÍ,SÍ,SÍ,SÍ,NO,NO,SÍ,SÍ,SÍ,SÍ,SÍ,SÍ,NO,NO,NO,"Se notaron deficiencias considerables, especialmente en Cobro. El personal necesita capacitación.",
2026-03-02 16:06:12,02/03/2026,Sucursal Retalhuleu Norte,Retalhuleu,Distrito Sur,SÍ,SÍ,SÍ,SÍ,NO,SÍ,SÍ,SÍ,NO,NO,SÍ,SÍ,NO,SÍ,NO,NO,SÍ,SÍ,NO,NO,NO,NO,SÍ,SÍ,SÍ,SÍ,SÍ,SÍ,SÍ,SÍ,SÍ,SÍ,SÍ,SÍ,SÍ,SÍ,NO,SÍ,SÍ,NO,,
2026-03-06 09:15:04,06/03/2026,Sucursal Terminal Such,Suchitepéquez,Distrito Sur,SÍ,NO,SÍ,NO,SÍ,SÍ,SÍ,SÍ,NO,NO,NO,SÍ,SÍ,SÍ,NO,SÍ,SÍ,NO,NO,SÍ,NO,SÍ,SÍ,SÍ,SÍ,SÍ,SÍ,SÍ,NO,SÍ,SÍ,SÍ,SÍ,SÍ,SÍ,NO,SÍ,SÍ,NO,SÍ,"Visita dentro del promedio, con áreas de oportunidad.",
2026-03-14 16:55:14,14/03/2026,Sucursal Suchitepéquez Centro,Suchitepéquez,Distrito Sur,SÍ,NO,SÍ,SÍ,SÍ,SÍ,NO,SÍ,NO,NO,NO,SÍ,NO,NO,NO,NO,NO,NO,NO,NO,NO,NO,SÍ,NO,SÍ,SÍ,NO,SÍ,NO,NO,NO,SÍ,NO,SÍ,SÍ,NO,NO,SÍ,NO,SÍ,"Se notaron deficiencias considerables, especialmente en Cobro. El personal necesita capacitación.",
2026-03-01 16:18:04,01/03/2026,Sucursal Parque Sant,Santa Rosa,Distrito Sur,SÍ,SÍ,SÍ,SÍ,NO,SÍ,SÍ,SÍ,SÍ,NO,NO,SÍ,NO,SÍ,SÍ,SÍ,SÍ,SÍ,NO,SÍ,SÍ,NO,SÍ,SÍ,NO,NO,SÍ,SÍ,NO,NO,NO,SÍ,SÍ,SÍ,SÍ,SÍ,SÍ,SÍ,NO,NO,,
2026-03-12 17:44:01,12/03/2026,Sucursal Santa Rosa Centro,Santa Rosa,Distrito Sur,SÍ,SÍ,SÍ,SÍ,SÍ,SÍ,SÍ,SÍ,SÍ,NO,NO,NO,SÍ,NO,SÍ,SÍ,SÍ,SÍ,NO,SÍ,SÍ,NO,SÍ,SÍ,SÍ,SÍ,SÍ,NO,SÍ,SÍ,SÍ,NO,NO,NO,SÍ,SÍ,SÍ,SÍ,NO,SÍ,,
2026-03-07 10:44:37,07/03/2026,Sucursal Parque El P,El Progreso,Distrito Oriente,SÍ,NO,SÍ,NO,NO,SÍ,NO,NO,SÍ,SÍ,NO,SÍ,NO,SÍ,SÍ,SÍ,SÍ,SÍ,NO,SÍ,NO,NO,SÍ,SÍ,SÍ,NO,SÍ,SÍ,SÍ,SÍ,NO,NO,SÍ,NO,SÍ,SÍ,NO,NO,SÍ,SÍ,,
2026-03-10 13:07:08,10/03/2026,Sucursal El Progreso Norte,El Progreso,Distrito Oriente,SÍ,SÍ,SÍ,SÍ,SÍ,SÍ,NO,SÍ,SÍ,NO,NO,SÍ,SÍ,SÍ,SÍ,SÍ,SÍ,SÍ,NO,SÍ,NO,NO,SÍ,SÍ,SÍ,SÍ,NO,SÍ,SÍ,SÍ,SÍ,SÍ,SÍ,SÍ,SÍ,SÍ,SÍ,SÍ,SÍ,SÍ,Excelente servicio. La sucursal está operando en óptimas condiciones.,
2026-03-25 09:08:24,25/03/2026,Sucursal Mercado Chiq,Chiquimula,Distrito Oriente,SÍ,SÍ,SÍ,SÍ,SÍ,SÍ,SÍ,SÍ,SÍ,NO,SÍ,NO,SÍ,NO,SÍ,SÍ,SÍ,SÍ,NO,NO,SÍ,NO,SÍ,NO,NO,SÍ,SÍ,SÍ,NO,SÍ,NO,SÍ,SÍ,SÍ,NO,SÍ,NO,NO,SÍ,SÍ,,
2026-03-08 15:51:04,08/03/2026,Sucursal Chiquimula Centro,Chiquimula,Distrito Oriente,SÍ,NO,SÍ,NO,SÍ,SÍ,SÍ,SÍ,SÍ,NO,NO,SÍ,NO,SÍ,NO,SÍ,SÍ,SÍ,SÍ,SÍ,SÍ,NO,SÍ,SÍ,SÍ,SÍ,SÍ,SÍ,SÍ,NO,SÍ,SÍ,SÍ,SÍ,NO,SÍ,SÍ,SÍ,SÍ,SÍ,,
2026-03-15 10:44:25,15/03/2026,Sucursal Norte Jala,Jalapa,Distrito Oriente,SÍ,SÍ,SÍ,SÍ,SÍ,SÍ,SÍ,SÍ,NO,NO,NO,SÍ,SÍ,SÍ,SÍ,NO,SÍ,NO,NO,SÍ,SÍ,SÍ,SÍ,SÍ,SÍ,SÍ,SÍ,SÍ,SÍ,SÍ,SÍ,SÍ,SÍ,NO,SÍ,SÍ,SÍ,NO,SÍ,SÍ,,
2026-03-03 18:41:25,03/03/2026,Sucursal Jalapa Plaza,Jalapa,Distrito Oriente,SÍ,SÍ,SÍ,SÍ,SÍ,SÍ,SÍ,SÍ,SÍ,NO,SÍ,SÍ,SÍ,SÍ,SÍ,SÍ,SÍ,SÍ,NO,SÍ,SÍ,NO,SÍ,NO,NO,SÍ,NO,NO,NO,SÍ,SÍ,SÍ,SÍ,SÍ,SÍ,SÍ,SÍ,SÍ,SÍ,SÍ,,
2026-03-22 12:32:15,22/03/2026,Sucursal Terminal Solo,Sololá,Distrito Occidente,SÍ,NO,NO,SÍ,SÍ,SÍ,NO,SÍ,SÍ,NO,NO,SÍ,SÍ,SÍ,SÍ,NO,SÍ,SÍ,NO,SÍ,NO,NO,NO,SÍ,SÍ,SÍ,NO,SÍ,SÍ,NO,SÍ,SÍ,SÍ,NO,SÍ,SÍ,NO,SÍ,NO,SÍ,,
2026-03-21 16:20:19,21/03/2026,Sucursal Sololá Centro,Sololá,Distrito Occidente,SÍ,SÍ,SÍ,SÍ,SÍ,SÍ,SÍ,SÍ,SÍ,NO,NO,SÍ,SÍ,SÍ,SÍ,SÍ,SÍ,SÍ,NO,SÍ,SÍ,NO,SÍ,SÍ,SÍ,SÍ,SÍ,SÍ,SÍ,SÍ,SÍ,SÍ,SÍ,SÍ,SÍ,SÍ,SÍ,SÍ,SÍ,SÍ,Excelente servicio. La sucursal está operando en óptimas condiciones.,
2026-03-26 15:18:05,26/03/2026,Sucursal Express Toto,Totonicapán,Distrito Occidente,NO,NO,NO,SÍ,SÍ,NO,SÍ,SÍ,SÍ,SÍ,SÍ,SÍ,SÍ,NO,NO,SÍ,SÍ,SÍ,NO,SÍ,NO,NO,SÍ,SÍ,SÍ,SÍ,SÍ,SÍ,SÍ,SÍ,SÍ,SÍ,SÍ,SÍ,NO,NO,NO,SÍ,SÍ,SÍ,,
2026-03-03 15:39:57,03/03/2026,Sucursal Totonicapán Plaza,Totonicapán,Distrito Occidente,SÍ,SÍ,NO,SÍ,SÍ,SÍ,SÍ,SÍ,SÍ,NO,SÍ,SÍ,SÍ,SÍ,NO,NO,NO,NO,NO,NO,SÍ,NO,SÍ,SÍ,SÍ,SÍ,NO,SÍ,SÍ,SÍ,NO,SÍ,SÍ,SÍ,NO,NO,NO,SÍ,NO,SÍ,,
2026-03-04 09:43:20,04/03/2026,Sucursal Plaza Quic,Quiché,Distrito Occidente,SÍ,SÍ,SÍ,NO,NO,NO,SÍ,SÍ,SÍ,NO,NO,NO,SÍ,SÍ,SÍ,SÍ,SÍ,SÍ,NO,SÍ,NO,NO,NO,NO,SÍ,SÍ,SÍ,NO,SÍ,SÍ,SÍ,SÍ,SÍ,SÍ,SÍ,SÍ,SÍ,SÍ,SÍ,SÍ,"Visita dentro del promedio, con áreas de oportunidad.",
2026-03-23 12:30:43,23/03/2026,Sucursal Quiché Plaza,Quiché,Distrito Occidente,NO,SÍ,SÍ,SÍ,SÍ,SÍ,SÍ,SÍ,SÍ,NO,NO,SÍ,NO,SÍ,NO,SÍ,NO,SÍ,NO,SÍ,SÍ,SÍ,SÍ,SÍ,NO,NO,SÍ,SÍ,SÍ,SÍ,NO,SÍ,SÍ,SÍ,SÍ,SÍ,SÍ,SÍ,NO,SÍ,,
2026-03-04 10:51:54,04/03/2026,Sucursal Oriente Baja,Baja Verapaz,Distrito Norte,SÍ,SÍ,SÍ,SÍ,SÍ,SÍ,SÍ,SÍ,SÍ,NO,NO,SÍ,SÍ,NO,SÍ,SÍ,SÍ,SÍ,NO,SÍ,NO,SÍ,SÍ,SÍ,SÍ,NO,SÍ,SÍ,SÍ,SÍ,SÍ,SÍ,NO,SÍ,SÍ,SÍ,SÍ,SÍ,SÍ,NO,"Visita dentro del promedio, con áreas de oportunidad.",
2026-04-08 11:55:13,08/04/2026,Sucursal Centro,Guatemala,Distrito Metro,SÍ,NO,SÍ,NO,SÍ,SÍ,SÍ,SÍ,SÍ,NO,NO,SÍ,NO,SÍ,SÍ,SÍ,SÍ,SÍ,NO,SÍ,SÍ,NO,SÍ,NO,SÍ,SÍ,SÍ,SÍ,SÍ,SÍ,SÍ,SÍ,SÍ,SÍ,NO,NO,NO,SÍ,SÍ,SÍ,"Visita dentro del promedio, con áreas de oportunidad.",
2026-04-24 09:57:38,24/04/2026,Sucursal Norte,Guatemala,Distrito Metro,SÍ,SÍ,NO,NO,NO,NO,SÍ,SÍ,SÍ,NO,SÍ,SÍ,NO,NO,SÍ,SÍ,NO,SÍ,NO,SÍ,NO,NO,NO,NO,NO,NO,SÍ,SÍ,SÍ,NO,NO,SÍ,SÍ,SÍ,SÍ,SÍ,NO,SÍ,SÍ,SÍ,"Visita dentro del promedio, con áreas de oportunidad.",
2026-04-05 18:51:08,05/04/2026,Sucursal Sur,Guatemala,Distrito Metro,NO,NO,SÍ,SÍ,SÍ,SÍ,SÍ,SÍ,SÍ,NO,NO,SÍ,SÍ,NO,SÍ,SÍ,SÍ,SÍ,NO,SÍ,SÍ,NO,SÍ,SÍ,SÍ,NO,SÍ,NO,SÍ,SÍ,SÍ,SÍ,SÍ,NO,SÍ,NO,SÍ,SÍ,SÍ,SÍ,,
2026-04-02 15:55:51,02/04/2026,Sucursal Las Palmas,Guatemala,Distrito Metro,SÍ,SÍ,SÍ,NO,NO,SÍ,SÍ,NO,NO,NO,SÍ,SÍ,SÍ,SÍ,NO,SÍ,NO,SÍ,NO,NO,SÍ,NO,NO,NO,SÍ,SÍ,SÍ,NO,SÍ,SÍ,NO,SÍ,SÍ,SÍ,NO,SÍ,SÍ,SÍ,NO,SÍ,,
2026-04-11 10:52:32,11/04/2026,Sucursal Pradera,Guatemala,Distrito Metro,SÍ,SÍ,SÍ,SÍ,SÍ,SÍ,SÍ,SÍ,SÍ,NO,NO,SÍ,SÍ,SÍ,SÍ,SÍ,SÍ,SÍ,NO,SÍ,SÍ,SÍ,NO,NO,SÍ,SÍ,NO,SÍ,SÍ,SÍ,SÍ,SÍ,SÍ,SÍ,SÍ,SÍ,NO,SÍ,NO,NO,,
2026-04-14 14:28:49,14/04/2026,Sucursal Majadas,Guatemala,Distrito Metro,SÍ,SÍ,SÍ,SÍ,SÍ,SÍ,SÍ,SÍ,SÍ,NO,NO,SÍ,SÍ,SÍ,SÍ,SÍ,SÍ,SÍ,NO,SÍ,SÍ,NO,SÍ,SÍ,SÍ,SÍ,SÍ,SÍ,SÍ,SÍ,SÍ,SÍ,SÍ,SÍ,SÍ,SÍ,SÍ,SÍ,SÍ,SÍ,Excelente servicio. La sucursal está operando en óptimas condiciones.,
2026-04-14 12:40:07,14/04/2026,Sucursal Vista Hermosa,Guatemala,Distrito Metro,SÍ,SÍ,SÍ,SÍ,SÍ,SÍ,SÍ,SÍ,SÍ,NO,SÍ,SÍ,SÍ,SÍ,SÍ,SÍ,SÍ,SÍ,NO,SÍ,SÍ,NO,SÍ,SÍ,SÍ,SÍ,SÍ,SÍ,SÍ,SÍ,NO,SÍ,NO,SÍ,NO,SÍ,SÍ,SÍ,SÍ,SÍ,Excelente servicio. La sucursal está operando en óptimas condiciones.,
2026-04-19 09:00:17,19/04/2026,Sucursal Cayalá,Guatemala,Distrito Metro,SÍ,SÍ,SÍ,SÍ,NO,SÍ,SÍ,SÍ,NO,NO,NO,SÍ,NO,SÍ,SÍ,SÍ,NO,NO,NO,SÍ,NO,NO,SÍ,SÍ,NO,SÍ,SÍ,NO,SÍ,SÍ,SÍ,SÍ,NO,SÍ,SÍ,SÍ,NO,SÍ,SÍ,SÍ,"Visita dentro del promedio, con áreas de oportunidad.",
2026-04-06 08:57:46,06/04/2026,Sucursal Américas,Guatemala,Distrito Metro,SÍ,SÍ,SÍ,NO,SÍ,SÍ,NO,SÍ,SÍ,SÍ,NO,NO,NO,SÍ,SÍ,SÍ,SÍ,SÍ,NO,SÍ,SÍ,SÍ,NO,SÍ,SÍ,SÍ,SÍ,SÍ,SÍ,SÍ,SÍ,NO,SÍ,NO,SÍ,SÍ,SÍ,SÍ,SÍ,SÍ,,
2026-04-12 17:52:21,12/04/2026,Sucursal Roosevelt,Guatemala,Distrito Metro,NO,NO,SÍ,SÍ,NO,SÍ,NO,NO,SÍ,NO,SÍ,SÍ,NO,NO,NO,SÍ,SÍ,SÍ,SÍ,SÍ,NO,NO,SÍ,NO,SÍ,NO,SÍ,SÍ,SÍ,NO,NO,NO,NO,SÍ,SÍ,SÍ,SÍ,SÍ,SÍ,SÍ,"Se notaron deficiencias considerables, especialmente en Cobro. El personal necesita capacitación.",Incidencia grave en Cobro: Condiciones inaceptables de servicio o infraestructura.
2026-04-02 08:27:23,02/04/2026,Sucursal Portales,Guatemala,Distrito Metro,NO,SÍ,NO,SÍ,SÍ,SÍ,SÍ,SÍ,SÍ,NO,NO,SÍ,SÍ,SÍ,SÍ,NO,SÍ,SÍ,SÍ,SÍ,SÍ,NO,SÍ,SÍ,SÍ,NO,NO,SÍ,NO,NO,SÍ,SÍ,SÍ,NO,SÍ,SÍ,NO,SÍ,NO,SÍ,,
2026-04-13 14:18:50,13/04/2026,Sucursal Naranjo,Guatemala,Distrito Metro,SÍ,SÍ,SÍ,SÍ,SÍ,SÍ,SÍ,SÍ,SÍ,NO,NO,SÍ,SÍ,SÍ,SÍ,NO,SÍ,NO,NO,SÍ,SÍ,SÍ,SÍ,SÍ,NO,SÍ,SÍ,SÍ,SÍ,SÍ,SÍ,NO,NO,SÍ,SÍ,SÍ,SÍ,SÍ,SÍ,SÍ,,
2026-04-15 11:48:16,15/04/2026,Sucursal San Cristóbal,Guatemala,Distrito Metro,SÍ,SÍ,SÍ,SÍ,SÍ,SÍ,SÍ,SÍ,SÍ,NO,SÍ,SÍ,SÍ,SÍ,SÍ,SÍ,SÍ,SÍ,NO,SÍ,SÍ,NO,SÍ,SÍ,SÍ,SÍ,SÍ,SÍ,SÍ,SÍ,NO,SÍ,SÍ,SÍ,SÍ,SÍ,SÍ,SÍ,SÍ,SÍ,Excelente servicio. La sucursal está operando en óptimas condiciones.,
2026-04-01 13:50:12,01/04/2026,Sucursal Muxbal,Guatemala,Distrito Metro,SÍ,SÍ,SÍ,SÍ,SÍ,SÍ,SÍ,SÍ,SÍ,NO,NO,SÍ,SÍ,SÍ,SÍ,SÍ,SÍ,SÍ,NO,SÍ,NO,NO,SÍ,SÍ,SÍ,SÍ,SÍ,SÍ,SÍ,SÍ,NO,SÍ,SÍ,SÍ,SÍ,SÍ,SÍ,SÍ,SÍ,SÍ,Excelente servicio. La sucursal está operando en óptimas condiciones.,
2026-04-19 18:01:05,19/04/2026,Sucursal Carretera,Guatemala,Distrito Metro,SÍ,NO,NO,NO,NO,SÍ,NO,NO,NO,SÍ,SÍ,NO,NO,NO,SÍ,NO,NO,NO,SÍ,SÍ,SÍ,SÍ,SÍ,NO,SÍ,SÍ,NO,SÍ,NO,SÍ,NO,SÍ,SÍ,NO,SÍ,NO,SÍ,SÍ,NO,SÍ,"Se notaron deficiencias considerables, especialmente en Cobro. El personal necesita capacitación.",
2026-04-26 08:39:39,26/04/2026,Sucursal Zonal,Guatemala,Distrito Metro,SÍ,SÍ,SÍ,SÍ,SÍ,NO,SÍ,SÍ,SÍ,SÍ,NO,SÍ,SÍ,SÍ,NO,SÍ,SÍ,SÍ,SÍ,SÍ,NO,NO,SÍ,SÍ,SÍ,SÍ,SÍ,SÍ,SÍ,SÍ,NO,SÍ,SÍ,SÍ,SÍ,SÍ,SÍ,SÍ,SÍ,SÍ,,
2026-04-11 17:35:28,11/04/2026,Sucursal Express,Guatemala,Distrito Metro,SÍ,SÍ,SÍ,SÍ,NO,SÍ,SÍ,NO,SÍ,NO,NO,SÍ,NO,SÍ,SÍ,SÍ,SÍ,NO,SÍ,SÍ,NO,NO,SÍ,SÍ,NO,NO,NO,SÍ,NO,NO,NO,SÍ,NO,SÍ,SÍ,SÍ,SÍ,SÍ,SÍ,NO,,
2026-04-24 12:30:53,24/04/2026,Sucursal San Miguel,Guatemala,Distrito Metro,SÍ,SÍ,SÍ,SÍ,NO,NO,SÍ,NO,SÍ,NO,SÍ,SÍ,SÍ,SÍ,SÍ,NO,NO,SÍ,SÍ,SÍ,NO,SÍ,SÍ,SÍ,SÍ,SÍ,SÍ,SÍ,SÍ,SÍ,SÍ,SÍ,NO,NO,NO,SÍ,NO,SÍ,SÍ,SÍ,"Visita dentro del promedio, con áreas de oportunidad.",
2026-04-24 18:17:31,24/04/2026,Sucursal Villa Nueva,Guatemala,Distrito Metro,NO,SÍ,NO,SÍ,SÍ,SÍ,SÍ,SÍ,SÍ,NO,NO,SÍ,SÍ,NO,SÍ,NO,SÍ,SÍ,SÍ,NO,SÍ,SÍ,NO,SÍ,NO,SÍ,NO,SÍ,NO,SÍ,SÍ,SÍ,NO,SÍ,SÍ,NO,SÍ,NO,SÍ,SÍ,,
2026-04-25 11:52:48,25/04/2026,Sucursal Petapa,Guatemala,Distrito Metro,SÍ,SÍ,SÍ,SÍ,SÍ,NO,SÍ,SÍ,SÍ,NO,SÍ,NO,SÍ,SÍ,SÍ,SÍ,NO,SÍ,NO,SÍ,SÍ,NO,SÍ,NO,SÍ,NO,NO,NO,NO,NO,SÍ,SÍ,SÍ,SÍ,NO,SÍ,SÍ,NO,SÍ,SÍ,"Visita dentro del promedio, con áreas de oportunidad.",
2026-04-06 14:45:37,06/04/2026,Sucursal Mixco,Guatemala,Distrito Metro,NO,SÍ,NO,NO,SÍ,NO,NO,SÍ,SÍ,NO,NO,NO,SÍ,NO,SÍ,SÍ,NO,NO,SÍ,NO,NO,NO,NO,SÍ,NO,SÍ,SÍ,NO,SÍ,SÍ,NO,SÍ,SÍ,SÍ,SÍ,SÍ,SÍ,SÍ,SÍ,NO,"Se notaron deficiencias considerables, especialmente en Cobro. El personal necesita capacitación.",Incidencia grave en Cobro: Condiciones inaceptables de servicio o infraestructura.
2026-04-09 17:27:49,09/04/2026,Sucursal San José,Guatemala,Distrito Metro,SÍ,NO,SÍ,SÍ,SÍ,SÍ,SÍ,SÍ,NO,NO,NO,SÍ,SÍ,SÍ,NO,SÍ,SÍ,SÍ,SÍ,SÍ,SÍ,NO,SÍ,SÍ,SÍ,SÍ,SÍ,SÍ,NO,SÍ,SÍ,SÍ,SÍ,NO,SÍ,SÍ,SÍ,SÍ,SÍ,SÍ,,
2026-04-21 09:47:28,21/04/2026,Sucursal Santa Catarina,Guatemala,Distrito Metro,SÍ,SÍ,NO,SÍ,NO,SÍ,SÍ,SÍ,NO,NO,SÍ,NO,SÍ,SÍ,SÍ,SÍ,SÍ,NO,NO,NO,NO,NO,SÍ,SÍ,SÍ,SÍ,SÍ,SÍ,SÍ,SÍ,SÍ,SÍ,SÍ,NO,NO,NO,NO,SÍ,SÍ,SÍ,"Visita dentro del promedio, con áreas de oportunidad.",
2026-04-06 12:55:41,06/04/2026,Sucursal Pinula,Guatemala,Distrito Metro,NO,NO,NO,NO,NO,NO,NO,NO,SÍ,NO,SÍ,SÍ,SÍ,NO,NO,SÍ,NO,NO,NO,SÍ,SÍ,NO,SÍ,NO,NO,NO,NO,SÍ,NO,SÍ,NO,SÍ,SÍ,SÍ,NO,SÍ,NO,SÍ,SÍ,SÍ,"Se notaron deficiencias considerables, especialmente en Cobro. El personal necesita capacitación.",
2026-04-01 10:32:25,01/04/2026,Sucursal Boca del Monte,Guatemala,Distrito Metro,SÍ,SÍ,SÍ,SÍ,NO,SÍ,NO,NO,SÍ,NO,SÍ,SÍ,NO,SÍ,NO,NO,SÍ,SÍ,SÍ,NO,SÍ,NO,NO,SÍ,NO,SÍ,NO,SÍ,NO,SÍ,NO,NO,SÍ,SÍ,SÍ,NO,SÍ,SÍ,SÍ,SÍ,"Se notaron deficiencias considerables, especialmente en Cobro. El personal necesita capacitación.",Incidencia grave en Cobro: Condiciones inaceptables de servicio o infraestructura.
2026-04-26 10:38:06,26/04/2026,Sucursal Atlántico,Guatemala,Distrito Metro,SÍ,SÍ,SÍ,SÍ,SÍ,SÍ,NO,NO,SÍ,NO,NO,SÍ,SÍ,NO,SÍ,NO,SÍ,SÍ,NO,SÍ,SÍ,NO,SÍ,SÍ,SÍ,SÍ,SÍ,SÍ,SÍ,SÍ,SÍ,NO,SÍ,SÍ,SÍ,SÍ,SÍ,SÍ,SÍ,SÍ,,
2026-04-20 17:27:15,20/04/2026,Sucursal Pacífico,Guatemala,Distrito Metro,SÍ,SÍ,SÍ,SÍ,SÍ,SÍ,SÍ,NO,SÍ,SÍ,NO,SÍ,SÍ,SÍ,SÍ,SÍ,SÍ,SÍ,NO,SÍ,SÍ,NO,SÍ,NO,SÍ,SÍ,SÍ,SÍ,SÍ,SÍ,SÍ,SÍ,SÍ,SÍ,NO,SÍ,SÍ,SÍ,NO,SÍ,,
2026-04-20 09:16:51,20/04/2026,Sucursal Aguilar Batres,Guatemala,Distrito Metro,SÍ,SÍ,SÍ,SÍ,SÍ,SÍ,SÍ,SÍ,NO,NO,SÍ,SÍ,SÍ,SÍ,NO,NO,SÍ,SÍ,NO,NO,NO,NO,SÍ,SÍ,SÍ,SÍ,SÍ,SÍ,SÍ,SÍ,SÍ,SÍ,NO,NO,NO,NO,NO,SÍ,NO,SÍ,"Visita dentro del promedio, con áreas de oportunidad.",
2026-04-15 13:20:41,15/04/2026,Sucursal Avenida,Guatemala,Distrito Metro,SÍ,SÍ,SÍ,SÍ,SÍ,SÍ,SÍ,NO,SÍ,SÍ,NO,SÍ,SÍ,SÍ,SÍ,NO,SÍ,SÍ,NO,SÍ,SÍ,NO,SÍ,SÍ,SÍ,NO,NO,SÍ,SÍ,SÍ,SÍ,SÍ,SÍ,SÍ,SÍ,NO,SÍ,SÍ,SÍ,SÍ,,
2026-04-13 13:05:32,13/04/2026,Sucursal Boulevard,Guatemala,Distrito Metro,SÍ,SÍ,SÍ,NO,NO,SÍ,SÍ,SÍ,SÍ,NO,NO,SÍ,SÍ,SÍ,SÍ,SÍ,SÍ,SÍ,NO,SÍ,NO,NO,SÍ,SÍ,NO,SÍ,NO,SÍ,NO,SÍ,SÍ,NO,NO,SÍ,NO,SÍ,NO,SÍ,SÍ,SÍ,,
2026-04-17 14:04:27,17/04/2026,Sucursal Quetzaltenango Norte,Quetzaltenango,Distrito Occidente,SÍ,SÍ,SÍ,SÍ,SÍ,SÍ,NO,NO,NO,NO,SÍ,SÍ,SÍ,SÍ,SÍ,NO,NO,NO,NO,SÍ,SÍ,SÍ,NO,SÍ,SÍ,SÍ,NO,SÍ,SÍ,NO,SÍ,SÍ,NO,SÍ,NO,SÍ,SÍ,NO,NO,NO,"Visita dentro del promedio, con áreas de oportunidad.",
2026-04-20 08:25:35,20/04/2026,Sucursal Terminal Quet,Quetzaltenango,Distrito Occidente,SÍ,NO,SÍ,NO,SÍ,SÍ,SÍ,SÍ,SÍ,NO,NO,SÍ,SÍ,SÍ,SÍ,SÍ,SÍ,SÍ,NO,SÍ,SÍ,SÍ,SÍ,SÍ,SÍ,SÍ,SÍ,SÍ,SÍ,SÍ,SÍ,SÍ,SÍ,SÍ,SÍ,SÍ,SÍ,SÍ,NO,SÍ,Excelente servicio. La sucursal está operando en óptimas condiciones.,
2026-04-07 10:55:20,07/04/2026,Sucursal Quetzaltenango Centro,Quetzaltenango,Distrito Occidente,SÍ,SÍ,SÍ,SÍ,SÍ,SÍ,SÍ,SÍ,SÍ,SÍ,NO,SÍ,SÍ,SÍ,SÍ,SÍ,SÍ,SÍ,NO,SÍ,SÍ,NO,SÍ,SÍ,SÍ,NO,SÍ,SÍ,SÍ,SÍ,SÍ,NO,SÍ,NO,SÍ,SÍ,SÍ,NO,SÍ,SÍ,,
2026-04-26 11:12:00,26/04/2026,Sucursal Llanos Quet,Quetzaltenango,Distrito Occidente,SÍ,NO,SÍ,NO,SÍ,SÍ,SÍ,SÍ,SÍ,NO,NO,NO,SÍ,NO,NO,SÍ,SÍ,NO,NO,NO,SÍ,NO,SÍ,SÍ,SÍ,NO,SÍ,SÍ,SÍ,SÍ,SÍ,SÍ,SÍ,SÍ,SÍ,SÍ,NO,SÍ,SÍ,NO,,
2026-04-08 09:30:48,08/04/2026,Sucursal Quetzaltenango Norte,Quetzaltenango,Distrito Occidente,SÍ,NO,SÍ,NO,NO,SÍ,SÍ,SÍ,NO,NO,SÍ,SÍ,SÍ,SÍ,NO,NO,SÍ,SÍ,NO,SÍ,SÍ,NO,NO,NO,SÍ,SÍ,NO,SÍ,SÍ,NO,SÍ,SÍ,NO,SÍ,SÍ,SÍ,SÍ,NO,SÍ,SÍ,,
2026-04-22 10:07:24,22/04/2026,Sucursal Sur Quet,Quetzaltenango,Distrito Occidente,SÍ,SÍ,NO,NO,SÍ,SÍ,SÍ,NO,SÍ,SÍ,SÍ,SÍ,SÍ,SÍ,SÍ,SÍ,NO,SÍ,NO,SÍ,NO,SÍ,SÍ,SÍ,NO,SÍ,SÍ,SÍ,NO,SÍ,NO,SÍ,SÍ,SÍ,SÍ,SÍ,SÍ,NO,NO,SÍ,,
2026-04-26 09:47:05,26/04/2026,Sucursal Escuintla Centro,Escuintla,Distrito Sur,SÍ,SÍ,SÍ,SÍ,SÍ,SÍ,SÍ,SÍ,SÍ,NO,NO,SÍ,SÍ,SÍ,SÍ,SÍ,SÍ,SÍ,NO,SÍ,SÍ,NO,SÍ,SÍ,SÍ,SÍ,SÍ,SÍ,SÍ,SÍ,SÍ,SÍ,SÍ,SÍ,SÍ,SÍ,SÍ,SÍ,SÍ,SÍ,Excelente servicio. La sucursal está operando en óptimas condiciones.,
2026-04-10 09:46:56,10/04/2026,Sucursal Mercado Escu,Escuintla,Distrito Sur,SÍ,SÍ,NO,SÍ,SÍ,SÍ,SÍ,SÍ,SÍ,NO,NO,SÍ,SÍ,SÍ,SÍ,SÍ,SÍ,SÍ,NO,SÍ,SÍ,NO,SÍ,SÍ,SÍ,SÍ,SÍ,SÍ,SÍ,NO,SÍ,SÍ,SÍ,SÍ,NO,SÍ,SÍ,NO,SÍ,SÍ,"Visita dentro del promedio, con áreas de oportunidad.",
2026-04-03 11:55:10,03/04/2026,Sucursal Escuintla Norte,Escuintla,Distrito Sur,NO,NO,NO,SÍ,SÍ,SÍ,NO,SÍ,NO,NO,SÍ,SÍ,NO,NO,SÍ,SÍ,SÍ,NO,SÍ,SÍ,SÍ,NO,NO,NO,SÍ,NO,SÍ,SÍ,SÍ,SÍ,SÍ,SÍ,SÍ,NO,SÍ,SÍ,SÍ,SÍ,SÍ,SÍ,,
2026-04-13 11:16:32,13/04/2026,Sucursal Occidente Escu,Escuintla,Distrito Sur,SÍ,NO,SÍ,SÍ,SÍ,NO,NO,SÍ,SÍ,NO,SÍ,SÍ,NO,NO,SÍ,SÍ,SÍ,SÍ,NO,SÍ,SÍ,NO,SÍ,NO,SÍ,NO,SÍ,SÍ,SÍ,SÍ,SÍ,SÍ,SÍ,NO,NO,SÍ,SÍ,SÍ,SÍ,SÍ,,
2026-04-17 09:16:14,17/04/2026,Sucursal Escuintla Norte,Escuintla,Distrito Sur,SÍ,SÍ,SÍ,SÍ,SÍ,SÍ,SÍ,SÍ,NO,SÍ,NO,SÍ,SÍ,SÍ,SÍ,SÍ,SÍ,SÍ,SÍ,SÍ,NO,NO,SÍ,SÍ,SÍ,SÍ,SÍ,SÍ,SÍ,SÍ,SÍ,SÍ,SÍ,SÍ,SÍ,SÍ,SÍ,NO,SÍ,SÍ,,
2026-04-24 08:11:37,24/04/2026,Sucursal Norte Escu,Escuintla,Distrito Sur,SÍ,SÍ,SÍ,SÍ,SÍ,SÍ,SÍ,NO,NO,NO,SÍ,SÍ,SÍ,NO,SÍ,SÍ,SÍ,NO,NO,SÍ,NO,NO,SÍ,SÍ,SÍ,SÍ,NO,SÍ,SÍ,SÍ,SÍ,SÍ,NO,NO,NO,SÍ,SÍ,SÍ,NO,SÍ,"Visita dentro del promedio, con áreas de oportunidad.",
2026-04-26 08:43:44,26/04/2026,Sucursal Sacatepéquez Norte,Sacatepéquez,Distrito Central,SÍ,SÍ,SÍ,SÍ,SÍ,NO,SÍ,NO,SÍ,SÍ,SÍ,NO,SÍ,SÍ,SÍ,SÍ,NO,SÍ,NO,SÍ,NO,NO,SÍ,SÍ,NO,SÍ,SÍ,SÍ,NO,SÍ,NO,SÍ,SÍ,SÍ,NO,NO,SÍ,NO,NO,SÍ,,
2026-04-08 11:48:28,08/04/2026,Sucursal Central Saca,Sacatepéquez,Distrito Central,SÍ,SÍ,SÍ,SÍ,NO,SÍ,SÍ,SÍ,NO,NO,SÍ,SÍ,SÍ,NO,SÍ,NO,SÍ,SÍ,NO,SÍ,NO,NO,SÍ,SÍ,SÍ,SÍ,SÍ,SÍ,SÍ,NO,SÍ,SÍ,SÍ,NO,NO,NO,SÍ,NO,SÍ,SÍ,,
2026-04-07 13:26:02,07/04/2026,Sucursal Sacatepéquez Centro,Sacatepéquez,Distrito Central,SÍ,SÍ,SÍ,SÍ,SÍ,SÍ,SÍ,SÍ,SÍ,NO,NO,SÍ,SÍ,SÍ,SÍ,SÍ,SÍ,SÍ,NO,SÍ,SÍ,NO,SÍ,SÍ,NO,NO,NO,NO,NO,NO,SÍ,SÍ,SÍ,SÍ,SÍ,SÍ,SÍ,SÍ,SÍ,SÍ,,
2026-04-21 18:08:08,21/04/2026,Sucursal Terminal Saca,Sacatepéquez,Distrito Central,SÍ,NO,SÍ,SÍ,NO,SÍ,NO,SÍ,NO,NO,NO,SÍ,SÍ,SÍ,NO,SÍ,SÍ,SÍ,NO,SÍ,SÍ,SÍ,SÍ,NO,SÍ,SÍ,NO,SÍ,NO,SÍ,NO,SÍ,SÍ,SÍ,SÍ,SÍ,SÍ,SÍ,SÍ,SÍ,,
2026-04-17 10:26:36,17/04/2026,Sucursal Sacatepéquez Norte,Sacatepéquez,Distrito Central,SÍ,SÍ,SÍ,SÍ,SÍ,SÍ,SÍ,SÍ,NO,SÍ,NO,SÍ,SÍ,SÍ,NO,SÍ,NO,SÍ,NO,SÍ,SÍ,NO,SÍ,SÍ,SÍ,SÍ,SÍ,SÍ,SÍ,SÍ,NO,NO,SÍ,SÍ,SÍ,SÍ,NO,SÍ,SÍ,NO,,
2026-04-03 13:05:23,03/04/2026,Sucursal Avenida Chim,Chimaltenango,Distrito Central,SÍ,NO,SÍ,NO,SÍ,SÍ,SÍ,NO,SÍ,NO,SÍ,SÍ,SÍ,SÍ,SÍ,SÍ,NO,SÍ,NO,SÍ,NO,SÍ,NO,SÍ,NO,SÍ,SÍ,SÍ,SÍ,NO,NO,NO,SÍ,SÍ,NO,SÍ,SÍ,SÍ,SÍ,NO,"Visita dentro del promedio, con áreas de oportunidad.",
2026-04-21 14:20:57,21/04/2026,Sucursal Chimaltenango Centro,Chimaltenango,Distrito Central,SÍ,NO,NO,NO,NO,NO,SÍ,SÍ,NO,SÍ,SÍ,NO,NO,SÍ,SÍ,SÍ,NO,NO,NO,NO,NO,NO,SÍ,NO,SÍ,SÍ,NO,SÍ,NO,NO,NO,SÍ,SÍ,SÍ,NO,SÍ,SÍ,NO,SÍ,SÍ,"Se notaron deficiencias considerables, especialmente en Cobro. El personal necesita capacitación.",
2026-04-21 17:41:13,21/04/2026,Sucursal Plaza Chim,Chimaltenango,Distrito Central,SÍ,SÍ,NO,SÍ,SÍ,SÍ,SÍ,NO,SÍ,SÍ,SÍ,SÍ,NO,SÍ,SÍ,NO,SÍ,NO,SÍ,SÍ,NO,SÍ,SÍ,NO,SÍ,NO,NO,SÍ,SÍ,NO,NO,SÍ,SÍ,NO,NO,SÍ,SÍ,SÍ,NO,NO,"Se notaron deficiencias considerables, especialmente en Cobro. El personal necesita capacitación.",
2026-04-06 17:22:04,06/04/2026,Sucursal Chimaltenango Plaza,Chimaltenango,Distrito Central,SÍ,SÍ,SÍ,NO,SÍ,SÍ,SÍ,SÍ,SÍ,NO,SÍ,SÍ,SÍ,SÍ,SÍ,SÍ,SÍ,SÍ,NO,NO,SÍ,NO,SÍ,SÍ,SÍ,SÍ,SÍ,NO,SÍ,SÍ,NO,SÍ,SÍ,SÍ,SÍ,SÍ,SÍ,SÍ,SÍ,SÍ,,
2026-04-03 18:06:16,03/04/2026,Sucursal Avenida Alta,Alta Verapaz,Distrito Norte,NO,NO,SÍ,SÍ,NO,SÍ,SÍ,SÍ,SÍ,NO,NO,SÍ,SÍ,SÍ,SÍ,SÍ,SÍ,SÍ,NO,SÍ,NO,NO,NO,SÍ,SÍ,SÍ,NO,SÍ,SÍ,SÍ,SÍ,SÍ,SÍ,SÍ,NO,SÍ,SÍ,NO,SÍ,SÍ,,
2026-04-26 14:38:35,26/04/2026,Sucursal Alta Verapaz Plaza,Alta Verapaz,Distrito Norte,SÍ,SÍ,NO,SÍ,SÍ,SÍ,SÍ,SÍ,SÍ,NO,NO,SÍ,SÍ,NO,SÍ,SÍ,SÍ,SÍ,SÍ,SÍ,SÍ,NO,SÍ,SÍ,SÍ,NO,SÍ,SÍ,NO,SÍ,SÍ,SÍ,SÍ,SÍ,NO,SÍ,SÍ,SÍ,SÍ,SÍ,,
2026-04-06 18:13:45,06/04/2026,Sucursal Express Alta,Alta Verapaz,Distrito Norte,SÍ,SÍ,NO,SÍ,SÍ,SÍ,NO,NO,SÍ,NO,NO,SÍ,SÍ,NO,NO,NO,SÍ,NO,NO,SÍ,SÍ,NO,NO,SÍ,NO,NO,NO,NO,NO,SÍ,SÍ,SÍ,SÍ,SÍ,NO,SÍ,SÍ,SÍ,NO,NO,"Visita dentro del promedio, con áreas de oportunidad.",
2026-04-07 16:19:52,07/04/2026,Sucursal Alta Verapaz Centro,Alta Verapaz,Distrito Norte,SÍ,SÍ,NO,SÍ,SÍ,SÍ,SÍ,SÍ,NO,NO,SÍ,SÍ,SÍ,SÍ,NO,NO,SÍ,SÍ,SÍ,SÍ,SÍ,NO,SÍ,SÍ,SÍ,SÍ,SÍ,NO,NO,SÍ,SÍ,SÍ,NO,SÍ,NO,NO,NO,SÍ,NO,SÍ,,
2026-04-17 11:28:20,17/04/2026,Sucursal Centro Peté,Petén,Distrito Norte,SÍ,NO,NO,SÍ,NO,SÍ,NO,NO,NO,SÍ,SÍ,NO,NO,SÍ,SÍ,NO,NO,SÍ,SÍ,NO,NO,NO,SÍ,NO,NO,SÍ,NO,NO,NO,NO,SÍ,NO,NO,SÍ,NO,SÍ,NO,NO,SÍ,NO,"Se notaron deficiencias considerables, especialmente en Cobro. El personal necesita capacitación.",
2026-04-05 12:24:17,05/04/2026,Sucursal Petén Plaza,Petén,Distrito Norte,NO,NO,SÍ,SÍ,SÍ,SÍ,NO,NO,SÍ,SÍ,NO,SÍ,SÍ,SÍ,SÍ,SÍ,NO,SÍ,SÍ,NO,SÍ,NO,NO,NO,NO,SÍ,NO,SÍ,NO,SÍ,NO,SÍ,NO,NO,NO,NO,SÍ,NO,SÍ,NO,"Se notaron deficiencias considerables, especialmente en Cobro. El personal necesita capacitación.",
2026-04-25 13:30:17,25/04/2026,Sucursal Avenida Peté,Petén,Distrito Norte,SÍ,SÍ,SÍ,SÍ,SÍ,SÍ,NO,SÍ,SÍ,NO,SÍ,NO,SÍ,NO,SÍ,SÍ,SÍ,NO,SÍ,NO,SÍ,NO,SÍ,NO,SÍ,SÍ,SÍ,SÍ,NO,SÍ,SÍ,SÍ,SÍ,SÍ,SÍ,SÍ,SÍ,SÍ,SÍ,NO,,
2026-04-12 17:25:46,12/04/2026,Sucursal Izabal Centro,Izabal,Distrito Oriente,NO,SÍ,SÍ,NO,SÍ,SÍ,SÍ,SÍ,SÍ,NO,SÍ,SÍ,NO,NO,NO,NO,SÍ,SÍ,SÍ,SÍ,SÍ,SÍ,SÍ,SÍ,SÍ,SÍ,SÍ,SÍ,SÍ,SÍ,SÍ,SÍ,SÍ,SÍ,SÍ,SÍ,SÍ,SÍ,SÍ,NO,,
2026-04-18 09:51:05,18/04/2026,Sucursal Express Izab,Izabal,Distrito Oriente,SÍ,SÍ,SÍ,SÍ,SÍ,SÍ,SÍ,SÍ,SÍ,NO,NO,SÍ,SÍ,SÍ,SÍ,SÍ,SÍ,SÍ,NO,SÍ,SÍ,NO,SÍ,SÍ,SÍ,SÍ,NO,SÍ,SÍ,SÍ,SÍ,SÍ,SÍ,SÍ,SÍ,SÍ,SÍ,SÍ,SÍ,SÍ,Excelente servicio. La sucursal está operando en óptimas condiciones.,
2026-04-12 18:00:53,12/04/2026,Sucursal Izabal Centro,Izabal,Distrito Oriente,SÍ,SÍ,SÍ,NO,SÍ,SÍ,SÍ,SÍ,NO,SÍ,NO,NO,SÍ,SÍ,NO,SÍ,SÍ,NO,SÍ,NO,NO,SÍ,SÍ,NO,NO,NO,NO,SÍ,NO,NO,NO,NO,NO,SÍ,NO,SÍ,NO,SÍ,NO,NO,"Se notaron deficiencias considerables, especialmente en Cobro. El personal necesita capacitación.",Incidencia grave en Cobro: Condiciones inaceptables de servicio o infraestructura.
2026-04-09 10:21:53,09/04/2026,Sucursal Centro San ,San Marcos,Distrito Occidente,SÍ,SÍ,SÍ,SÍ,SÍ,SÍ,SÍ,SÍ,SÍ,NO,NO,SÍ,NO,SÍ,SÍ,SÍ,SÍ,SÍ,NO,SÍ,NO,NO,SÍ,SÍ,SÍ,SÍ,SÍ,SÍ,SÍ,SÍ,SÍ,SÍ,SÍ,SÍ,SÍ,SÍ,NO,SÍ,SÍ,SÍ,Excelente servicio. La sucursal está operando en óptimas condiciones.,
2026-04-15 14:15:25,15/04/2026,Sucursal San Marcos Norte,San Marcos,Distrito Occidente,SÍ,SÍ,SÍ,NO,NO,NO,SÍ,NO,SÍ,NO,SÍ,SÍ,NO,NO,NO,NO,SÍ,NO,NO,NO,SÍ,NO,SÍ,NO,SÍ,SÍ,NO,SÍ,NO,SÍ,SÍ,NO,NO,SÍ,NO,NO,SÍ,NO,SÍ,NO,"Se notaron deficiencias considerables, especialmente en Cobro. El personal necesita capacitación.",
2026-04-01 17:34:38,01/04/2026,Sucursal Central San ,San Marcos,Distrito Occidente,NO,NO,SÍ,SÍ,NO,SÍ,SÍ,NO,NO,SÍ,NO,SÍ,SÍ,NO,NO,SÍ,NO,NO,SÍ,SÍ,NO,NO,NO,SÍ,NO,SÍ,NO,SÍ,SÍ,SÍ,SÍ,SÍ,SÍ,SÍ,NO,SÍ,NO,NO,SÍ,SÍ,"Se notaron deficiencias considerables, especialmente en Cobro. El personal necesita capacitación.",Incidencia grave en Cobro: Condiciones inaceptables de servicio o infraestructura.
2026-04-09 15:22:19,09/04/2026,Sucursal Huehuetenango Norte,Huehuetenango,Distrito Occidente,SÍ,SÍ,SÍ,SÍ,NO,SÍ,SÍ,SÍ,SÍ,NO,NO,SÍ,SÍ,SÍ,SÍ,NO,SÍ,SÍ,NO,SÍ,NO,NO,SÍ,NO,NO,SÍ,NO,SÍ,NO,SÍ,SÍ,SÍ,SÍ,SÍ,SÍ,NO,SÍ,SÍ,SÍ,SÍ,,
2026-04-20 14:54:49,20/04/2026,Sucursal Occidente Hueh,Huehuetenango,Distrito Occidente,SÍ,SÍ,SÍ,SÍ,SÍ,SÍ,SÍ,NO,SÍ,SÍ,NO,SÍ,NO,SÍ,SÍ,SÍ,SÍ,NO,SÍ,SÍ,SÍ,NO,SÍ,SÍ,NO,SÍ,SÍ,SÍ,SÍ,NO,SÍ,NO,NO,SÍ,SÍ,SÍ,SÍ,NO,SÍ,SÍ,,
2026-04-18 10:48:02,18/04/2026,Sucursal Huehuetenango Norte,Huehuetenango,Distrito Occidente,SÍ,SÍ,SÍ,SÍ,SÍ,SÍ,SÍ,SÍ,SÍ,NO,NO,SÍ,SÍ,NO,SÍ,SÍ,SÍ,SÍ,NO,SÍ,SÍ,NO,NO,SÍ,NO,SÍ,NO,SÍ,NO,SÍ,SÍ,SÍ,SÍ,SÍ,SÍ,SÍ,NO,SÍ,SÍ,SÍ,,
2026-04-15 13:42:36,15/04/2026,Sucursal Brisas Juti,Jutiapa,Distrito Oriente,SÍ,NO,SÍ,NO,SÍ,SÍ,NO,SÍ,SÍ,NO,NO,SÍ,NO,SÍ,SÍ,SÍ,SÍ,SÍ,NO,SÍ,NO,NO,SÍ,SÍ,NO,NO,SÍ,SÍ,NO,NO,NO,NO,SÍ,SÍ,NO,NO,NO,SÍ,NO,SÍ,,
2026-04-05 13:46:58,05/04/2026,Sucursal Jutiapa Plaza,Jutiapa,Distrito Oriente,NO,SÍ,SÍ,SÍ,SÍ,SÍ,SÍ,SÍ,SÍ,NO,NO,SÍ,SÍ,SÍ,SÍ,SÍ,SÍ,SÍ,NO,SÍ,SÍ,NO,NO,NO,SÍ,SÍ,SÍ,SÍ,SÍ,SÍ,SÍ,SÍ,SÍ,NO,SÍ,SÍ,SÍ,SÍ,SÍ,SÍ,Excelente servicio. La sucursal está operando en óptimas condiciones.,
2026-04-21 14:30:43,21/04/2026,Sucursal Llanos Zaca,Zacapa,Distrito Oriente,NO,NO,NO,SÍ,SÍ,SÍ,SÍ,SÍ,NO,NO,SÍ,SÍ,SÍ,SÍ,SÍ,NO,SÍ,NO,NO,SÍ,SÍ,NO,NO,SÍ,SÍ,SÍ,SÍ,SÍ,SÍ,SÍ,SÍ,NO,SÍ,NO,SÍ,SÍ,SÍ,SÍ,SÍ,SÍ,,
2026-04-02 12:19:56,02/04/2026,Sucursal Zacapa Plaza,Zacapa,Distrito Oriente,SÍ,SÍ,SÍ,SÍ,NO,SÍ,SÍ,NO,NO,NO,NO,SÍ,SÍ,SÍ,SÍ,SÍ,SÍ,SÍ,NO,SÍ,SÍ,NO,SÍ,NO,SÍ,SÍ,SÍ,SÍ,SÍ,SÍ,SÍ,SÍ,SÍ,SÍ,SÍ,SÍ,SÍ,SÍ,SÍ,SÍ,,
2026-04-16 17:32:14,16/04/2026,Sucursal Parque Reta,Retalhuleu,Distrito Sur,SÍ,SÍ,SÍ,SÍ,SÍ,NO,NO,SÍ,SÍ,SÍ,NO,SÍ,NO,SÍ,SÍ,NO,NO,NO,NO,NO,NO,NO,SÍ,SÍ,SÍ,SÍ,SÍ,SÍ,SÍ,SÍ,SÍ,NO,SÍ,SÍ,NO,SÍ,SÍ,SÍ,SÍ,SÍ,,
2026-04-23 10:33:20,23/04/2026,Sucursal Retalhuleu Norte,Retalhuleu,Distrito Sur,SÍ,SÍ,SÍ,SÍ,NO,SÍ,SÍ,SÍ,NO,NO,SÍ,SÍ,SÍ,SÍ,NO,NO,SÍ,SÍ,NO,SÍ,NO,NO,SÍ,SÍ,SÍ,SÍ,SÍ,SÍ,SÍ,SÍ,SÍ,SÍ,NO,NO,SÍ,NO,NO,SÍ,SÍ,SÍ,,
2026-04-08 14:46:36,08/04/2026,Sucursal Terminal Such,Suchitepéquez,Distrito Sur,SÍ,SÍ,SÍ,SÍ,SÍ,SÍ,SÍ,NO,SÍ,NO,NO,NO,SÍ,NO,SÍ,SÍ,SÍ,SÍ,NO,NO,SÍ,NO,SÍ,SÍ,SÍ,SÍ,NO,SÍ,SÍ,SÍ,SÍ,SÍ,SÍ,SÍ,SÍ,SÍ,SÍ,SÍ,NO,SÍ,,
2026-04-26 18:14:39,26/04/2026,Sucursal Suchitepéquez Centro,Suchitepéquez,Distrito Sur,SÍ,SÍ,NO,NO,SÍ,SÍ,NO,SÍ,SÍ,NO,NO,NO,NO,SÍ,SÍ,NO,NO,NO,NO,SÍ,SÍ,SÍ,SÍ,NO,SÍ,SÍ,NO,SÍ,SÍ,SÍ,SÍ,NO,NO,NO,SÍ,NO,SÍ,NO,SÍ,SÍ,,
2026-04-01 10:39:31,01/04/2026,Sucursal Parque Sant,Santa Rosa,Distrito Sur,SÍ,SÍ,SÍ,SÍ,SÍ,SÍ,SÍ,SÍ,SÍ,NO,NO,SÍ,SÍ,SÍ,SÍ,SÍ,SÍ,SÍ,SÍ,SÍ,NO,NO,SÍ,SÍ,NO,NO,NO,NO,NO,NO,SÍ,SÍ,SÍ,SÍ,NO,SÍ,SÍ,NO,NO,SÍ,,
2026-04-19 14:48:24,19/04/2026,Sucursal Santa Rosa Centro,Santa Rosa,Distrito Sur,SÍ,SÍ,SÍ,NO,SÍ,SÍ,SÍ,NO,SÍ,NO,SÍ,SÍ,SÍ,SÍ,SÍ,SÍ,SÍ,SÍ,NO,SÍ,SÍ,NO,SÍ,SÍ,SÍ,SÍ,SÍ,SÍ,SÍ,SÍ,SÍ,SÍ,SÍ,NO,SÍ,SÍ,SÍ,SÍ,SÍ,SÍ,Excelente servicio. La sucursal está operando en óptimas condiciones.,
2026-04-09 09:22:32,09/04/2026,Sucursal Parque El P,El Progreso,Distrito Oriente,SÍ,SÍ,SÍ,NO,SÍ,SÍ,NO,SÍ,SÍ,NO,NO,SÍ,SÍ,NO,SÍ,SÍ,SÍ,SÍ,NO,SÍ,NO,SÍ,SÍ,SÍ,SÍ,SÍ,SÍ,SÍ,SÍ,SÍ,SÍ,SÍ,SÍ,NO,SÍ,SÍ,SÍ,NO,SÍ,SÍ,"Visita dentro del promedio, con áreas de oportunidad.",
2026-04-09 18:15:24,09/04/2026,Sucursal El Progreso Norte,El Progreso,Distrito Oriente,SÍ,SÍ,SÍ,SÍ,SÍ,SÍ,SÍ,SÍ,SÍ,NO,NO,SÍ,SÍ,SÍ,SÍ,SÍ,SÍ,SÍ,NO,SÍ,NO,NO,SÍ,SÍ,SÍ,SÍ,SÍ,SÍ,SÍ,SÍ,SÍ,SÍ,SÍ,SÍ,SÍ,SÍ,SÍ,SÍ,SÍ,SÍ,Excelente servicio. La sucursal está operando en óptimas condiciones.,
2026-04-12 16:45:36,12/04/2026,Sucursal Mercado Chiq,Chiquimula,Distrito Oriente,SÍ,SÍ,SÍ,SÍ,SÍ,SÍ,SÍ,SÍ,SÍ,NO,SÍ,SÍ,SÍ,SÍ,SÍ,SÍ,SÍ,NO,SÍ,SÍ,NO,SÍ,NO,SÍ,SÍ,SÍ,SÍ,SÍ,NO,NO,NO,NO,SÍ,SÍ,SÍ,SÍ,NO,NO,SÍ,NO,,
2026-04-06 12:17:07,06/04/2026,Sucursal Chiquimula Centro,Chiquimula,Distrito Oriente,SÍ,SÍ,SÍ,SÍ,SÍ,NO,NO,SÍ,SÍ,NO,SÍ,SÍ,NO,SÍ,SÍ,SÍ,SÍ,NO,NO,SÍ,NO,SÍ,SÍ,NO,SÍ,NO,SÍ,SÍ,SÍ,NO,SÍ,SÍ,SÍ,SÍ,SÍ,SÍ,NO,SÍ,NO,SÍ,,
2026-04-16 13:49:06,16/04/2026,Sucursal Norte Jala,Jalapa,Distrito Oriente,SÍ,SÍ,SÍ,SÍ,SÍ,NO,SÍ,NO,SÍ,NO,NO,NO,SÍ,SÍ,SÍ,SÍ,SÍ,SÍ,NO,SÍ,NO,NO,SÍ,SÍ,SÍ,SÍ,SÍ,SÍ,SÍ,NO,NO,SÍ,SÍ,SÍ,SÍ,NO,SÍ,NO,SÍ,NO,,
2026-04-27 16:35:24,27/04/2026,Sucursal Jalapa Plaza,Jalapa,Distrito Oriente,SÍ,SÍ,SÍ,SÍ,SÍ,SÍ,SÍ,SÍ,SÍ,NO,NO,SÍ,SÍ,SÍ,SÍ,SÍ,SÍ,SÍ,NO,NO,SÍ,NO,SÍ,NO,SÍ,NO,NO,NO,NO,NO,SÍ,SÍ,SÍ,SÍ,NO,SÍ,SÍ,SÍ,SÍ,NO,"Visita dentro del promedio, con áreas de oportunidad.",
2026-04-12 17:00:24,12/04/2026,Sucursal Terminal Solo,Sololá,Distrito Occidente,NO,NO,NO,SÍ,SÍ,SÍ,SÍ,NO,SÍ,NO,NO,NO,NO,SÍ,SÍ,SÍ,SÍ,SÍ,SÍ,SÍ,SÍ,NO,SÍ,SÍ,SÍ,NO,SÍ,SÍ,SÍ,SÍ,SÍ,SÍ,SÍ,NO,SÍ,SÍ,SÍ,SÍ,SÍ,SÍ,,
2026-04-04 12:19:38,04/04/2026,Sucursal Sololá Centro,Sololá,Distrito Occidente,NO,SÍ,SÍ,SÍ,SÍ,SÍ,SÍ,SÍ,SÍ,NO,NO,SÍ,SÍ,SÍ,SÍ,SÍ,SÍ,SÍ,NO,SÍ,SÍ,NO,SÍ,SÍ,SÍ,SÍ,SÍ,SÍ,SÍ,SÍ,SÍ,SÍ,SÍ,SÍ,SÍ,SÍ,SÍ,SÍ,SÍ,SÍ,Excelente servicio. La sucursal está operando en óptimas condiciones.,
2026-04-19 14:19:54,19/04/2026,Sucursal Express Toto,Totonicapán,Distrito Occidente,SÍ,NO,SÍ,SÍ,SÍ,SÍ,NO,SÍ,SÍ,SÍ,NO,SÍ,SÍ,SÍ,SÍ,NO,NO,SÍ,NO,SÍ,SÍ,NO,NO,SÍ,SÍ,SÍ,SÍ,SÍ,SÍ,NO,SÍ,NO,SÍ,NO,SÍ,SÍ,SÍ,NO,NO,SÍ,,
2026-04-21 15:54:06,21/04/2026,Sucursal Totonicapán Plaza,Totonicapán,Distrito Occidente,SÍ,SÍ,SÍ,SÍ,NO,SÍ,SÍ,SÍ,NO,NO,SÍ,SÍ,SÍ,SÍ,SÍ,NO,SÍ,NO,NO,SÍ,NO,NO,SÍ,SÍ,SÍ,SÍ,NO,SÍ,SÍ,SÍ,SÍ,SÍ,SÍ,NO,SÍ,SÍ,SÍ,SÍ,SÍ,SÍ,,
2026-04-13 16:35:00,13/04/2026,Sucursal Plaza Quic,Quiché,Distrito Occidente,SÍ,SÍ,SÍ,SÍ,NO,SÍ,NO,SÍ,SÍ,NO,NO,NO,NO,SÍ,SÍ,NO,SÍ,SÍ,SÍ,SÍ,NO,SÍ,SÍ,SÍ,SÍ,SÍ,SÍ,SÍ,NO,NO,NO,NO,SÍ,SÍ,SÍ,SÍ,SÍ,SÍ,SÍ,NO,,
2026-04-22 09:00:22,22/04/2026,Sucursal Quiché Plaza,Quiché,Distrito Occidente,SÍ,SÍ,SÍ,SÍ,SÍ,NO,SÍ,NO,SÍ,NO,NO,NO,SÍ,NO,SÍ,NO,SÍ,SÍ,NO,SÍ,SÍ,NO,SÍ,SÍ,NO,SÍ,SÍ,SÍ,SÍ,SÍ,SÍ,SÍ,NO,NO,SÍ,SÍ,SÍ,SÍ,SÍ,SÍ,,
2026-04-08 14:52:52,08/04/2026,Sucursal Oriente Baja,Baja Verapaz,Distrito Norte,SÍ,SÍ,SÍ,SÍ,SÍ,SÍ,NO,SÍ,SÍ,NO,NO,NO,SÍ,SÍ,SÍ,SÍ,SÍ,NO,NO,SÍ,SÍ,NO,SÍ,SÍ,SÍ,SÍ,SÍ,SÍ,SÍ,SÍ,SÍ,SÍ,SÍ,SÍ,NO,SÍ,SÍ,SÍ,SÍ,NO,,
2026-05-01 12:00:34,01/05/2026,Sucursal Centro,Guatemala,Distrito Metro,SÍ,SÍ,SÍ,SÍ,SÍ,SÍ,SÍ,SÍ,SÍ,NO,SÍ,SÍ,SÍ,SÍ,SÍ,SÍ,SÍ,SÍ,NO,SÍ,SÍ,NO,SÍ,SÍ,SÍ,SÍ,SÍ,SÍ,SÍ,SÍ,SÍ,SÍ,SÍ,SÍ,SÍ,SÍ,SÍ,SÍ,NO,SÍ,Excelente servicio. La sucursal está operando en óptimas condiciones.,
2026-05-09 10:32:14,09/05/2026,Sucursal Norte,Guatemala,Distrito Metro,NO,NO,SÍ,SÍ,NO,SÍ,SÍ,NO,NO,SÍ,NO,SÍ,NO,SÍ,SÍ,SÍ,SÍ,SÍ,SÍ,SÍ,SÍ,SÍ,NO,SÍ,SÍ,SÍ,NO,NO,SÍ,NO,SÍ,SÍ,SÍ,SÍ,SÍ,SÍ,SÍ,SÍ,SÍ,NO,,
2026-05-18 11:28:30,18/05/2026,Sucursal Sur,Guatemala,Distrito Metro,SÍ,SÍ,SÍ,SÍ,SÍ,SÍ,NO,NO,SÍ,NO,NO,NO,SÍ,SÍ,SÍ,SÍ,SÍ,SÍ,NO,SÍ,SÍ,NO,SÍ,SÍ,SÍ,SÍ,SÍ,SÍ,SÍ,SÍ,NO,SÍ,SÍ,SÍ,SÍ,SÍ,SÍ,SÍ,SÍ,SÍ,Excelente servicio. La sucursal está operando en óptimas condiciones.,
2026-05-03 10:00:11,03/05/2026,Sucursal Las Palmas,Guatemala,Distrito Metro,SÍ,NO,SÍ,NO,SÍ,SÍ,NO,NO,NO,NO,SÍ,NO,NO,NO,NO,NO,SÍ,SÍ,SÍ,SÍ,SÍ,SÍ,NO,SÍ,NO,SÍ,NO,SÍ,SÍ,SÍ,NO,SÍ,SÍ,NO,NO,SÍ,NO,SÍ,NO,SÍ,"Se notaron deficiencias considerables, especialmente en Cobro. El personal necesita capacitación.",
2026-05-03 15:49:50,03/05/2026,Sucursal Pradera,Guatemala,Distrito Metro,NO,SÍ,SÍ,SÍ,SÍ,SÍ,SÍ,SÍ,SÍ,NO,NO,SÍ,SÍ,SÍ,SÍ,SÍ,SÍ,SÍ,NO,SÍ,NO,NO,SÍ,SÍ,SÍ,NO,SÍ,NO,SÍ,SÍ,SÍ,SÍ,SÍ,SÍ,SÍ,SÍ,SÍ,SÍ,SÍ,SÍ,Excelente servicio. La sucursal está operando en óptimas condiciones.,
2026-05-27 10:20:38,27/05/2026,Sucursal Majadas,Guatemala,Distrito Metro,SÍ,NO,SÍ,SÍ,SÍ,SÍ,NO,NO,NO,NO,SÍ,SÍ,SÍ,SÍ,SÍ,NO,SÍ,SÍ,NO,NO,NO,NO,NO,SÍ,SÍ,SÍ,SÍ,SÍ,SÍ,NO,NO,NO,NO,NO,SÍ,NO,SÍ,SÍ,NO,SÍ,,
2026-05-22 12:05:41,22/05/2026,Sucursal Vista Hermosa,Guatemala,Distrito Metro,SÍ,SÍ,SÍ,SÍ,SÍ,SÍ,SÍ,NO,SÍ,NO,NO,NO,SÍ,SÍ,SÍ,SÍ,SÍ,SÍ,NO,NO,SÍ,NO,SÍ,SÍ,SÍ,SÍ,SÍ,SÍ,SÍ,SÍ,SÍ,NO,SÍ,SÍ,SÍ,SÍ,SÍ,SÍ,SÍ,SÍ,Excelente servicio. La sucursal está operando en óptimas condiciones.,
2026-05-15 13:22:25,15/05/2026,Sucursal Cayalá,Guatemala,Distrito Metro,SÍ,NO,NO,SÍ,NO,SÍ,SÍ,NO,SÍ,NO,NO,SÍ,NO,SÍ,NO,NO,NO,SÍ,SÍ,NO,SÍ,NO,SÍ,SÍ,SÍ,NO,SÍ,SÍ,SÍ,NO,NO,SÍ,NO,SÍ,SÍ,SÍ,SÍ,NO,SÍ,SÍ,,
2026-05-01 18:34:37,01/05/2026,Sucursal Américas,Guatemala,Distrito Metro,SÍ,SÍ,NO,SÍ,SÍ,SÍ,SÍ,SÍ,NO,SÍ,SÍ,SÍ,SÍ,SÍ,SÍ,SÍ,SÍ,SÍ,NO,SÍ,NO,NO,SÍ,SÍ,SÍ,SÍ,SÍ,SÍ,NO,SÍ,SÍ,SÍ,SÍ,SÍ,NO,SÍ,SÍ,SÍ,SÍ,SÍ,,
2026-05-07 08:13:07,07/05/2026,Sucursal Roosevelt,Guatemala,Distrito Metro,SÍ,SÍ,SÍ,SÍ,NO,SÍ,SÍ,SÍ,SÍ,NO,NO,SÍ,SÍ,SÍ,SÍ,SÍ,SÍ,SÍ,NO,NO,SÍ,NO,SÍ,SÍ,SÍ,SÍ,SÍ,SÍ,SÍ,SÍ,SÍ,NO,SÍ,SÍ,SÍ,SÍ,NO,SÍ,SÍ,SÍ,Excelente servicio. La sucursal está operando en óptimas condiciones.,
2026-05-21 15:17:33,21/05/2026,Sucursal Portales,Guatemala,Distrito Metro,SÍ,SÍ,SÍ,SÍ,SÍ,SÍ,SÍ,SÍ,NO,NO,NO,SÍ,NO,SÍ,NO,SÍ,SÍ,SÍ,NO,SÍ,NO,NO,SÍ,SÍ,SÍ,SÍ,SÍ,SÍ,NO,SÍ,SÍ,SÍ,SÍ,NO,NO,SÍ,NO,SÍ,SÍ,SÍ,,
2026-05-06 18:17:19,06/05/2026,Sucursal Naranjo,Guatemala,Distrito Metro,SÍ,SÍ,SÍ,SÍ,SÍ,SÍ,SÍ,SÍ,NO,NO,SÍ,NO,SÍ,NO,SÍ,SÍ,NO,NO,SÍ,NO,NO,NO,SÍ,SÍ,SÍ,SÍ,NO,SÍ,SÍ,SÍ,SÍ,SÍ,SÍ,SÍ,SÍ,SÍ,SÍ,SÍ,SÍ,SÍ,,
2026-05-16 08:30:58,16/05/2026,Sucursal San Cristóbal,Guatemala,Distrito Metro,SÍ,SÍ,SÍ,SÍ,SÍ,SÍ,SÍ,SÍ,SÍ,SÍ,NO,SÍ,SÍ,SÍ,NO,SÍ,SÍ,NO,NO,SÍ,SÍ,NO,SÍ,SÍ,SÍ,SÍ,SÍ,SÍ,SÍ,SÍ,SÍ,SÍ,SÍ,SÍ,SÍ,SÍ,SÍ,SÍ,NO,SÍ,Excelente servicio. La sucursal está operando en óptimas condiciones.,
2026-05-15 16:54:28,15/05/2026,Sucursal Muxbal,Guatemala,Distrito Metro,SÍ,SÍ,SÍ,SÍ,SÍ,SÍ,SÍ,SÍ,NO,NO,NO,SÍ,SÍ,SÍ,SÍ,SÍ,SÍ,SÍ,NO,SÍ,SÍ,NO,SÍ,SÍ,SÍ,SÍ,NO,SÍ,SÍ,NO,SÍ,SÍ,SÍ,SÍ,SÍ,SÍ,SÍ,SÍ,SÍ,NO,Excelente servicio. La sucursal está operando en óptimas condiciones.,
2026-05-26 10:26:51,26/05/2026,Sucursal Carretera,Guatemala,Distrito Metro,SÍ,NO,NO,SÍ,NO,SÍ,NO,NO,SÍ,SÍ,NO,NO,NO,SÍ,NO,NO,SÍ,SÍ,SÍ,SÍ,NO,NO,SÍ,SÍ,SÍ,SÍ,NO,NO,NO,NO,SÍ,NO,SÍ,NO,SÍ,SÍ,NO,SÍ,SÍ,SÍ,"Se notaron deficiencias considerables, especialmente en Cobro. El personal necesita capacitación.",
2026-05-08 08:24:55,08/05/2026,Sucursal Zonal,Guatemala,Distrito Metro,SÍ,SÍ,SÍ,SÍ,NO,SÍ,SÍ,SÍ,SÍ,NO,NO,NO,SÍ,SÍ,SÍ,SÍ,NO,SÍ,NO,SÍ,SÍ,NO,SÍ,SÍ,SÍ,SÍ,NO,SÍ,SÍ,NO,NO,SÍ,SÍ,SÍ,NO,SÍ,SÍ,SÍ,SÍ,NO,,
2026-05-24 17:55:42,24/05/2026,Sucursal Express,Guatemala,Distrito Metro,NO,SÍ,SÍ,SÍ,SÍ,SÍ,NO,SÍ,NO,SÍ,NO,NO,SÍ,SÍ,SÍ,SÍ,NO,NO,NO,SÍ,SÍ,NO,SÍ,NO,NO,SÍ,SÍ,SÍ,NO,NO,NO,NO,NO,SÍ,SÍ,NO,SÍ,NO,SÍ,SÍ,"Se notaron deficiencias considerables, especialmente en Cobro. El personal necesita capacitación.",
2026-05-21 16:35:31,21/05/2026,Sucursal San Miguel,Guatemala,Distrito Metro,SÍ,NO,NO,SÍ,NO,SÍ,SÍ,SÍ,NO,NO,NO,SÍ,SÍ,SÍ,SÍ,NO,SÍ,SÍ,NO,SÍ,NO,NO,NO,SÍ,SÍ,SÍ,NO,SÍ,SÍ,SÍ,SÍ,SÍ,SÍ,NO,SÍ,NO,SÍ,SÍ,SÍ,SÍ,,
2026-05-14 14:34:18,14/05/2026,Sucursal Villa Nueva,Guatemala,Distrito Metro,SÍ,NO,NO,NO,NO,SÍ,SÍ,NO,NO,NO,NO,NO,NO,SÍ,SÍ,SÍ,SÍ,NO,SÍ,SÍ,NO,NO,NO,NO,NO,SÍ,NO,SÍ,NO,SÍ,NO,NO,SÍ,SÍ,NO,SÍ,NO,SÍ,NO,NO,"Se notaron deficiencias considerables, especialmente en Cobro. El personal necesita capacitación.",
2026-05-15 16:36:46,15/05/2026,Sucursal Petapa,Guatemala,Distrito Metro,SÍ,SÍ,SÍ,SÍ,NO,SÍ,SÍ,SÍ,NO,NO,NO,SÍ,SÍ,SÍ,SÍ,SÍ,NO,NO,NO,SÍ,SÍ,SÍ,SÍ,NO,SÍ,SÍ,NO,NO,SÍ,SÍ,SÍ,SÍ,SÍ,SÍ,SÍ,SÍ,SÍ,SÍ,SÍ,SÍ,,
2026-05-11 17:26:40,11/05/2026,Sucursal Mixco,Guatemala,Distrito Metro,SÍ,SÍ,SÍ,NO,NO,SÍ,SÍ,NO,SÍ,NO,NO,SÍ,SÍ,SÍ,SÍ,SÍ,SÍ,NO,SÍ,SÍ,SÍ,NO,SÍ,SÍ,SÍ,SÍ,SÍ,NO,SÍ,SÍ,SÍ,SÍ,SÍ,SÍ,SÍ,SÍ,SÍ,SÍ,SÍ,SÍ,,
2026-05-02 15:12:54,02/05/2026,Sucursal San José,Guatemala,Distrito Metro,SÍ,SÍ,SÍ,SÍ,SÍ,SÍ,SÍ,SÍ,NO,NO,NO,SÍ,NO,SÍ,SÍ,SÍ,SÍ,SÍ,NO,SÍ,SÍ,NO,SÍ,SÍ,SÍ,SÍ,SÍ,SÍ,SÍ,SÍ,SÍ,SÍ,SÍ,SÍ,SÍ,SÍ,SÍ,NO,SÍ,SÍ,Excelente servicio. La sucursal está operando en óptimas condiciones.,
2026-05-22 13:15:36,22/05/2026,Sucursal Santa Catarina,Guatemala,Distrito Metro,SÍ,SÍ,SÍ,SÍ,SÍ,SÍ,SÍ,NO,SÍ,NO,SÍ,SÍ,SÍ,SÍ,NO,SÍ,SÍ,SÍ,NO,SÍ,NO,NO,SÍ,SÍ,SÍ,NO,SÍ,NO,SÍ,SÍ,NO,SÍ,NO,NO,NO,NO,NO,SÍ,SÍ,NO,,
2026-05-09 10:15:52,09/05/2026,Sucursal Pinula,Guatemala,Distrito Metro,SÍ,SÍ,SÍ,SÍ,SÍ,SÍ,SÍ,SÍ,SÍ,NO,NO,SÍ,SÍ,SÍ,SÍ,SÍ,SÍ,SÍ,NO,SÍ,SÍ,NO,SÍ,SÍ,SÍ,SÍ,SÍ,SÍ,SÍ,SÍ,SÍ,SÍ,SÍ,SÍ,SÍ,SÍ,NO,SÍ,SÍ,SÍ,Excelente servicio. La sucursal está operando en óptimas condiciones.,
2026-05-13 17:13:22,13/05/2026,Sucursal Boca del Monte,Guatemala,Distrito Metro,NO,NO,NO,SÍ,SÍ,SÍ,SÍ,NO,NO,SÍ,NO,SÍ,NO,SÍ,SÍ,NO,NO,SÍ,NO,NO,SÍ,SÍ,NO,NO,NO,NO,SÍ,NO,NO,SÍ,NO,SÍ,NO,SÍ,SÍ,NO,NO,SÍ,SÍ,SÍ,"Se notaron deficiencias considerables, especialmente en Cobro. El personal necesita capacitación.",
2026-05-24 18:19:40,24/05/2026,Sucursal Atlántico,Guatemala,Distrito Metro,NO,SÍ,SÍ,SÍ,SÍ,SÍ,SÍ,SÍ,SÍ,SÍ,NO,SÍ,SÍ,SÍ,SÍ,SÍ,SÍ,SÍ,NO,SÍ,SÍ,NO,SÍ,SÍ,SÍ,SÍ,SÍ,SÍ,SÍ,SÍ,SÍ,SÍ,SÍ,SÍ,SÍ,NO,SÍ,SÍ,SÍ,SÍ,Excelente servicio. La sucursal está operando en óptimas condiciones.,
2026-05-25 16:22:19,25/05/2026,Sucursal Pacífico,Guatemala,Distrito Metro,SÍ,NO,SÍ,SÍ,SÍ,SÍ,NO,SÍ,SÍ,NO,NO,SÍ,SÍ,SÍ,NO,NO,SÍ,SÍ,NO,SÍ,NO,NO,SÍ,SÍ,SÍ,SÍ,SÍ,SÍ,SÍ,SÍ,NO,NO,NO,SÍ,SÍ,SÍ,SÍ,SÍ,SÍ,SÍ,,
2026-05-06 12:14:26,06/05/2026,Sucursal Aguilar Batres,Guatemala,Distrito Metro,NO,SÍ,SÍ,SÍ,NO,SÍ,NO,NO,SÍ,NO,SÍ,NO,SÍ,SÍ,NO,SÍ,SÍ,NO,NO,NO,NO,NO,SÍ,SÍ,NO,SÍ,SÍ,NO,SÍ,SÍ,SÍ,SÍ,NO,NO,NO,NO,SÍ,SÍ,SÍ,SÍ,"Se notaron deficiencias considerables, especialmente en Cobro. El personal necesita capacitación.",
2026-05-27 18:10:32,27/05/2026,Sucursal Avenida,Guatemala,Distrito Metro,SÍ,SÍ,SÍ,SÍ,NO,SÍ,SÍ,NO,SÍ,NO,NO,SÍ,NO,SÍ,SÍ,SÍ,SÍ,SÍ,NO,SÍ,SÍ,NO,SÍ,SÍ,SÍ,SÍ,SÍ,SÍ,NO,SÍ,SÍ,SÍ,NO,SÍ,SÍ,SÍ,SÍ,SÍ,SÍ,SÍ,,
2026-05-15 17:48:01,15/05/2026,Sucursal Boulevard,Guatemala,Distrito Metro,NO,NO,SÍ,SÍ,NO,SÍ,SÍ,SÍ,NO,NO,NO,SÍ,SÍ,SÍ,SÍ,SÍ,SÍ,SÍ,SÍ,SÍ,NO,NO,SÍ,NO,SÍ,SÍ,SÍ,SÍ,SÍ,SÍ,SÍ,SÍ,SÍ,SÍ,NO,SÍ,NO,SÍ,NO,SÍ,,
2026-05-22 09:50:14,22/05/2026,Sucursal Quetzaltenango Norte,Quetzaltenango,Distrito Occidente,SÍ,SÍ,SÍ,SÍ,SÍ,SÍ,NO,NO,SÍ,NO,NO,SÍ,NO,SÍ,SÍ,SÍ,SÍ,SÍ,SÍ,SÍ,SÍ,SÍ,SÍ,SÍ,NO,SÍ,SÍ,NO,SÍ,SÍ,SÍ,NO,NO,SÍ,SÍ,SÍ,NO,SÍ,SÍ,NO,,
2026-05-13 15:29:37,13/05/2026,Sucursal Terminal Quet,Quetzaltenango,Distrito Occidente,SÍ,SÍ,SÍ,SÍ,SÍ,SÍ,SÍ,SÍ,SÍ,NO,NO,SÍ,SÍ,SÍ,SÍ,SÍ,SÍ,SÍ,NO,SÍ,SÍ,SÍ,NO,SÍ,SÍ,SÍ,SÍ,SÍ,SÍ,SÍ,SÍ,SÍ,NO,SÍ,SÍ,SÍ,SÍ,SÍ,SÍ,SÍ,Excelente servicio. La sucursal está operando en óptimas condiciones.,
2026-05-06 11:22:12,06/05/2026,Sucursal Quetzaltenango Centro,Quetzaltenango,Distrito Occidente,NO,SÍ,SÍ,SÍ,SÍ,SÍ,SÍ,SÍ,SÍ,NO,NO,SÍ,SÍ,SÍ,SÍ,SÍ,SÍ,NO,NO,NO,SÍ,NO,SÍ,SÍ,SÍ,SÍ,SÍ,SÍ,SÍ,SÍ,SÍ,SÍ,SÍ,SÍ,SÍ,SÍ,SÍ,SÍ,SÍ,SÍ,Excelente servicio. La sucursal está operando en óptimas condiciones.,
2026-05-27 12:26:57,27/05/2026,Sucursal Llanos Quet,Quetzaltenango,Distrito Occidente,SÍ,SÍ,NO,SÍ,NO,SÍ,SÍ,SÍ,SÍ,NO,SÍ,SÍ,SÍ,SÍ,NO,SÍ,SÍ,SÍ,NO,SÍ,NO,NO,NO,SÍ,NO,SÍ,SÍ,NO,SÍ,SÍ,SÍ,SÍ,SÍ,SÍ,NO,SÍ,NO,SÍ,SÍ,NO,,
2026-05-05 11:13:46,05/05/2026,Sucursal Quetzaltenango Norte,Quetzaltenango,Distrito Occidente,SÍ,SÍ,SÍ,NO,SÍ,NO,SÍ,SÍ,NO,NO,NO,SÍ,SÍ,SÍ,SÍ,SÍ,SÍ,SÍ,SÍ,SÍ,SÍ,SÍ,SÍ,SÍ,SÍ,NO,SÍ,SÍ,SÍ,SÍ,SÍ,SÍ,SÍ,SÍ,SÍ,SÍ,NO,NO,SÍ,NO,"Visita dentro del promedio, con áreas de oportunidad.",
2026-05-01 11:51:52,01/05/2026,Sucursal Sur Quet,Quetzaltenango,Distrito Occidente,NO,SÍ,SÍ,NO,SÍ,NO,SÍ,SÍ,NO,NO,NO,SÍ,NO,SÍ,SÍ,NO,SÍ,NO,SÍ,SÍ,NO,NO,SÍ,NO,NO,SÍ,NO,NO,NO,NO,SÍ,NO,SÍ,SÍ,SÍ,NO,NO,NO,SÍ,SÍ,"Se notaron deficiencias considerables, especialmente en Cobro. El personal necesita capacitación.",
2026-05-16 17:40:58,16/05/2026,Sucursal Escuintla Centro,Escuintla,Distrito Sur,SÍ,SÍ,SÍ,SÍ,NO,SÍ,SÍ,SÍ,SÍ,NO,NO,SÍ,SÍ,SÍ,SÍ,SÍ,SÍ,SÍ,NO,SÍ,SÍ,NO,SÍ,SÍ,SÍ,SÍ,SÍ,SÍ,SÍ,SÍ,SÍ,SÍ,SÍ,SÍ,SÍ,SÍ,SÍ,SÍ,SÍ,SÍ,Excelente servicio. La sucursal está operando en óptimas condiciones.,
2026-05-12 09:25:41,12/05/2026,Sucursal Mercado Escu,Escuintla,Distrito Sur,SÍ,NO,SÍ,SÍ,SÍ,SÍ,SÍ,NO,SÍ,NO,NO,SÍ,SÍ,SÍ,SÍ,SÍ,SÍ,SÍ,NO,SÍ,SÍ,NO,SÍ,SÍ,SÍ,SÍ,NO,SÍ,SÍ,SÍ,SÍ,SÍ,SÍ,NO,SÍ,NO,SÍ,SÍ,SÍ,SÍ,,
2026-05-10 17:30:36,10/05/2026,Sucursal Escuintla Norte,Escuintla,Distrito Sur,SÍ,NO,NO,NO,NO,SÍ,SÍ,SÍ,SÍ,SÍ,SÍ,SÍ,NO,NO,SÍ,NO,NO,SÍ,SÍ,SÍ,NO,NO,NO,NO,NO,NO,SÍ,SÍ,NO,NO,SÍ,NO,SÍ,SÍ,NO,NO,SÍ,SÍ,SÍ,NO,"Se notaron deficiencias considerables, especialmente en Cobro. El personal necesita capacitación.",Incidencia grave en Cobro: Condiciones inaceptables de servicio o infraestructura.
2026-05-20 13:03:17,20/05/2026,Sucursal Occidente Escu,Escuintla,Distrito Sur,SÍ,SÍ,SÍ,SÍ,SÍ,SÍ,SÍ,SÍ,SÍ,NO,NO,SÍ,SÍ,SÍ,SÍ,SÍ,SÍ,SÍ,NO,SÍ,SÍ,NO,SÍ,SÍ,SÍ,SÍ,SÍ,SÍ,SÍ,SÍ,SÍ,SÍ,SÍ,SÍ,SÍ,SÍ,SÍ,SÍ,NO,SÍ,Excelente servicio. La sucursal está operando en óptimas condiciones.,
2026-05-22 10:17:52,22/05/2026,Sucursal Escuintla Norte,Escuintla,Distrito Sur,SÍ,SÍ,SÍ,NO,SÍ,SÍ,SÍ,SÍ,NO,NO,NO,SÍ,SÍ,SÍ,NO,SÍ,SÍ,NO,SÍ,NO,NO,NO,SÍ,SÍ,SÍ,SÍ,SÍ,SÍ,SÍ,SÍ,SÍ,SÍ,SÍ,SÍ,SÍ,SÍ,SÍ,SÍ,SÍ,SÍ,,
2026-05-16 16:26:34,16/05/2026,Sucursal Norte Escu,Escuintla,Distrito Sur,SÍ,SÍ,SÍ,SÍ,NO,NO,SÍ,NO,NO,NO,SÍ,SÍ,SÍ,SÍ,NO,SÍ,SÍ,SÍ,NO,NO,NO,NO,SÍ,SÍ,SÍ,SÍ,SÍ,SÍ,SÍ,SÍ,SÍ,SÍ,SÍ,NO,SÍ,NO,NO,SÍ,SÍ,SÍ,,
2026-05-26 15:38:43,26/05/2026,Sucursal Sacatepéquez Norte,Sacatepéquez,Distrito Central,SÍ,SÍ,SÍ,SÍ,NO,NO,SÍ,NO,NO,NO,SÍ,NO,NO,SÍ,SÍ,NO,NO,SÍ,SÍ,NO,SÍ,SÍ,NO,SÍ,NO,NO,SÍ,NO,SÍ,SÍ,SÍ,NO,SÍ,SÍ,SÍ,NO,SÍ,NO,NO,SÍ,"Se notaron deficiencias considerables, especialmente en Cobro. El personal necesita capacitación.",
2026-05-13 14:35:11,13/05/2026,Sucursal Central Saca,Sacatepéquez,Distrito Central,SÍ,SÍ,SÍ,SÍ,NO,SÍ,SÍ,SÍ,NO,SÍ,NO,SÍ,SÍ,SÍ,NO,NO,SÍ,SÍ,NO,SÍ,NO,NO,SÍ,SÍ,SÍ,SÍ,SÍ,NO,SÍ,SÍ,SÍ,SÍ,NO,SÍ,NO,NO,NO,SÍ,SÍ,SÍ,,
2026-05-10 10:58:14,10/05/2026,Sucursal Sacatepéquez Centro,Sacatepéquez,Distrito Central,SÍ,SÍ,SÍ,SÍ,SÍ,SÍ,NO,SÍ,SÍ,NO,NO,SÍ,NO,NO,SÍ,NO,SÍ,SÍ,NO,SÍ,SÍ,NO,SÍ,NO,SÍ,SÍ,NO,NO,NO,NO,SÍ,SÍ,SÍ,SÍ,SÍ,SÍ,SÍ,NO,SÍ,SÍ,,
2026-05-06 14:51:11,06/05/2026,Sucursal Terminal Saca,Sacatepéquez,Distrito Central,SÍ,SÍ,SÍ,SÍ,NO,SÍ,SÍ,NO,NO,NO,SÍ,NO,SÍ,SÍ,NO,NO,NO,SÍ,NO,SÍ,NO,SÍ,SÍ,NO,SÍ,SÍ,SÍ,NO,NO,SÍ,SÍ,SÍ,NO,SÍ,SÍ,NO,SÍ,NO,NO,SÍ,"Se notaron deficiencias considerables, especialmente en Cobro. El personal necesita capacitación.",
2026-05-13 12:19:51,13/05/2026,Sucursal Sacatepéquez Norte,Sacatepéquez,Distrito Central,SÍ,SÍ,SÍ,SÍ,SÍ,SÍ,SÍ,NO,SÍ,NO,SÍ,SÍ,SÍ,SÍ,SÍ,SÍ,SÍ,SÍ,NO,SÍ,NO,NO,SÍ,SÍ,SÍ,SÍ,SÍ,SÍ,SÍ,SÍ,SÍ,SÍ,SÍ,SÍ,SÍ,SÍ,SÍ,NO,SÍ,NO,"Visita dentro del promedio, con áreas de oportunidad.",
2026-05-25 14:46:20,25/05/2026,Sucursal Avenida Chim,Chimaltenango,Distrito Central,SÍ,SÍ,NO,SÍ,SÍ,SÍ,SÍ,SÍ,SÍ,NO,SÍ,SÍ,SÍ,NO,NO,SÍ,NO,NO,NO,SÍ,SÍ,NO,SÍ,NO,SÍ,NO,SÍ,SÍ,NO,SÍ,NO,NO,SÍ,SÍ,SÍ,NO,NO,SÍ,SÍ,SÍ,,
2026-05-19 16:54:01,19/05/2026,Sucursal Chimaltenango Centro,Chimaltenango,Distrito Central,NO,SÍ,SÍ,NO,NO,SÍ,SÍ,NO,SÍ,NO,SÍ,NO,NO,NO,NO,NO,NO,NO,SÍ,NO,SÍ,SÍ,SÍ,SÍ,NO,SÍ,NO,SÍ,NO,NO,SÍ,SÍ,SÍ,NO,SÍ,SÍ,SÍ,NO,SÍ,NO,"Se notaron deficiencias considerables, especialmente en Cobro. El personal necesita capacitación.",
2026-05-01 16:14:44,01/05/2026,Sucursal Plaza Chim,Chimaltenango,Distrito Central,NO,NO,NO,SÍ,NO,SÍ,SÍ,NO,NO,NO,SÍ,NO,NO,SÍ,NO,SÍ,SÍ,NO,NO,NO,SÍ,NO,NO,SÍ,SÍ,SÍ,SÍ,NO,NO,NO,NO,NO,NO,SÍ,SÍ,NO,NO,NO,NO,NO,"Se notaron deficiencias considerables, especialmente en Cobro. El personal necesita capacitación.",Incidencia grave en Cobro: Condiciones inaceptables de servicio o infraestructura.
2026-05-24 11:24:50,24/05/2026,Sucursal Chimaltenango Plaza,Chimaltenango,Distrito Central,SÍ,SÍ,SÍ,SÍ,SÍ,SÍ,SÍ,SÍ,NO,NO,SÍ,SÍ,SÍ,SÍ,SÍ,SÍ,SÍ,SÍ,NO,NO,SÍ,NO,SÍ,SÍ,SÍ,SÍ,SÍ,SÍ,SÍ,NO,SÍ,SÍ,SÍ,NO,SÍ,SÍ,NO,SÍ,SÍ,SÍ,,
2026-05-12 15:14:40,12/05/2026,Sucursal Avenida Alta,Alta Verapaz,Distrito Norte,NO,SÍ,NO,SÍ,SÍ,NO,SÍ,SÍ,SÍ,NO,NO,SÍ,SÍ,SÍ,SÍ,SÍ,SÍ,SÍ,NO,NO,SÍ,NO,SÍ,SÍ,NO,SÍ,SÍ,SÍ,SÍ,SÍ,NO,SÍ,SÍ,SÍ,SÍ,SÍ,SÍ,NO,NO,SÍ,"Visita dentro del promedio, con áreas de oportunidad.",
2026-05-17 13:01:38,17/05/2026,Sucursal Alta Verapaz Plaza,Alta Verapaz,Distrito Norte,SÍ,SÍ,SÍ,SÍ,SÍ,NO,SÍ,SÍ,SÍ,NO,SÍ,SÍ,SÍ,SÍ,SÍ,SÍ,SÍ,SÍ,NO,SÍ,SÍ,NO,SÍ,SÍ,SÍ,SÍ,SÍ,SÍ,SÍ,SÍ,SÍ,SÍ,SÍ,NO,SÍ,SÍ,SÍ,SÍ,SÍ,NO,,
2026-05-19 11:37:34,19/05/2026,Sucursal Express Alta,Alta Verapaz,Distrito Norte,SÍ,SÍ,SÍ,SÍ,NO,NO,SÍ,SÍ,SÍ,NO,NO,NO,SÍ,NO,SÍ,NO,SÍ,NO,NO,SÍ,SÍ,SÍ,NO,NO,SÍ,SÍ,NO,SÍ,NO,SÍ,SÍ,SÍ,SÍ,SÍ,SÍ,NO,SÍ,NO,NO,SÍ,,
2026-05-16 12:17:40,16/05/2026,Sucursal Alta Verapaz Centro,Alta Verapaz,Distrito Norte,NO,SÍ,NO,SÍ,SÍ,SÍ,SÍ,SÍ,NO,NO,NO,SÍ,SÍ,SÍ,NO,NO,SÍ,NO,NO,NO,NO,NO,SÍ,SÍ,SÍ,SÍ,SÍ,SÍ,SÍ,SÍ,SÍ,SÍ,NO,SÍ,SÍ,NO,NO,SÍ,SÍ,SÍ,"Visita dentro del promedio, con áreas de oportunidad.",
2026-05-23 11:54:04,23/05/2026,Sucursal Centro Peté,Petén,Distrito Norte,NO,SÍ,SÍ,SÍ,SÍ,NO,SÍ,SÍ,SÍ,NO,SÍ,SÍ,SÍ,SÍ,SÍ,NO,SÍ,NO,NO,NO,NO,NO,SÍ,SÍ,NO,SÍ,NO,NO,SÍ,NO,NO,SÍ,SÍ,NO,NO,NO,SÍ,NO,NO,SÍ,"Se notaron deficiencias considerables, especialmente en Cobro. El personal necesita capacitación.",
2026-05-05 12:24:16,05/05/2026,Sucursal Petén Plaza,Petén,Distrito Norte,SÍ,NO,NO,SÍ,NO,NO,SÍ,NO,NO,NO,SÍ,SÍ,NO,SÍ,SÍ,NO,NO,NO,NO,SÍ,SÍ,SÍ,NO,SÍ,SÍ,SÍ,NO,SÍ,NO,SÍ,NO,SÍ,SÍ,NO,NO,NO,NO,NO,SÍ,NO,"Se notaron deficiencias considerables, especialmente en Cobro. El personal necesita capacitación.",
2026-05-09 13:45:15,09/05/2026,Sucursal Avenida Peté,Petén,Distrito Norte,SÍ,SÍ,SÍ,SÍ,SÍ,NO,SÍ,SÍ,SÍ,NO,NO,SÍ,SÍ,SÍ,SÍ,SÍ,SÍ,SÍ,SÍ,SÍ,SÍ,NO,NO,SÍ,SÍ,SÍ,SÍ,SÍ,SÍ,SÍ,SÍ,NO,NO,SÍ,NO,SÍ,SÍ,NO,NO,NO,,
2026-05-15 18:09:58,15/05/2026,Sucursal Izabal Centro,Izabal,Distrito Oriente,NO,SÍ,SÍ,SÍ,SÍ,NO,SÍ,NO,NO,SÍ,NO,SÍ,SÍ,SÍ,NO,SÍ,SÍ,NO,SÍ,NO,SÍ,NO,NO,NO,SÍ,NO,SÍ,SÍ,SÍ,SÍ,NO,NO,SÍ,SÍ,NO,NO,SÍ,NO,SÍ,SÍ,"Se notaron deficiencias considerables, especialmente en Cobro. El personal necesita capacitación.",
2026-05-19 15:27:33,19/05/2026,Sucursal Express Izab,Izabal,Distrito Oriente,SÍ,SÍ,NO,NO,SÍ,SÍ,SÍ,SÍ,NO,NO,NO,SÍ,SÍ,NO,SÍ,NO,SÍ,NO,SÍ,SÍ,SÍ,NO,SÍ,SÍ,SÍ,SÍ,SÍ,SÍ,NO,SÍ,NO,SÍ,SÍ,SÍ,SÍ,SÍ,SÍ,SÍ,SÍ,SÍ,"Visita dentro del promedio, con áreas de oportunidad.",
2026-05-09 18:51:42,09/05/2026,Sucursal Izabal Centro,Izabal,Distrito Oriente,SÍ,SÍ,SÍ,NO,NO,SÍ,NO,SÍ,SÍ,SÍ,SÍ,SÍ,NO,NO,NO,SÍ,NO,SÍ,SÍ,NO,NO,NO,SÍ,SÍ,SÍ,SÍ,SÍ,SÍ,NO,SÍ,SÍ,NO,SÍ,SÍ,SÍ,NO,SÍ,SÍ,NO,NO,"Se notaron deficiencias considerables, especialmente en Cobro. El personal necesita capacitación.",
2026-05-02 09:45:53,02/05/2026,Sucursal Centro San ,San Marcos,Distrito Occidente,SÍ,SÍ,NO,SÍ,SÍ,SÍ,SÍ,SÍ,SÍ,NO,NO,SÍ,NO,SÍ,SÍ,SÍ,SÍ,SÍ,NO,SÍ,SÍ,NO,SÍ,SÍ,SÍ,SÍ,SÍ,SÍ,SÍ,SÍ,SÍ,SÍ,SÍ,NO,SÍ,SÍ,SÍ,SÍ,SÍ,SÍ,Excelente servicio. La sucursal está operando en óptimas condiciones.,
2026-05-06 13:41:14,06/05/2026,Sucursal San Marcos Norte,San Marcos,Distrito Occidente,SÍ,NO,NO,SÍ,SÍ,SÍ,NO,NO,SÍ,NO,NO,SÍ,SÍ,SÍ,SÍ,NO,SÍ,SÍ,NO,SÍ,SÍ,SÍ,SÍ,SÍ,SÍ,SÍ,NO,NO,SÍ,NO,SÍ,SÍ,NO,SÍ,SÍ,NO,SÍ,NO,SÍ,NO,,
2026-05-07 11:23:14,07/05/2026,Sucursal Central San ,San Marcos,Distrito Occidente,SÍ,SÍ,NO,SÍ,NO,SÍ,SÍ,SÍ,NO,NO,NO,NO,SÍ,SÍ,SÍ,NO,SÍ,SÍ,SÍ,SÍ,SÍ,NO,SÍ,SÍ,SÍ,SÍ,NO,SÍ,SÍ,SÍ,SÍ,SÍ,NO,SÍ,SÍ,NO,NO,SÍ,SÍ,NO,"Visita dentro del promedio, con áreas de oportunidad.",
2026-05-12 15:34:33,12/05/2026,Sucursal Huehuetenango Norte,Huehuetenango,Distrito Occidente,SÍ,SÍ,SÍ,SÍ,SÍ,SÍ,SÍ,SÍ,SÍ,NO,NO,SÍ,SÍ,SÍ,SÍ,SÍ,SÍ,SÍ,NO,SÍ,SÍ,NO,SÍ,SÍ,NO,NO,NO,SÍ,SÍ,SÍ,SÍ,SÍ,SÍ,SÍ,SÍ,SÍ,SÍ,NO,SÍ,SÍ,Excelente servicio. La sucursal está operando en óptimas condiciones.,
2026-05-27 14:17:53,27/05/2026,Sucursal Occidente Hueh,Huehuetenango,Distrito Occidente,SÍ,SÍ,NO,NO,NO,SÍ,SÍ,SÍ,SÍ,NO,NO,SÍ,NO,SÍ,NO,NO,SÍ,SÍ,NO,SÍ,SÍ,SÍ,SÍ,SÍ,NO,SÍ,NO,SÍ,SÍ,SÍ,SÍ,NO,SÍ,SÍ,SÍ,SÍ,SÍ,SÍ,SÍ,SÍ,,
2026-05-01 14:20:47,01/05/2026,Sucursal Huehuetenango Norte,Huehuetenango,Distrito Occidente,NO,SÍ,SÍ,SÍ,SÍ,SÍ,SÍ,SÍ,SÍ,NO,SÍ,SÍ,SÍ,SÍ,SÍ,NO,SÍ,NO,NO,SÍ,SÍ,NO,SÍ,SÍ,SÍ,SÍ,SÍ,SÍ,SÍ,SÍ,SÍ,SÍ,SÍ,SÍ,SÍ,SÍ,SÍ,SÍ,SÍ,SÍ,Excelente servicio. La sucursal está operando en óptimas condiciones.,
2026-05-25 14:41:28,25/05/2026,Sucursal Brisas Juti,Jutiapa,Distrito Oriente,NO,SÍ,NO,SÍ,SÍ,SÍ,NO,NO,SÍ,NO,SÍ,NO,NO,SÍ,SÍ,NO,SÍ,NO,NO,SÍ,SÍ,SÍ,SÍ,NO,NO,NO,SÍ,NO,NO,NO,NO,SÍ,NO,NO,NO,SÍ,SÍ,NO,SÍ,SÍ,"Se notaron deficiencias considerables, especialmente en Cobro. El personal necesita capacitación.",Incidencia grave en Cobro: Condiciones inaceptables de servicio o infraestructura.
2026-05-12 16:50:31,12/05/2026,Sucursal Jutiapa Plaza,Jutiapa,Distrito Oriente,SÍ,SÍ,SÍ,NO,SÍ,SÍ,NO,SÍ,SÍ,SÍ,NO,SÍ,NO,SÍ,SÍ,SÍ,SÍ,SÍ,NO,SÍ,SÍ,NO,SÍ,SÍ,SÍ,SÍ,SÍ,SÍ,SÍ,SÍ,SÍ,SÍ,NO,SÍ,SÍ,SÍ,SÍ,NO,SÍ,SÍ,"Visita dentro del promedio, con áreas de oportunidad.",
2026-05-04 10:49:55,04/05/2026,Sucursal Llanos Zaca,Zacapa,Distrito Oriente,SÍ,SÍ,SÍ,NO,SÍ,SÍ,SÍ,SÍ,SÍ,NO,NO,SÍ,SÍ,SÍ,NO,NO,SÍ,NO,NO,SÍ,SÍ,NO,NO,SÍ,SÍ,SÍ,SÍ,SÍ,SÍ,SÍ,SÍ,SÍ,SÍ,SÍ,SÍ,SÍ,SÍ,NO,NO,SÍ,,
2026-05-15 17:04:50,15/05/2026,Sucursal Zacapa Plaza,Zacapa,Distrito Oriente,SÍ,SÍ,NO,SÍ,SÍ,SÍ,SÍ,SÍ,SÍ,NO,NO,SÍ,NO,SÍ,SÍ,SÍ,SÍ,SÍ,NO,NO,SÍ,NO,SÍ,SÍ,SÍ,SÍ,SÍ,SÍ,SÍ,NO,SÍ,SÍ,SÍ,SÍ,SÍ,SÍ,SÍ,SÍ,SÍ,SÍ,,
2026-05-03 08:46:29,03/05/2026,Sucursal Parque Reta,Retalhuleu,Distrito Sur,SÍ,SÍ,NO,SÍ,SÍ,NO,SÍ,SÍ,SÍ,NO,NO,SÍ,SÍ,SÍ,SÍ,SÍ,SÍ,SÍ,NO,SÍ,SÍ,SÍ,SÍ,SÍ,SÍ,SÍ,SÍ,SÍ,SÍ,SÍ,SÍ,NO,SÍ,SÍ,SÍ,SÍ,NO,SÍ,SÍ,SÍ,,
2026-05-20 08:57:26,20/05/2026,Sucursal Retalhuleu Norte,Retalhuleu,Distrito Sur,SÍ,SÍ,SÍ,SÍ,NO,SÍ,SÍ,SÍ,SÍ,NO,NO,SÍ,SÍ,SÍ,NO,NO,SÍ,SÍ,NO,NO,NO,NO,SÍ,SÍ,SÍ,SÍ,NO,SÍ,SÍ,SÍ,SÍ,SÍ,SÍ,SÍ,SÍ,NO,NO,SÍ,SÍ,SÍ,,
2026-05-11 17:48:28,11/05/2026,Sucursal Terminal Such,Suchitepéquez,Distrito Sur,SÍ,SÍ,SÍ,SÍ,SÍ,SÍ,NO,SÍ,SÍ,SÍ,NO,SÍ,SÍ,SÍ,NO,SÍ,SÍ,SÍ,NO,SÍ,SÍ,NO,SÍ,SÍ,SÍ,SÍ,SÍ,SÍ,SÍ,SÍ,SÍ,NO,SÍ,SÍ,SÍ,SÍ,SÍ,SÍ,SÍ,SÍ,Excelente servicio. La sucursal está operando en óptimas condiciones.,
2026-05-25 09:08:11,25/05/2026,Sucursal Suchitepéquez Centro,Suchitepéquez,Distrito Sur,SÍ,NO,NO,NO,SÍ,NO,NO,SÍ,SÍ,NO,SÍ,NO,NO,NO,NO,NO,SÍ,SÍ,NO,NO,SÍ,SÍ,NO,SÍ,SÍ,NO,SÍ,SÍ,NO,NO,NO,NO,NO,NO,SÍ,SÍ,NO,NO,SÍ,SÍ,"Se notaron deficiencias considerables, especialmente en Cobro. El personal necesita capacitación.",
2026-05-02 09:14:14,02/05/2026,Sucursal Parque Sant,Santa Rosa,Distrito Sur,SÍ,SÍ,SÍ,SÍ,SÍ,SÍ,SÍ,SÍ,NO,SÍ,NO,NO,SÍ,SÍ,SÍ,SÍ,SÍ,SÍ,NO,SÍ,SÍ,SÍ,SÍ,NO,NO,NO,NO,NO,SÍ,NO,SÍ,SÍ,SÍ,SÍ,SÍ,NO,SÍ,NO,SÍ,SÍ,,
2026-05-01 10:32:00,01/05/2026,Sucursal Santa Rosa Centro,Santa Rosa,Distrito Sur,SÍ,SÍ,SÍ,SÍ,SÍ,SÍ,NO,SÍ,SÍ,NO,NO,NO,SÍ,NO,SÍ,SÍ,SÍ,SÍ,NO,SÍ,SÍ,NO,SÍ,SÍ,SÍ,SÍ,NO,SÍ,SÍ,SÍ,SÍ,SÍ,SÍ,SÍ,SÍ,SÍ,SÍ,SÍ,SÍ,SÍ,Excelente servicio. La sucursal está operando en óptimas condiciones.,
2026-05-04 14:49:10,04/05/2026,Sucursal Parque El P,El Progreso,Distrito Oriente,SÍ,SÍ,SÍ,NO,SÍ,SÍ,NO,SÍ,NO,NO,SÍ,SÍ,NO,SÍ,NO,NO,NO,SÍ,NO,SÍ,NO,NO,NO,NO,SÍ,SÍ,SÍ,SÍ,SÍ,SÍ,SÍ,NO,SÍ,NO,SÍ,SÍ,SÍ,SÍ,NO,SÍ,,
2026-05-17 12:37:47,17/05/2026,Sucursal El Progreso Norte,El Progreso,Distrito Oriente,SÍ,SÍ,SÍ,SÍ,SÍ,NO,SÍ,NO,SÍ,NO,NO,SÍ,SÍ,SÍ,SÍ,SÍ,SÍ,SÍ,NO,SÍ,SÍ,NO,SÍ,SÍ,SÍ,SÍ,SÍ,SÍ,SÍ,NO,SÍ,SÍ,SÍ,SÍ,SÍ,SÍ,NO,SÍ,SÍ,SÍ,Excelente servicio. La sucursal está operando en óptimas condiciones.,
2026-05-22 10:02:56,22/05/2026,Sucursal Mercado Chiq,Chiquimula,Distrito Oriente,SÍ,SÍ,SÍ,NO,SÍ,SÍ,SÍ,SÍ,SÍ,SÍ,NO,SÍ,SÍ,NO,SÍ,NO,SÍ,NO,NO,NO,SÍ,NO,SÍ,SÍ,SÍ,NO,SÍ,SÍ,NO,SÍ,SÍ,SÍ,SÍ,SÍ,SÍ,SÍ,NO,SÍ,SÍ,SÍ,,
2026-05-05 17:53:08,05/05/2026,Sucursal Chiquimula Centro,Chiquimula,Distrito Oriente,SÍ,SÍ,NO,SÍ,SÍ,SÍ,SÍ,SÍ,SÍ,NO,NO,SÍ,SÍ,NO,SÍ,SÍ,SÍ,NO,NO,SÍ,SÍ,NO,SÍ,NO,SÍ,NO,SÍ,SÍ,SÍ,SÍ,SÍ,SÍ,NO,SÍ,SÍ,SÍ,SÍ,SÍ,SÍ,SÍ,,
2026-05-21 09:44:34,21/05/2026,Sucursal Norte Jala,Jalapa,Distrito Oriente,SÍ,SÍ,SÍ,SÍ,SÍ,SÍ,SÍ,SÍ,NO,NO,SÍ,SÍ,SÍ,SÍ,SÍ,SÍ,SÍ,NO,NO,SÍ,SÍ,NO,SÍ,SÍ,SÍ,SÍ,SÍ,SÍ,SÍ,NO,SÍ,SÍ,NO,SÍ,SÍ,NO,SÍ,SÍ,SÍ,SÍ,,
2026-05-20 10:18:40,20/05/2026,Sucursal Jalapa Plaza,Jalapa,Distrito Oriente,SÍ,SÍ,SÍ,SÍ,SÍ,SÍ,SÍ,SÍ,SÍ,NO,NO,SÍ,SÍ,SÍ,SÍ,SÍ,SÍ,SÍ,NO,SÍ,SÍ,NO,SÍ,NO,NO,NO,NO,SÍ,NO,NO,SÍ,SÍ,SÍ,SÍ,SÍ,SÍ,SÍ,SÍ,SÍ,SÍ,,
2026-05-04 14:57:23,04/05/2026,Sucursal Terminal Solo,Sololá,Distrito Occidente,SÍ,NO,SÍ,NO,SÍ,SÍ,SÍ,SÍ,SÍ,NO,SÍ,SÍ,SÍ,NO,SÍ,SÍ,NO,SÍ,SÍ,SÍ,SÍ,SÍ,SÍ,SÍ,SÍ,SÍ,SÍ,SÍ,SÍ,NO,SÍ,SÍ,SÍ,SÍ,NO,SÍ,NO,SÍ,SÍ,SÍ,,
2026-05-01 11:38:42,01/05/2026,Sucursal Sololá Centro,Sololá,Distrito Occidente,NO,SÍ,SÍ,SÍ,NO,SÍ,SÍ,SÍ,SÍ,NO,NO,SÍ,SÍ,NO,SÍ,SÍ,SÍ,SÍ,NO,SÍ,SÍ,NO,SÍ,NO,SÍ,SÍ,SÍ,SÍ,SÍ,SÍ,SÍ,SÍ,SÍ,NO,SÍ,SÍ,SÍ,SÍ,SÍ,SÍ,"Visita dentro del promedio, con áreas de oportunidad.",
2026-05-06 15:54:00,06/05/2026,Sucursal Express Toto,Totonicapán,Distrito Occidente,SÍ,SÍ,NO,NO,SÍ,SÍ,SÍ,SÍ,SÍ,NO,SÍ,SÍ,SÍ,NO,SÍ,SÍ,SÍ,NO,SÍ,NO,NO,SÍ,NO,SÍ,SÍ,NO,NO,NO,SÍ,SÍ,SÍ,SÍ,SÍ,SÍ,NO,NO,SÍ,SÍ,NO,SÍ,,
2026-05-19 16:40:24,19/05/2026,Sucursal Totonicapán Plaza,Totonicapán,Distrito Occidente,NO,SÍ,SÍ,SÍ,SÍ,SÍ,SÍ,SÍ,NO,NO,NO,NO,SÍ,SÍ,NO,NO,SÍ,SÍ,SÍ,NO,NO,NO,SÍ,SÍ,SÍ,SÍ,SÍ,SÍ,SÍ,SÍ,SÍ,SÍ,NO,NO,NO,SÍ,SÍ,SÍ,NO,SÍ,"Visita dentro del promedio, con áreas de oportunidad.",
2026-05-10 14:01:22,10/05/2026,Sucursal Plaza Quic,Quiché,Distrito Occidente,SÍ,SÍ,SÍ,SÍ,SÍ,SÍ,NO,NO,SÍ,NO,NO,NO,NO,NO,NO,SÍ,SÍ,NO,NO,SÍ,SÍ,NO,SÍ,SÍ,SÍ,SÍ,NO,SÍ,SÍ,SÍ,SÍ,SÍ,SÍ,NO,NO,SÍ,NO,SÍ,SÍ,SÍ,,
2026-05-26 15:53:08,26/05/2026,Sucursal Quiché Plaza,Quiché,Distrito Occidente,SÍ,SÍ,SÍ,SÍ,SÍ,SÍ,SÍ,NO,SÍ,NO,NO,SÍ,SÍ,SÍ,SÍ,SÍ,SÍ,SÍ,NO,SÍ,SÍ,NO,SÍ,SÍ,SÍ,SÍ,SÍ,NO,SÍ,SÍ,SÍ,SÍ,SÍ,SÍ,SÍ,SÍ,SÍ,SÍ,SÍ,SÍ,Excelente servicio. La sucursal está operando en óptimas condiciones.,
2026-05-22 13:36:00,22/05/2026,Sucursal Oriente Baja,Baja Verapaz,Distrito Norte,SÍ,SÍ,SÍ,SÍ,SÍ,SÍ,SÍ,SÍ,SÍ,NO,NO,NO,SÍ,SÍ,SÍ,NO,SÍ,SÍ,NO,SÍ,SÍ,NO,SÍ,SÍ,NO,SÍ,SÍ,SÍ,SÍ,SÍ,NO,SÍ,SÍ,SÍ,SÍ,SÍ,SÍ,SÍ,SÍ,SÍ,Excelente servicio. La sucursal está operando en óptimas condiciones.,
2026-06-01 13:31:20,01/06/2026,Sucursal Centro,Guatemala,Distrito Metro,SÍ,SÍ,SÍ,SÍ,SÍ,SÍ,SÍ,SÍ,SÍ,NO,NO,SÍ,SÍ,SÍ,SÍ,SÍ,SÍ,SÍ,NO,SÍ,SÍ,NO,SÍ,NO,NO,SÍ,SÍ,SÍ,SÍ,SÍ,SÍ,NO,SÍ,SÍ,SÍ,SÍ,SÍ,SÍ,SÍ,SÍ,Excelente servicio. La sucursal está operando en óptimas condiciones.,
2026-06-17 12:13:48,17/06/2026,Sucursal Norte,Guatemala,Distrito Metro,SÍ,SÍ,SÍ,SÍ,SÍ,SÍ,SÍ,SÍ,SÍ,SÍ,NO,NO,SÍ,SÍ,SÍ,NO,NO,SÍ,NO,SÍ,SÍ,SÍ,SÍ,NO,SÍ,SÍ,NO,SÍ,SÍ,SÍ,SÍ,SÍ,SÍ,SÍ,SÍ,SÍ,SÍ,SÍ,NO,SÍ,,
2026-06-04 17:42:16,04/06/2026,Sucursal Sur,Guatemala,Distrito Metro,SÍ,NO,SÍ,SÍ,NO,SÍ,SÍ,SÍ,SÍ,SÍ,SÍ,SÍ,SÍ,SÍ,NO,SÍ,SÍ,SÍ,NO,NO,SÍ,NO,NO,SÍ,SÍ,SÍ,SÍ,SÍ,NO,NO,SÍ,NO,SÍ,SÍ,SÍ,SÍ,NO,NO,SÍ,SÍ,"Visita dentro del promedio, con áreas de oportunidad.",
2026-06-12 15:53:03,12/06/2026,Sucursal Las Palmas,Guatemala,Distrito Metro,NO,NO,NO,SÍ,NO,SÍ,NO,SÍ,NO,SÍ,SÍ,SÍ,SÍ,NO,NO,NO,SÍ,NO,NO,NO,NO,SÍ,SÍ,SÍ,NO,SÍ,SÍ,SÍ,NO,SÍ,SÍ,SÍ,NO,NO,SÍ,NO,NO,NO,SÍ,NO,"Se notaron deficiencias considerables, especialmente en Cobro. El personal necesita capacitación.",
2026-06-10 11:32:23,10/06/2026,Sucursal Pradera,Guatemala,Distrito Metro,SÍ,SÍ,SÍ,SÍ,SÍ,SÍ,SÍ,NO,SÍ,NO,NO,SÍ,SÍ,SÍ,SÍ,SÍ,SÍ,SÍ,NO,NO,SÍ,SÍ,SÍ,NO,SÍ,SÍ,SÍ,SÍ,SÍ,SÍ,SÍ,SÍ,SÍ,NO,SÍ,SÍ,SÍ,SÍ,SÍ,SÍ,,
2026-06-16 12:44:31,16/06/2026,Sucursal Majadas,Guatemala,Distrito Metro,SÍ,SÍ,NO,SÍ,SÍ,SÍ,SÍ,NO,SÍ,NO,NO,SÍ,SÍ,SÍ,SÍ,SÍ,SÍ,SÍ,NO,SÍ,NO,NO,SÍ,NO,NO,SÍ,SÍ,SÍ,SÍ,SÍ,NO,SÍ,SÍ,SÍ,SÍ,NO,SÍ,NO,SÍ,SÍ,,
2026-06-06 08:41:03,06/06/2026,Sucursal Vista Hermosa,Guatemala,Distrito Metro,NO,NO,NO,NO,SÍ,SÍ,SÍ,SÍ,SÍ,NO,NO,SÍ,SÍ,SÍ,SÍ,SÍ,SÍ,SÍ,NO,SÍ,SÍ,NO,SÍ,SÍ,SÍ,SÍ,SÍ,SÍ,SÍ,SÍ,SÍ,SÍ,SÍ,NO,SÍ,SÍ,SÍ,SÍ,NO,SÍ,"Visita dentro del promedio, con áreas de oportunidad.",
2026-06-24 15:15:26,24/06/2026,Sucursal Cayalá,Guatemala,Distrito Metro,SÍ,SÍ,SÍ,SÍ,NO,NO,NO,SÍ,SÍ,NO,NO,NO,SÍ,SÍ,SÍ,NO,SÍ,SÍ,NO,NO,SÍ,NO,SÍ,SÍ,NO,NO,NO,SÍ,NO,SÍ,SÍ,SÍ,SÍ,SÍ,NO,NO,SÍ,SÍ,SÍ,SÍ,,
2026-06-23 14:38:39,23/06/2026,Sucursal Américas,Guatemala,Distrito Metro,SÍ,SÍ,SÍ,SÍ,SÍ,SÍ,SÍ,SÍ,NO,NO,NO,NO,SÍ,SÍ,SÍ,SÍ,SÍ,SÍ,NO,SÍ,SÍ,NO,SÍ,SÍ,SÍ,SÍ,SÍ,SÍ,SÍ,SÍ,SÍ,SÍ,NO,SÍ,SÍ,SÍ,SÍ,SÍ,SÍ,SÍ,Excelente servicio. La sucursal está operando en óptimas condiciones.,
2026-06-27 08:53:41,27/06/2026,Sucursal Roosevelt,Guatemala,Distrito Metro,NO,NO,SÍ,NO,SÍ,NO,NO,SÍ,SÍ,SÍ,SÍ,NO,NO,SÍ,SÍ,NO,NO,NO,NO,NO,SÍ,SÍ,SÍ,NO,NO,NO,SÍ,SÍ,SÍ,NO,SÍ,SÍ,NO,SÍ,NO,SÍ,NO,NO,NO,NO,"Se notaron deficiencias considerables, especialmente en Cobro. El personal necesita capacitación.",
2026-06-05 14:08:32,05/06/2026,Sucursal Portales,Guatemala,Distrito Metro,SÍ,NO,SÍ,NO,SÍ,NO,SÍ,SÍ,SÍ,SÍ,SÍ,SÍ,SÍ,SÍ,NO,SÍ,SÍ,NO,NO,SÍ,NO,NO,NO,SÍ,SÍ,SÍ,NO,NO,SÍ,NO,SÍ,NO,SÍ,SÍ,SÍ,NO,SÍ,SÍ,SÍ,NO,,
2026-06-10 15:54:30,10/06/2026,Sucursal Naranjo,Guatemala,Distrito Metro,SÍ,NO,SÍ,NO,SÍ,SÍ,SÍ,SÍ,SÍ,NO,SÍ,NO,NO,NO,SÍ,NO,NO,SÍ,NO,SÍ,SÍ,SÍ,SÍ,SÍ,SÍ,SÍ,SÍ,SÍ,NO,SÍ,SÍ,SÍ,NO,SÍ,SÍ,NO,SÍ,SÍ,SÍ,SÍ,,
2026-06-11 16:55:12,11/06/2026,Sucursal San Cristóbal,Guatemala,Distrito Metro,SÍ,SÍ,SÍ,SÍ,SÍ,SÍ,NO,SÍ,SÍ,NO,NO,SÍ,SÍ,NO,SÍ,SÍ,SÍ,SÍ,NO,SÍ,NO,NO,SÍ,SÍ,SÍ,SÍ,SÍ,SÍ,SÍ,SÍ,SÍ,SÍ,NO,SÍ,NO,SÍ,SÍ,NO,SÍ,SÍ,"Visita dentro del promedio, con áreas de oportunidad.",
2026-06-07 09:04:12,07/06/2026,Sucursal Muxbal,Guatemala,Distrito Metro,SÍ,SÍ,SÍ,SÍ,SÍ,SÍ,SÍ,SÍ,SÍ,NO,NO,SÍ,SÍ,SÍ,SÍ,SÍ,SÍ,SÍ,NO,SÍ,SÍ,NO,SÍ,SÍ,SÍ,SÍ,SÍ,SÍ,NO,SÍ,SÍ,SÍ,SÍ,SÍ,SÍ,SÍ,SÍ,SÍ,SÍ,SÍ,Excelente servicio. La sucursal está operando en óptimas condiciones.,
2026-06-01 12:08:49,01/06/2026,Sucursal Carretera,Guatemala,Distrito Metro,SÍ,SÍ,SÍ,SÍ,SÍ,SÍ,SÍ,SÍ,SÍ,NO,NO,SÍ,SÍ,SÍ,SÍ,SÍ,SÍ,SÍ,NO,SÍ,SÍ,NO,SÍ,SÍ,SÍ,SÍ,SÍ,SÍ,SÍ,SÍ,SÍ,SÍ,SÍ,SÍ,SÍ,SÍ,SÍ,SÍ,SÍ,SÍ,Excelente servicio. La sucursal está operando en óptimas condiciones.,
2026-06-03 08:50:47,03/06/2026,Sucursal Zonal,Guatemala,Distrito Metro,SÍ,SÍ,SÍ,SÍ,SÍ,SÍ,SÍ,NO,SÍ,NO,NO,SÍ,NO,SÍ,NO,SÍ,NO,SÍ,SÍ,NO,NO,NO,SÍ,SÍ,SÍ,SÍ,SÍ,SÍ,SÍ,SÍ,SÍ,NO,SÍ,SÍ,SÍ,SÍ,SÍ,SÍ,SÍ,NO,,
2026-06-21 15:44:49,21/06/2026,Sucursal Express,Guatemala,Distrito Metro,NO,SÍ,SÍ,SÍ,NO,SÍ,SÍ,SÍ,SÍ,NO,NO,SÍ,SÍ,SÍ,SÍ,NO,SÍ,SÍ,NO,SÍ,SÍ,SÍ,SÍ,SÍ,SÍ,NO,SÍ,SÍ,SÍ,NO,SÍ,SÍ,SÍ,NO,SÍ,SÍ,SÍ,SÍ,SÍ,NO,"Visita dentro del promedio, con áreas de oportunidad.",
2026-06-20 17:23:26,20/06/2026,Sucursal San Miguel,Guatemala,Distrito Metro,SÍ,NO,SÍ,SÍ,NO,SÍ,SÍ,SÍ,NO,NO,NO,SÍ,SÍ,SÍ,SÍ,NO,SÍ,SÍ,NO,NO,NO,NO,SÍ,SÍ,SÍ,SÍ,SÍ,SÍ,SÍ,SÍ,SÍ,SÍ,NO,NO,NO,NO,SÍ,SÍ,SÍ,SÍ,,
2026-06-16 16:13:00,16/06/2026,Sucursal Villa Nueva,Guatemala,Distrito Metro,NO,NO,NO,NO,SÍ,NO,NO,NO,NO,SÍ,NO,NO,NO,NO,NO,NO,NO,NO,SÍ,SÍ,SÍ,SÍ,NO,NO,NO,SÍ,NO,NO,NO,SÍ,SÍ,SÍ,NO,SÍ,SÍ,NO,SÍ,NO,SÍ,SÍ,"Se notaron deficiencias considerables, especialmente en Cobro. El personal necesita capacitación.",
2026-06-27 15:07:48,27/06/2026,Sucursal Petapa,Guatemala,Distrito Metro,SÍ,SÍ,SÍ,SÍ,SÍ,SÍ,SÍ,SÍ,NO,NO,NO,NO,SÍ,NO,SÍ,SÍ,SÍ,SÍ,NO,NO,SÍ,SÍ,NO,SÍ,SÍ,NO,NO,SÍ,SÍ,SÍ,SÍ,SÍ,SÍ,SÍ,SÍ,SÍ,NO,SÍ,SÍ,NO,,
2026-06-11 14:25:35,11/06/2026,Sucursal Mixco,Guatemala,Distrito Metro,SÍ,SÍ,SÍ,SÍ,SÍ,SÍ,SÍ,SÍ,SÍ,NO,NO,SÍ,SÍ,SÍ,SÍ,SÍ,SÍ,NO,NO,SÍ,SÍ,NO,SÍ,SÍ,SÍ,SÍ,SÍ,SÍ,SÍ,SÍ,SÍ,SÍ,SÍ,SÍ,SÍ,SÍ,NO,SÍ,SÍ,SÍ,Excelente servicio. La sucursal está operando en óptimas condiciones.,
2026-06-27 17:27:07,27/06/2026,Sucursal San José,Guatemala,Distrito Metro,SÍ,SÍ,SÍ,SÍ,SÍ,SÍ,SÍ,SÍ,SÍ,NO,NO,SÍ,NO,NO,SÍ,SÍ,SÍ,SÍ,NO,NO,SÍ,NO,SÍ,SÍ,SÍ,SÍ,SÍ,SÍ,SÍ,SÍ,SÍ,SÍ,SÍ,SÍ,SÍ,SÍ,SÍ,SÍ,SÍ,SÍ,Excelente servicio. La sucursal está operando en óptimas condiciones.,
2026-06-17 13:55:15,17/06/2026,Sucursal Santa Catarina,Guatemala,Distrito Metro,SÍ,SÍ,NO,SÍ,NO,SÍ,SÍ,SÍ,SÍ,NO,NO,SÍ,SÍ,SÍ,NO,NO,SÍ,SÍ,NO,NO,NO,NO,SÍ,SÍ,SÍ,SÍ,SÍ,SÍ,SÍ,SÍ,SÍ,SÍ,NO,SÍ,NO,NO,NO,SÍ,SÍ,SÍ,,
2026-06-18 13:45:20,18/06/2026,Sucursal Pinula,Guatemala,Distrito Metro,NO,NO,NO,SÍ,NO,NO,NO,NO,NO,SÍ,SÍ,NO,SÍ,SÍ,SÍ,SÍ,SÍ,SÍ,SÍ,NO,NO,SÍ,NO,SÍ,NO,NO,SÍ,SÍ,SÍ,NO,SÍ,SÍ,NO,NO,SÍ,NO,SÍ,SÍ,SÍ,SÍ,"Se notaron deficiencias considerables, especialmente en Cobro. El personal necesita capacitación.",Incidencia grave en Cobro: Condiciones inaceptables de servicio o infraestructura.
2026-06-27 15:46:46,27/06/2026,Sucursal Boca del Monte,Guatemala,Distrito Metro,NO,SÍ,SÍ,SÍ,SÍ,SÍ,NO,NO,NO,SÍ,SÍ,NO,SÍ,NO,SÍ,NO,SÍ,NO,NO,NO,NO,NO,NO,SÍ,NO,SÍ,SÍ,SÍ,SÍ,SÍ,NO,NO,NO,NO,NO,SÍ,NO,SÍ,NO,NO,"Se notaron deficiencias considerables, especialmente en Cobro. El personal necesita capacitación.",Incidencia grave en Cobro: Condiciones inaceptables de servicio o infraestructura.
2026-06-10 12:34:21,10/06/2026,Sucursal Atlántico,Guatemala,Distrito Metro,SÍ,SÍ,SÍ,SÍ,SÍ,NO,SÍ,SÍ,SÍ,NO,NO,SÍ,SÍ,SÍ,SÍ,NO,SÍ,SÍ,NO,SÍ,NO,NO,SÍ,SÍ,SÍ,SÍ,SÍ,SÍ,SÍ,SÍ,SÍ,NO,SÍ,SÍ,SÍ,SÍ,SÍ,SÍ,SÍ,SÍ,Excelente servicio. La sucursal está operando en óptimas condiciones.,
2026-06-18 18:40:50,18/06/2026,Sucursal Pacífico,Guatemala,Distrito Metro,NO,SÍ,SÍ,NO,SÍ,SÍ,SÍ,SÍ,SÍ,NO,NO,SÍ,SÍ,SÍ,SÍ,SÍ,SÍ,SÍ,NO,SÍ,SÍ,NO,SÍ,SÍ,SÍ,NO,SÍ,NO,NO,SÍ,NO,SÍ,SÍ,SÍ,SÍ,SÍ,SÍ,SÍ,SÍ,SÍ,,
2026-06-26 16:19:54,26/06/2026,Sucursal Aguilar Batres,Guatemala,Distrito Metro,SÍ,SÍ,SÍ,NO,SÍ,SÍ,SÍ,SÍ,NO,NO,NO,SÍ,SÍ,SÍ,NO,NO,SÍ,SÍ,SÍ,NO,NO,NO,SÍ,SÍ,SÍ,SÍ,SÍ,SÍ,SÍ,SÍ,SÍ,SÍ,NO,NO,NO,NO,NO,SÍ,SÍ,SÍ,,
2026-06-27 14:57:13,27/06/2026,Sucursal Avenida,Guatemala,Distrito Metro,NO,SÍ,SÍ,SÍ,SÍ,SÍ,SÍ,SÍ,SÍ,NO,NO,SÍ,SÍ,SÍ,SÍ,SÍ,SÍ,SÍ,NO,SÍ,SÍ,NO,SÍ,SÍ,SÍ,SÍ,SÍ,SÍ,SÍ,SÍ,SÍ,SÍ,SÍ,SÍ,SÍ,SÍ,SÍ,SÍ,SÍ,SÍ,Excelente servicio. La sucursal está operando en óptimas condiciones.,
2026-06-11 16:10:33,11/06/2026,Sucursal Boulevard,Guatemala,Distrito Metro,SÍ,SÍ,SÍ,SÍ,SÍ,NO,SÍ,NO,SÍ,NO,SÍ,NO,SÍ,SÍ,NO,NO,NO,SÍ,NO,NO,SÍ,NO,SÍ,SÍ,SÍ,NO,SÍ,SÍ,SÍ,NO,SÍ,SÍ,NO,NO,SÍ,SÍ,SÍ,SÍ,NO,SÍ,,
2026-06-10 09:04:32,10/06/2026,Sucursal Quetzaltenango Norte,Quetzaltenango,Distrito Occidente,NO,NO,SÍ,SÍ,NO,SÍ,SÍ,SÍ,SÍ,SÍ,NO,SÍ,SÍ,SÍ,NO,NO,SÍ,NO,SÍ,SÍ,SÍ,SÍ,SÍ,SÍ,SÍ,SÍ,SÍ,SÍ,SÍ,SÍ,SÍ,NO,SÍ,SÍ,NO,SÍ,SÍ,SÍ,SÍ,SÍ,,
2026-06-10 14:56:26,10/06/2026,Sucursal Terminal Quet,Quetzaltenango,Distrito Occidente,SÍ,SÍ,SÍ,NO,SÍ,SÍ,SÍ,SÍ,SÍ,NO,SÍ,NO,SÍ,SÍ,NO,SÍ,SÍ,SÍ,NO,SÍ,NO,NO,SÍ,SÍ,NO,NO,NO,NO,NO,NO,SÍ,SÍ,SÍ,SÍ,SÍ,SÍ,SÍ,NO,SÍ,SÍ,,
2026-06-20 17:20:11,20/06/2026,Sucursal Quetzaltenango Centro,Quetzaltenango,Distrito Occidente,SÍ,SÍ,SÍ,SÍ,SÍ,SÍ,SÍ,SÍ,SÍ,NO,NO,SÍ,SÍ,SÍ,SÍ,SÍ,SÍ,SÍ,NO,SÍ,SÍ,NO,SÍ,SÍ,NO,SÍ,SÍ,NO,SÍ,SÍ,SÍ,SÍ,SÍ,SÍ,NO,SÍ,SÍ,SÍ,SÍ,SÍ,Excelente servicio. La sucursal está operando en óptimas condiciones.,
2026-06-26 12:07:29,26/06/2026,Sucursal Llanos Quet,Quetzaltenango,Distrito Occidente,NO,SÍ,SÍ,NO,NO,SÍ,NO,NO,SÍ,SÍ,NO,NO,SÍ,SÍ,NO,NO,SÍ,SÍ,NO,SÍ,SÍ,NO,NO,SÍ,NO,SÍ,NO,SÍ,SÍ,SÍ,SÍ,SÍ,SÍ,SÍ,NO,SÍ,SÍ,NO,NO,SÍ,"Visita dentro del promedio, con áreas de oportunidad.",
2026-06-26 09:30:47,26/06/2026,Sucursal Quetzaltenango Norte,Quetzaltenango,Distrito Occidente,SÍ,NO,NO,SÍ,SÍ,NO,SÍ,SÍ,SÍ,NO,NO,SÍ,SÍ,SÍ,SÍ,NO,SÍ,SÍ,SÍ,NO,NO,SÍ,NO,NO,NO,SÍ,SÍ,SÍ,NO,SÍ,NO,SÍ,SÍ,SÍ,NO,SÍ,SÍ,NO,NO,SÍ,,
2026-06-13 09:31:29,13/06/2026,Sucursal Sur Quet,Quetzaltenango,Distrito Occidente,NO,NO,SÍ,SÍ,SÍ,SÍ,SÍ,SÍ,SÍ,NO,NO,SÍ,SÍ,NO,NO,NO,SÍ,NO,NO,SÍ,NO,NO,NO,NO,SÍ,SÍ,SÍ,SÍ,SÍ,NO,SÍ,SÍ,SÍ,SÍ,SÍ,SÍ,SÍ,SÍ,SÍ,SÍ,"Visita dentro del promedio, con áreas de oportunidad.",
2026-06-04 17:57:25,04/06/2026,Sucursal Escuintla Centro,Escuintla,Distrito Sur,SÍ,SÍ,SÍ,SÍ,SÍ,SÍ,SÍ,SÍ,SÍ,NO,NO,SÍ,SÍ,SÍ,SÍ,SÍ,SÍ,SÍ,NO,SÍ,NO,NO,SÍ,SÍ,NO,SÍ,SÍ,SÍ,SÍ,SÍ,SÍ,SÍ,SÍ,SÍ,SÍ,SÍ,SÍ,SÍ,SÍ,SÍ,Excelente servicio. La sucursal está operando en óptimas condiciones.,
2026-06-11 18:22:41,11/06/2026,Sucursal Mercado Escu,Escuintla,Distrito Sur,SÍ,SÍ,SÍ,SÍ,SÍ,SÍ,SÍ,SÍ,SÍ,NO,NO,SÍ,SÍ,SÍ,SÍ,SÍ,SÍ,SÍ,NO,SÍ,SÍ,NO,SÍ,SÍ,NO,SÍ,SÍ,SÍ,SÍ,SÍ,SÍ,SÍ,SÍ,SÍ,SÍ,SÍ,SÍ,SÍ,SÍ,SÍ,Excelente servicio. La sucursal está operando en óptimas condiciones.,
2026-06-22 13:22:28,22/06/2026,Sucursal Escuintla Norte,Escuintla,Distrito Sur,NO,NO,SÍ,SÍ,NO,NO,SÍ,NO,NO,SÍ,SÍ,NO,SÍ,NO,SÍ,NO,SÍ,NO,SÍ,NO,NO,NO,NO,NO,SÍ,SÍ,NO,SÍ,SÍ,NO,NO,SÍ,NO,NO,SÍ,SÍ,SÍ,NO,NO,SÍ,"Se notaron deficiencias considerables, especialmente en Cobro. El personal necesita capacitación.",Incidencia grave en Cobro: Condiciones inaceptables de servicio o infraestructura.
2026-06-15 09:35:18,15/06/2026,Sucursal Occidente Escu,Escuintla,Distrito Sur,SÍ,NO,NO,NO,NO,NO,NO,SÍ,SÍ,NO,SÍ,SÍ,SÍ,NO,SÍ,SÍ,NO,SÍ,NO,NO,SÍ,SÍ,SÍ,SÍ,SÍ,NO,NO,SÍ,SÍ,SÍ,NO,SÍ,NO,SÍ,NO,NO,NO,NO,NO,NO,"Se notaron deficiencias considerables, especialmente en Cobro. El personal necesita capacitación.",
2026-06-04 12:24:38,04/06/2026,Sucursal Escuintla Norte,Escuintla,Distrito Sur,SÍ,SÍ,NO,SÍ,SÍ,SÍ,SÍ,SÍ,SÍ,NO,NO,NO,SÍ,SÍ,SÍ,SÍ,SÍ,SÍ,NO,SÍ,SÍ,NO,SÍ,SÍ,SÍ,SÍ,SÍ,SÍ,NO,SÍ,SÍ,SÍ,SÍ,SÍ,SÍ,SÍ,SÍ,SÍ,SÍ,SÍ,Excelente servicio. La sucursal está operando en óptimas condiciones.,
2026-06-02 18:30:45,02/06/2026,Sucursal Norte Escu,Escuintla,Distrito Sur,SÍ,SÍ,SÍ,SÍ,NO,SÍ,NO,SÍ,SÍ,NO,SÍ,SÍ,SÍ,SÍ,SÍ,NO,NO,SÍ,NO,SÍ,SÍ,NO,SÍ,SÍ,SÍ,SÍ,SÍ,SÍ,SÍ,SÍ,SÍ,NO,SÍ,NO,NO,NO,NO,SÍ,SÍ,SÍ,,
2026-06-20 10:27:22,20/06/2026,Sucursal Sacatepéquez Norte,Sacatepéquez,Distrito Central,SÍ,NO,SÍ,NO,NO,SÍ,NO,NO,NO,NO,SÍ,NO,NO,SÍ,SÍ,NO,SÍ,SÍ,NO,SÍ,SÍ,NO,SÍ,NO,SÍ,SÍ,NO,SÍ,NO,NO,SÍ,SÍ,NO,NO,SÍ,SÍ,NO,NO,SÍ,NO,"Se notaron deficiencias considerables, especialmente en Cobro. El personal necesita capacitación.",
2026-06-25 17:54:44,25/06/2026,Sucursal Central Saca,Sacatepéquez,Distrito Central,SÍ,NO,SÍ,SÍ,NO,SÍ,SÍ,NO,NO,SÍ,NO,SÍ,NO,SÍ,NO,NO,SÍ,SÍ,NO,NO,SÍ,NO,SÍ,NO,SÍ,SÍ,SÍ,SÍ,SÍ,NO,SÍ,SÍ,NO,NO,SÍ,SÍ,SÍ,SÍ,SÍ,SÍ,,
2026-06-27 12:16:13,27/06/2026,Sucursal Sacatepéquez Centro,Sacatepéquez,Distrito Central,NO,SÍ,SÍ,SÍ,SÍ,SÍ,SÍ,SÍ,SÍ,NO,NO,SÍ,SÍ,SÍ,SÍ,SÍ,SÍ,SÍ,NO,SÍ,SÍ,NO,SÍ,SÍ,NO,NO,NO,SÍ,NO,NO,SÍ,SÍ,SÍ,SÍ,SÍ,SÍ,SÍ,SÍ,SÍ,SÍ,,
2026-06-20 16:24:25,20/06/2026,Sucursal Terminal Saca,Sacatepéquez,Distrito Central,SÍ,NO,SÍ,SÍ,SÍ,SÍ,SÍ,NO,SÍ,NO,NO,SÍ,SÍ,SÍ,NO,SÍ,SÍ,NO,NO,SÍ,SÍ,SÍ,NO,SÍ,SÍ,NO,SÍ,SÍ,SÍ,SÍ,SÍ,SÍ,SÍ,NO,SÍ,SÍ,SÍ,SÍ,NO,NO,"Visita dentro del promedio, con áreas de oportunidad.",
2026-06-18 16:36:38,18/06/2026,Sucursal Sacatepéquez Norte,Sacatepéquez,Distrito Central,SÍ,SÍ,SÍ,SÍ,SÍ,SÍ,SÍ,SÍ,SÍ,NO,NO,SÍ,SÍ,SÍ,SÍ,SÍ,SÍ,SÍ,NO,SÍ,NO,NO,SÍ,SÍ,SÍ,SÍ,SÍ,SÍ,SÍ,NO,SÍ,SÍ,SÍ,SÍ,NO,SÍ,SÍ,SÍ,SÍ,SÍ,Excelente servicio. La sucursal está operando en óptimas condiciones.,
2026-06-05 08:17:51,05/06/2026,Sucursal Avenida Chim,Chimaltenango,Distrito Central,NO,SÍ,SÍ,SÍ,SÍ,SÍ,SÍ,SÍ,SÍ,NO,NO,SÍ,SÍ,NO,NO,SÍ,SÍ,SÍ,NO,NO,SÍ,NO,NO,NO,SÍ,SÍ,SÍ,SÍ,SÍ,SÍ,SÍ,SÍ,SÍ,SÍ,SÍ,NO,SÍ,SÍ,SÍ,NO,"Visita dentro del promedio, con áreas de oportunidad.",
2026-06-27 15:27:52,27/06/2026,Sucursal Chimaltenango Centro,Chimaltenango,Distrito Central,NO,SÍ,SÍ,NO,SÍ,SÍ,NO,SÍ,NO,SÍ,NO,SÍ,NO,NO,NO,NO,SÍ,NO,NO,NO,SÍ,NO,SÍ,SÍ,SÍ,SÍ,NO,NO,SÍ,SÍ,NO,SÍ,NO,SÍ,NO,SÍ,SÍ,NO,NO,SÍ,"Se notaron deficiencias considerables, especialmente en Cobro. El personal necesita capacitación.",
2026-06-06 14:23:20,06/06/2026,Sucursal Plaza Chim,Chimaltenango,Distrito Central,NO,NO,SÍ,SÍ,NO,SÍ,SÍ,SÍ,NO,SÍ,NO,SÍ,SÍ,SÍ,SÍ,NO,NO,NO,SÍ,NO,SÍ,SÍ,NO,NO,NO,SÍ,SÍ,NO,SÍ,SÍ,SÍ,SÍ,SÍ,NO,SÍ,SÍ,NO,NO,NO,NO,"Se notaron deficiencias considerables, especialmente en Cobro. El personal necesita capacitación.",Incidencia grave en Cobro: Condiciones inaceptables de servicio o infraestructura.
2026-06-15 13:07:33,15/06/2026,Sucursal Chimaltenango Plaza,Chimaltenango,Distrito Central,SÍ,SÍ,SÍ,SÍ,SÍ,SÍ,SÍ,SÍ,SÍ,NO,NO,SÍ,SÍ,SÍ,SÍ,SÍ,SÍ,SÍ,NO,SÍ,SÍ,NO,SÍ,SÍ,SÍ,SÍ,SÍ,SÍ,SÍ,SÍ,SÍ,NO,SÍ,SÍ,SÍ,SÍ,SÍ,SÍ,SÍ,SÍ,Excelente servicio. La sucursal está operando en óptimas condiciones.,
2026-06-21 14:49:13,21/06/2026,Sucursal Avenida Alta,Alta Verapaz,Distrito Norte,SÍ,NO,SÍ,SÍ,SÍ,SÍ,SÍ,SÍ,SÍ,NO,SÍ,NO,SÍ,SÍ,SÍ,SÍ,NO,SÍ,NO,SÍ,SÍ,NO,SÍ,SÍ,SÍ,SÍ,SÍ,SÍ,SÍ,SÍ,SÍ,SÍ,SÍ,SÍ,NO,SÍ,SÍ,SÍ,SÍ,SÍ,,
2026-06-20 10:20:55,20/06/2026,Sucursal Alta Verapaz Plaza,Alta Verapaz,Distrito Norte,SÍ,SÍ,SÍ,SÍ,SÍ,SÍ,SÍ,SÍ,SÍ,NO,NO,SÍ,SÍ,SÍ,SÍ,SÍ,SÍ,SÍ,SÍ,SÍ,SÍ,NO,SÍ,SÍ,SÍ,SÍ,SÍ,SÍ,SÍ,SÍ,SÍ,SÍ,SÍ,NO,SÍ,SÍ,SÍ,SÍ,SÍ,SÍ,Excelente servicio. La sucursal está operando en óptimas condiciones.,
2026-06-10 12:13:42,10/06/2026,Sucursal Express Alta,Alta Verapaz,Distrito Norte,SÍ,SÍ,NO,NO,SÍ,SÍ,NO,NO,SÍ,NO,NO,NO,SÍ,SÍ,SÍ,SÍ,SÍ,SÍ,NO,SÍ,NO,NO,NO,SÍ,SÍ,SÍ,NO,SÍ,SÍ,SÍ,SÍ,SÍ,NO,NO,SÍ,SÍ,SÍ,SÍ,NO,SÍ,,
2026-06-02 10:37:31,02/06/2026,Sucursal Alta Verapaz Centro,Alta Verapaz,Distrito Norte,SÍ,SÍ,SÍ,SÍ,NO,SÍ,NO,SÍ,SÍ,NO,SÍ,SÍ,SÍ,SÍ,NO,NO,SÍ,SÍ,NO,NO,NO,NO,SÍ,SÍ,SÍ,SÍ,SÍ,SÍ,SÍ,SÍ,SÍ,SÍ,SÍ,SÍ,SÍ,NO,NO,SÍ,SÍ,SÍ,,
2026-06-09 18:13:40,09/06/2026,Sucursal Centro Peté,Petén,Distrito Norte,NO,SÍ,NO,NO,NO,SÍ,NO,NO,SÍ,SÍ,SÍ,NO,NO,SÍ,NO,SÍ,SÍ,NO,NO,NO,SÍ,SÍ,SÍ,NO,SÍ,NO,NO,NO,NO,SÍ,NO,SÍ,NO,SÍ,SÍ,NO,SÍ,SÍ,NO,SÍ,"Se notaron deficiencias considerables, especialmente en Cobro. El personal necesita capacitación.",
2026-06-25 09:11:58,25/06/2026,Sucursal Petén Plaza,Petén,Distrito Norte,SÍ,NO,NO,SÍ,SÍ,SÍ,SÍ,NO,SÍ,NO,NO,SÍ,SÍ,NO,SÍ,SÍ,NO,NO,NO,SÍ,NO,NO,SÍ,SÍ,SÍ,SÍ,SÍ,SÍ,NO,SÍ,NO,NO,NO,SÍ,NO,SÍ,NO,SÍ,NO,SÍ,,
2026-06-15 13:39:08,15/06/2026,Sucursal Avenida Peté,Petén,Distrito Norte,SÍ,NO,SÍ,SÍ,NO,SÍ,NO,SÍ,SÍ,NO,SÍ,NO,SÍ,SÍ,NO,NO,SÍ,SÍ,NO,SÍ,SÍ,SÍ,SÍ,SÍ,SÍ,SÍ,SÍ,SÍ,SÍ,SÍ,SÍ,SÍ,SÍ,NO,SÍ,NO,NO,SÍ,SÍ,SÍ,"Visita dentro del promedio, con áreas de oportunidad.",
2026-06-14 08:13:39,14/06/2026,Sucursal Izabal Centro,Izabal,Distrito Oriente,SÍ,SÍ,SÍ,SÍ,SÍ,SÍ,SÍ,SÍ,SÍ,SÍ,NO,NO,NO,SÍ,SÍ,NO,SÍ,SÍ,SÍ,SÍ,NO,SÍ,SÍ,SÍ,SÍ,SÍ,SÍ,SÍ,SÍ,SÍ,NO,SÍ,SÍ,SÍ,SÍ,SÍ,SÍ,NO,SÍ,SÍ,,
2026-06-16 14:53:00,16/06/2026,Sucursal Express Izab,Izabal,Distrito Oriente,SÍ,SÍ,SÍ,SÍ,SÍ,NO,SÍ,SÍ,SÍ,NO,NO,SÍ,SÍ,SÍ,SÍ,SÍ,SÍ,SÍ,SÍ,SÍ,SÍ,SÍ,SÍ,SÍ,SÍ,SÍ,SÍ,SÍ,NO,SÍ,SÍ,SÍ,SÍ,SÍ,SÍ,SÍ,SÍ,SÍ,SÍ,SÍ,Excelente servicio. La sucursal está operando en óptimas condiciones.,
2026-06-23 15:45:28,23/06/2026,Sucursal Izabal Centro,Izabal,Distrito Oriente,NO,NO,NO,SÍ,NO,SÍ,NO,NO,SÍ,SÍ,NO,NO,NO,SÍ,SÍ,SÍ,SÍ,NO,NO,SÍ,NO,NO,SÍ,SÍ,NO,NO,SÍ,SÍ,SÍ,NO,NO,NO,NO,NO,NO,SÍ,NO,NO,SÍ,NO,"Se notaron deficiencias considerables, especialmente en Cobro. El personal necesita capacitación.",
2026-06-14 13:33:16,14/06/2026,Sucursal Centro San ,San Marcos,Distrito Occidente,SÍ,SÍ,SÍ,SÍ,SÍ,SÍ,SÍ,SÍ,SÍ,NO,NO,SÍ,SÍ,SÍ,SÍ,SÍ,SÍ,SÍ,NO,SÍ,SÍ,NO,SÍ,SÍ,SÍ,SÍ,SÍ,SÍ,SÍ,SÍ,SÍ,SÍ,SÍ,SÍ,SÍ,SÍ,SÍ,SÍ,SÍ,SÍ,Excelente servicio. La sucursal está operando en óptimas condiciones.,
2026-06-12 18:09:01,12/06/2026,Sucursal San Marcos Norte,San Marcos,Distrito Occidente,SÍ,SÍ,SÍ,SÍ,SÍ,SÍ,SÍ,SÍ,NO,SÍ,NO,SÍ,NO,SÍ,SÍ,NO,SÍ,SÍ,NO,NO,SÍ,NO,NO,SÍ,NO,NO,NO,SÍ,SÍ,SÍ,SÍ,NO,SÍ,NO,NO,SÍ,NO,NO,SÍ,SÍ,"Visita dentro del promedio, con áreas de oportunidad.",
2026-06-10 16:29:44,10/06/2026,Sucursal Central San ,San Marcos,Distrito Occidente,SÍ,NO,SÍ,NO,SÍ,NO,SÍ,SÍ,SÍ,NO,SÍ,SÍ,SÍ,SÍ,SÍ,NO,NO,NO,SÍ,SÍ,SÍ,NO,NO,SÍ,SÍ,SÍ,SÍ,NO,NO,SÍ,SÍ,SÍ,NO,SÍ,SÍ,SÍ,SÍ,SÍ,NO,SÍ,"Visita dentro del promedio, con áreas de oportunidad.",
2026-06-09 14:27:33,09/06/2026,Sucursal Huehuetenango Norte,Huehuetenango,Distrito Occidente,SÍ,SÍ,SÍ,SÍ,SÍ,SÍ,SÍ,SÍ,SÍ,NO,NO,SÍ,SÍ,SÍ,SÍ,SÍ,SÍ,SÍ,NO,SÍ,SÍ,NO,NO,NO,NO,NO,SÍ,SÍ,NO,NO,SÍ,SÍ,SÍ,SÍ,SÍ,SÍ,NO,SÍ,SÍ,SÍ,,
2026-06-04 18:45:39,04/06/2026,Sucursal Occidente Hueh,Huehuetenango,Distrito Occidente,SÍ,SÍ,SÍ,SÍ,SÍ,NO,SÍ,NO,NO,SÍ,SÍ,SÍ,NO,NO,SÍ,NO,SÍ,SÍ,SÍ,SÍ,SÍ,NO,SÍ,SÍ,SÍ,SÍ,SÍ,SÍ,SÍ,SÍ,NO,SÍ,SÍ,SÍ,SÍ,SÍ,NO,SÍ,NO,NO,,
2026-06-04 17:17:08,04/06/2026,Sucursal Huehuetenango Norte,Huehuetenango,Distrito Occidente,SÍ,SÍ,SÍ,SÍ,SÍ,SÍ,NO,SÍ,SÍ,NO,NO,SÍ,SÍ,NO,SÍ,SÍ,NO,SÍ,NO,SÍ,NO,NO,NO,SÍ,SÍ,SÍ,SÍ,SÍ,SÍ,SÍ,SÍ,NO,NO,SÍ,SÍ,SÍ,SÍ,SÍ,SÍ,SÍ,,
2026-06-26 15:50:12,26/06/2026,Sucursal Brisas Juti,Jutiapa,Distrito Oriente,SÍ,SÍ,SÍ,SÍ,SÍ,NO,NO,SÍ,NO,NO,NO,SÍ,NO,NO,NO,SÍ,SÍ,NO,NO,NO,SÍ,NO,SÍ,SÍ,SÍ,SÍ,NO,SÍ,NO,SÍ,SÍ,NO,NO,NO,SÍ,SÍ,SÍ,NO,SÍ,SÍ,,
2026-06-07 16:13:00,07/06/2026,Sucursal Jutiapa Plaza,Jutiapa,Distrito Oriente,SÍ,SÍ,SÍ,SÍ,SÍ,SÍ,SÍ,SÍ,SÍ,NO,NO,NO,SÍ,SÍ,SÍ,SÍ,SÍ,SÍ,NO,SÍ,SÍ,NO,SÍ,SÍ,SÍ,SÍ,SÍ,SÍ,SÍ,SÍ,SÍ,SÍ,SÍ,SÍ,SÍ,SÍ,SÍ,SÍ,SÍ,SÍ,Excelente servicio. La sucursal está operando en óptimas condiciones.,
2026-06-14 14:48:52,14/06/2026,Sucursal Llanos Zaca,Zacapa,Distrito Oriente,SÍ,SÍ,SÍ,SÍ,SÍ,SÍ,SÍ,SÍ,SÍ,NO,NO,SÍ,SÍ,SÍ,NO,SÍ,SÍ,SÍ,NO,SÍ,SÍ,SÍ,SÍ,SÍ,SÍ,SÍ,SÍ,SÍ,SÍ,SÍ,NO,SÍ,NO,SÍ,SÍ,SÍ,SÍ,SÍ,SÍ,SÍ,,
2026-06-16 12:15:32,16/06/2026,Sucursal Zacapa Plaza,Zacapa,Distrito Oriente,SÍ,SÍ,SÍ,SÍ,SÍ,SÍ,SÍ,SÍ,SÍ,NO,NO,SÍ,SÍ,NO,SÍ,SÍ,SÍ,SÍ,NO,SÍ,SÍ,NO,SÍ,SÍ,SÍ,SÍ,SÍ,SÍ,SÍ,NO,SÍ,SÍ,SÍ,SÍ,SÍ,SÍ,SÍ,SÍ,SÍ,SÍ,Excelente servicio. La sucursal está operando en óptimas condiciones.,
2026-06-19 18:55:11,19/06/2026,Sucursal Parque Reta,Retalhuleu,Distrito Sur,SÍ,SÍ,SÍ,NO,SÍ,SÍ,SÍ,SÍ,SÍ,SÍ,NO,NO,SÍ,SÍ,SÍ,SÍ,SÍ,SÍ,NO,SÍ,SÍ,SÍ,SÍ,SÍ,SÍ,NO,SÍ,SÍ,SÍ,SÍ,SÍ,SÍ,NO,SÍ,SÍ,SÍ,SÍ,NO,SÍ,SÍ,"Visita dentro del promedio, con áreas de oportunidad.",
2026-06-26 09:50:23,26/06/2026,Sucursal Retalhuleu Norte,Retalhuleu,Distrito Sur,SÍ,SÍ,SÍ,SÍ,SÍ,SÍ,SÍ,SÍ,NO,SÍ,SÍ,SÍ,SÍ,NO,NO,SÍ,SÍ,SÍ,NO,NO,SÍ,NO,SÍ,SÍ,SÍ,SÍ,SÍ,NO,SÍ,SÍ,SÍ,SÍ,SÍ,NO,NO,NO,SÍ,NO,SÍ,SÍ,"Visita dentro del promedio, con áreas de oportunidad.",
2026-06-17 09:54:13,17/06/2026,Sucursal Terminal Such,Suchitepéquez,Distrito Sur,SÍ,SÍ,SÍ,SÍ,SÍ,SÍ,SÍ,SÍ,SÍ,NO,NO,SÍ,SÍ,SÍ,SÍ,SÍ,SÍ,SÍ,NO,SÍ,SÍ,SÍ,SÍ,SÍ,NO,SÍ,SÍ,SÍ,SÍ,SÍ,SÍ,SÍ,SÍ,SÍ,SÍ,NO,SÍ,SÍ,SÍ,SÍ,Excelente servicio. La sucursal está operando en óptimas condiciones.,
2026-06-10 08:29:29,10/06/2026,Sucursal Suchitepéquez Centro,Suchitepéquez,Distrito Sur,SÍ,NO,NO,NO,NO,SÍ,NO,NO,NO,SÍ,SÍ,SÍ,NO,SÍ,NO,SÍ,NO,SÍ,NO,SÍ,SÍ,SÍ,SÍ,NO,NO,SÍ,SÍ,NO,NO,NO,SÍ,SÍ,NO,NO,NO,SÍ,NO,SÍ,SÍ,SÍ,"Se notaron deficiencias considerables, especialmente en Cobro. El personal necesita capacitación.",
2026-06-22 08:32:37,22/06/2026,Sucursal Parque Sant,Santa Rosa,Distrito Sur,SÍ,SÍ,SÍ,SÍ,SÍ,SÍ,NO,SÍ,SÍ,NO,NO,SÍ,SÍ,SÍ,SÍ,SÍ,SÍ,NO,NO,SÍ,SÍ,NO,NO,NO,NO,NO,NO,SÍ,NO,NO,SÍ,SÍ,SÍ,NO,SÍ,SÍ,SÍ,SÍ,SÍ,SÍ,"Visita dentro del promedio, con áreas de oportunidad.",
2026-06-08 11:58:47,08/06/2026,Sucursal Santa Rosa Centro,Santa Rosa,Distrito Sur,SÍ,SÍ,SÍ,SÍ,SÍ,SÍ,SÍ,SÍ,SÍ,NO,NO,NO,SÍ,NO,SÍ,SÍ,SÍ,SÍ,NO,SÍ,SÍ,NO,SÍ,SÍ,NO,SÍ,SÍ,NO,SÍ,SÍ,SÍ,SÍ,SÍ,SÍ,SÍ,SÍ,SÍ,SÍ,SÍ,NO,"Visita dentro del promedio, con áreas de oportunidad.",
2026-06-20 17:44:22,20/06/2026,Sucursal Parque El P,El Progreso,Distrito Oriente,NO,SÍ,SÍ,SÍ,SÍ,SÍ,SÍ,NO,SÍ,SÍ,NO,SÍ,NO,SÍ,SÍ,SÍ,SÍ,NO,NO,SÍ,NO,NO,SÍ,NO,SÍ,NO,SÍ,NO,NO,SÍ,SÍ,NO,SÍ,SÍ,SÍ,SÍ,SÍ,NO,NO,NO,"Visita dentro del promedio, con áreas de oportunidad.",
2026-06-11 09:29:07,11/06/2026,Sucursal El Progreso Norte,El Progreso,Distrito Oriente,SÍ,NO,SÍ,SÍ,SÍ,SÍ,SÍ,SÍ,SÍ,NO,NO,SÍ,SÍ,SÍ,SÍ,SÍ,SÍ,SÍ,NO,SÍ,SÍ,NO,SÍ,SÍ,SÍ,SÍ,SÍ,SÍ,SÍ,NO,SÍ,SÍ,SÍ,SÍ,SÍ,SÍ,SÍ,SÍ,NO,SÍ,Excelente servicio. La sucursal está operando en óptimas condiciones.,
2026-06-18 12:22:14,18/06/2026,Sucursal Mercado Chiq,Chiquimula,Distrito Oriente,SÍ,SÍ,SÍ,SÍ,SÍ,NO,NO,NO,SÍ,NO,NO,SÍ,SÍ,SÍ,SÍ,NO,NO,NO,NO,SÍ,SÍ,NO,NO,SÍ,NO,SÍ,SÍ,SÍ,SÍ,SÍ,SÍ,SÍ,SÍ,SÍ,SÍ,SÍ,NO,SÍ,SÍ,SÍ,,
2026-06-19 09:06:44,19/06/2026,Sucursal Chiquimula Centro,Chiquimula,Distrito Oriente,SÍ,SÍ,SÍ,NO,NO,SÍ,SÍ,SÍ,NO,SÍ,SÍ,SÍ,NO,SÍ,NO,NO,SÍ,SÍ,SÍ,SÍ,NO,NO,SÍ,SÍ,SÍ,SÍ,SÍ,NO,NO,SÍ,SÍ,SÍ,SÍ,SÍ,NO,SÍ,SÍ,SÍ,SÍ,SÍ,,
2026-06-01 13:16:37,01/06/2026,Sucursal Norte Jala,Jalapa,Distrito Oriente,SÍ,SÍ,SÍ,NO,SÍ,SÍ,SÍ,SÍ,SÍ,NO,SÍ,NO,SÍ,SÍ,NO,SÍ,SÍ,SÍ,NO,SÍ,SÍ,NO,NO,SÍ,NO,NO,SÍ,NO,SÍ,SÍ,SÍ,SÍ,SÍ,SÍ,SÍ,NO,SÍ,SÍ,NO,NO,,
2026-06-20 09:08:14,20/06/2026,Sucursal Jalapa Plaza,Jalapa,Distrito Oriente,SÍ,SÍ,NO,SÍ,SÍ,SÍ,SÍ,SÍ,SÍ,NO,NO,SÍ,SÍ,SÍ,NO,SÍ,SÍ,NO,NO,SÍ,SÍ,NO,SÍ,NO,NO,SÍ,NO,NO,NO,NO,SÍ,SÍ,SÍ,SÍ,SÍ,SÍ,SÍ,SÍ,SÍ,SÍ,"Visita dentro del promedio, con áreas de oportunidad.",
2026-06-10 10:25:01,10/06/2026,Sucursal Terminal Solo,Sololá,Distrito Occidente,NO,SÍ,SÍ,SÍ,SÍ,SÍ,SÍ,NO,SÍ,NO,SÍ,SÍ,SÍ,NO,SÍ,SÍ,SÍ,NO,NO,SÍ,SÍ,NO,SÍ,NO,SÍ,SÍ,SÍ,SÍ,SÍ,SÍ,NO,SÍ,SÍ,SÍ,SÍ,SÍ,SÍ,NO,NO,SÍ,,
2026-06-04 13:31:33,04/06/2026,Sucursal Sololá Centro,Sololá,Distrito Occidente,SÍ,SÍ,SÍ,NO,SÍ,SÍ,NO,SÍ,SÍ,NO,NO,SÍ,SÍ,SÍ,SÍ,SÍ,SÍ,SÍ,NO,SÍ,SÍ,NO,NO,SÍ,SÍ,SÍ,SÍ,SÍ,SÍ,SÍ,SÍ,NO,NO,SÍ,SÍ,SÍ,SÍ,SÍ,SÍ,SÍ,,
2026-06-25 10:52:09,25/06/2026,Sucursal Express Toto,Totonicapán,Distrito Occidente,SÍ,SÍ,SÍ,NO,SÍ,SÍ,SÍ,NO,SÍ,SÍ,SÍ,NO,NO,NO,NO,SÍ,SÍ,NO,SÍ,SÍ,SÍ,SÍ,SÍ,NO,SÍ,NO,NO,SÍ,SÍ,SÍ,NO,SÍ,SÍ,NO,NO,NO,NO,SÍ,SÍ,NO,"Se notaron deficiencias considerables, especialmente en Cobro. El personal necesita capacitación.",
2026-06-24 18:31:23,24/06/2026,Sucursal Totonicapán Plaza,Totonicapán,Distrito Occidente,NO,SÍ,SÍ,SÍ,NO,SÍ,SÍ,SÍ,SÍ,NO,SÍ,SÍ,SÍ,SÍ,NO,NO,SÍ,SÍ,NO,SÍ,NO,SÍ,SÍ,SÍ,SÍ,SÍ,SÍ,SÍ,NO,SÍ,SÍ,NO,SÍ,NO,NO,NO,NO,SÍ,SÍ,SÍ,,
2026-06-04 08:57:26,04/06/2026,Sucursal Plaza Quic,Quiché,Distrito Occidente,SÍ,SÍ,SÍ,SÍ,SÍ,SÍ,SÍ,SÍ,SÍ,NO,NO,NO,SÍ,SÍ,SÍ,SÍ,SÍ,SÍ,NO,SÍ,SÍ,NO,SÍ,SÍ,NO,SÍ,SÍ,SÍ,SÍ,NO,SÍ,SÍ,NO,SÍ,SÍ,SÍ,NO,NO,SÍ,SÍ,,
2026-06-01 16:17:23,01/06/2026,Sucursal Quiché Plaza,Quiché,Distrito Occidente,SÍ,SÍ,SÍ,SÍ,SÍ,SÍ,SÍ,SÍ,SÍ,NO,NO,SÍ,SÍ,SÍ,SÍ,SÍ,SÍ,SÍ,NO,SÍ,SÍ,NO,SÍ,SÍ,SÍ,SÍ,SÍ,SÍ,SÍ,SÍ,SÍ,SÍ,SÍ,SÍ,SÍ,SÍ,SÍ,SÍ,SÍ,SÍ,Excelente servicio. La sucursal está operando en óptimas condiciones.,
2026-06-22 11:21:06,22/06/2026,Sucursal Oriente Baja,Baja Verapaz,Distrito Norte,SÍ,SÍ,SÍ,SÍ,SÍ,SÍ,SÍ,SÍ,SÍ,NO,NO,SÍ,SÍ,SÍ,SÍ,SÍ,SÍ,SÍ,NO,SÍ,SÍ,NO,SÍ,SÍ,SÍ,SÍ,SÍ,SÍ,SÍ,SÍ,SÍ,SÍ,SÍ,SÍ,SÍ,SÍ,SÍ,SÍ,SÍ,SÍ,Excelente servicio. La sucursal está operando en óptimas condiciones.,
